reviewId,hotelId,hotelName,source,submittedAt,checkInMonth,reviewer_name,reviewer_lifetimeReviews,reviewer_tier,reviewer_isAnonymous,reviewer_ipLocation,travelType,roomName,language,overallRating,ratingLabel,subRatings,reviewText,reviewTextTranslated,isMachineTranslated,recommends,usefulCount,imagesCount,hasVideo,ownerResponse_text,ownerResponse_date,markdownContent,hotelUrl
1987243638,344983,Galaxy Hotel,trip,2026-06-16T22:46:35,2026-06,,4,Rising review star,True,,Family,Deluxe City Twin,zh,5,Outstanding,Cleanliness: 5.0; Location: 5.0; Service: 5.0; Facilities: 5.0,一直就很想來澳門銀河酒店，可惜的是我們入住當天雷雨警報，沒辦法玩水。期待落空。但住在銀河真的很便利，裡面吃喝玩樂都有，持澳門航空登機證還可以換取很多折扣及贈品，要去威尼斯人，大笨鐘，巴黎人～都很方便，睡一晚隔天還可以去官也街。很近。最難忘的是銀河飯店的床真的很好睡，房間很漂亮，乾淨，服務超級好。真的是五星級服務，帶著小孩入住還免費贈送小孩滔滔拖鞋，滔滔帳篷及滔滔娃娃。我的小孩開心的說銀河最好玩～^_^哈哈。下次再去澳門一定還會再入住銀河。我個人最喜歡的是還可以選擇你要的枕頭，我這次選擇了薰衣草睡眠枕還送枕頭噴霧 。都免費的，真的是物超所值。,"I've always wanted to stay at the Galaxy Macau, but unfortunately, there was a thunderstorm warning on the day we checked in, so we couldn't enjoy the water activities. It was a bit disappointing. However, staying at Galaxy is incredibly convenient; there are plenty of dining, entertainment, and shopping options available. Plus, if you show your Air Macau boarding pass, you can get many discounts and free gifts. It's also super easy to get to the Venetian, Big Ben, and Parisian from here. After a good night's sleep, we could even pop over to Rua do Cunha the next day, which is very close by. What I'll remember most is how incredibly comfortable the beds are at the Galaxy hotel. The room was beautiful and clean, and the service was absolutely fantastic. Truly five-star service! Since we were traveling with kids, they even gave us complimentary 'Toto' slippers, a 'Toto' tent, and a 'Toto' doll for them. My kids were thrilled and said Galaxy was the most fun! ^_^ Haha. I will definitely stay at Galaxy again next time I visit Macau. What I personally loved most was being able to choose my own pillow. This time, I picked the lavender sleep pillow and even received a free pillow mist. All complimentary, truly excellent value for money.",True,True,0,13,False,尊敬的客人，感謝您對我們的正面評價。我們很高興聽到您在酒店有很棒的體驗。我們希望在不久的將來再次為您們服務。 此致銀河酒店。,2026-06-17T00:00:00,"# Galaxy Hotel review (Trip.com)

**Rating:** 5.0/5 ★★★★★
**Travel type:** Family

## Review
一直就很想來澳門銀河酒店，可惜的是我們入住當天雷雨警報，沒辦法玩水。期待落空。但住在銀河真的很便利，裡面吃喝玩樂都有，持澳門航空登機證還可以換取很多折扣及贈品，要去威尼斯人，大笨鐘，巴黎人～都很方便，睡一晚隔天還可以去官也街。很近。最難忘的是銀河飯店的床真的很好睡，房間很漂亮，乾淨，服務超級好。真的是五星級服務，帶著小孩入住還免費贈送小孩滔滔拖鞋，滔滔帳篷及滔滔娃娃。我的小孩開心的說銀河最好玩～^_^哈哈。下次再去澳門一定還會再入住銀河。我個人最喜歡的是還可以選擇你要的枕頭，我這次選擇了薰衣草睡眠枕還送枕頭噴霧 。都免費的，真的是物超所值。

## Translation
I've always wanted to stay at the Galaxy Macau, but unfortunately, there was a thunderstorm warning on the day we checked in, so we couldn't enjoy the water activities. It was a bit disappointing. However, staying at Galaxy is incredibly convenient; there are plenty of dining, entertainment, and shopping options available. Plus, if you show your Air Macau boarding pass, you can get many discounts and free gifts. It's also super easy to get to the Venetian, Big Ben, and Parisian from here. After a good night's sleep, we could even pop over to Rua do Cunha the next day, which is very close by. What I'll remember most is how incredibly comfortable the beds are at the Galaxy hotel. The room was beautiful and clean, and the service was absolutely fantastic. Truly five-star service! Since we were traveling with kids, they even gave us complimentary 'Toto' slippers, a 'Toto' tent, and a 'Toto' doll for them. My kids were thrilled and said Galaxy was the most fun! ^_^ Haha. I will definitely stay at Galaxy again next time I visit Macau. What I personally loved most was being able to choose my own pillow. This time, I picked the lavender sleep pillow and even received a free pillow mist. All complimentary, truly excellent value for money.

## Hotel response
尊敬的客人，感謝您對我們的正面評價。我們很高興聽到您在酒店有很棒的體驗。我們希望在不久的將來再次為您們服務。 此致銀河酒店。",https://www.trip.com/hotels/macau-hotel-detail-344983/galaxy-hotel/
1975391399,344983,Galaxy Hotel,trip,2026-06-07T02:27:00,2026-06,Songsongshiyizhikeaidedaxiabae,17,Review Specialist,False,,Family,Deluxe City King,zh,5,Outstanding,Cleanliness: 5.0; Location: 5.0; Service: 5.0; Facilities: 5.0,帶寶寶來澳門玩了6次，第一次入住銀河酒店。銀河酒店太難定了，這次終於定到了兩晚。體驗真的太太太太好了！寶寶住到不想退房。每天小孩可以去二樓童樂坊玩倆小時，還可以全天去天浪淘園玩無限次。水上樂園的造浪池太好玩了，水質很乾凈，還可以挖沙。漂流也很好玩！照相也好好看啊。服務員態度也很好，每天還開夜床，補充房間需要的東西。提前還給寶寶準備了帳篷，玩具，床圍欄。衞生也搞的很乾凈。在銀河吃飯也很方便，翠華等餐廳都很好吃。購物也很方便。都不用出酒店了。大堂的大鑽石表演也很好看，寶寶每天都要看好多遍。下次來還要住銀河酒店。十分推薦！,"This was our first time staying at Galaxy Macau, even though we've brought our baby to Macau 6 times. It's usually so hard to get a room here, so we were thrilled to finally book two nights. And the experience? Absolutely amazing! Our baby didn't want to check out. Every day, the kids could enjoy the Kids' Club on the second floor for two hours, and we had unlimited access to the Grand Resort Deck all day long. The wave pool at the water park was so much fun, and the water was really clean – plus, you could even dig in the sand! The lazy river was also a blast, and it made for some great photos. The staff were wonderful; they even did turn-down service every evening and replenished everything we needed in the room. They had thoughtfully prepared a tent, toys, and a bed rail for our baby in advance. The room was also spotlessly clean. Dining at Galaxy was very convenient, with places like Tsui Wah offering delicious food. Shopping was also super easy. We didn't even need to leave the hotel! The Diamond Show in the lobby was captivating; our baby wanted to watch it multiple times a day. We'll definitely be staying at Galaxy Macau again next time. Highly recommended!",True,True,1,12,False,尊敬的客人，感謝您對我們的正面評價。聽到您與寶寶在童樂坊和天浪淘園玩得盡興，並對我們的娛樂設施感到滿意，這讓我們深受鼓舞。我們也很高興您認可我們提前安排的貼心服務，您的推薦是對我們最大的肯定。我們會繼續努力，期待您下次到訪澳門時再次入住銀河酒店！此致銀河酒店,2026-06-07T00:00:00,"# Galaxy Hotel review (Trip.com)

**Rating:** 5.0/5 ★★★★★
**Travel type:** Family

## Review
帶寶寶來澳門玩了6次，第一次入住銀河酒店。銀河酒店太難定了，這次終於定到了兩晚。體驗真的太太太太好了！寶寶住到不想退房。每天小孩可以去二樓童樂坊玩倆小時，還可以全天去天浪淘園玩無限次。水上樂園的造浪池太好玩了，水質很乾凈，還可以挖沙。漂流也很好玩！照相也好好看啊。服務員態度也很好，每天還開夜床，補充房間需要的東西。提前還給寶寶準備了帳篷，玩具，床圍欄。衞生也搞的很乾凈。在銀河吃飯也很方便，翠華等餐廳都很好吃。購物也很方便。都不用出酒店了。大堂的大鑽石表演也很好看，寶寶每天都要看好多遍。下次來還要住銀河酒店。十分推薦！

## Translation
This was our first time staying at Galaxy Macau, even though we've brought our baby to Macau 6 times. It's usually so hard to get a room here, so we were thrilled to finally book two nights. And the experience? Absolutely amazing! Our baby didn't want to check out. Every day, the kids could enjoy the Kids' Club on the second floor for two hours, and we had unlimited access to the Grand Resort Deck all day long. The wave pool at the water park was so much fun, and the water was really clean – plus, you could even dig in the sand! The lazy river was also a blast, and it made for some great photos. The staff were wonderful; they even did turn-down service every evening and replenished everything we needed in the room. They had thoughtfully prepared a tent, toys, and a bed rail for our baby in advance. The room was also spotlessly clean. Dining at Galaxy was very convenient, with places like Tsui Wah offering delicious food. Shopping was also super easy. We didn't even need to leave the hotel! The Diamond Show in the lobby was captivating; our baby wanted to watch it multiple times a day. We'll definitely be staying at Galaxy Macau again next time. Highly recommended!

## Hotel response
尊敬的客人，感謝您對我們的正面評價。聽到您與寶寶在童樂坊和天浪淘園玩得盡興，並對我們的娛樂設施感到滿意，這讓我們深受鼓舞。我們也很高興您認可我們提前安排的貼心服務，您的推薦是對我們最大的肯定。我們會繼續努力，期待您下次到訪澳門時再次入住銀河酒店！此致銀河酒店",https://www.trip.com/hotels/macau-hotel-detail-344983/galaxy-hotel/
1981298481,344983,Galaxy Hotel,trip,2026-06-12T01:10:37,2026-06,Gaomingguangsheng,16,Review Specialist,False,,Business traveller,Deluxe City King,zh,5,Outstanding,Cleanliness: 5.0; Location: 5.0; Service: 5.0; Facilities: 5.0,房間配了茶具很好，環境服務都滿意,"The room came with a great tea set, and I was very happy with both the environment and the service.",True,True,1,3,False,尊敬的客人，感謝您對我們的正面評價。得知您對房間茶具的配置以及整體環境和服務都感到滿意，我們倍感欣慰。您的認可是我們不斷提升的動力。我們會繼續努力，期待您下次到訪澳門時再次入住銀河酒店！此致銀河酒店,2026-06-12T00:00:00,"# Galaxy Hotel review (Trip.com)

**Rating:** 5.0/5 ★★★★★
**Travel type:** Business traveller

## Review
房間配了茶具很好，環境服務都滿意

## Translation
The room came with a great tea set, and I was very happy with both the environment and the service.

## Hotel response
尊敬的客人，感謝您對我們的正面評價。得知您對房間茶具的配置以及整體環境和服務都感到滿意，我們倍感欣慰。您的認可是我們不斷提升的動力。我們會繼續努力，期待您下次到訪澳門時再次入住銀河酒店！此致銀河酒店",https://www.trip.com/hotels/macau-hotel-detail-344983/galaxy-hotel/
1979357898,344983,Galaxy Hotel,trip,2026-06-10T10:14:43,2026-06,,2,Rising review star,True,,Travelling with friends,Deluxe City King,th,5,Outstanding,Cleanliness: 5.0; Location: 5.0; Service: 5.0; Facilities: 5.0,"ดีมาก ดีทุกอย่าง ประทับใจ จะกลับไปอีก ใส่ใจทุกอย่าง
ดูแลดีมาก","Excellent! Everything was great, I'm very impressed and will definitely return. They paid attention to every detail and took great care of us.",True,True,1,1,False,"Dear Valued Guest,Thank you for your positive feedback. We are delighted to hear that you had a wonderful experience at our hotel and that you satisfied with our facilities. Your comments are truly our motivation!We look forward to the pleasure of serving you again in the near future.Yours sincerely,Galaxy Hotel",2026-06-10T00:00:00,"# Galaxy Hotel review (Trip.com)

**Rating:** 5.0/5 ★★★★★
**Travel type:** Travelling with friends

## Review
ดีมาก ดีทุกอย่าง ประทับใจ จะกลับไปอีก ใส่ใจทุกอย่าง
ดูแลดีมาก

## Translation
Excellent! Everything was great, I'm very impressed and will definitely return. They paid attention to every detail and took great care of us.

## Hotel response
Dear Valued Guest,Thank you for your positive feedback. We are delighted to hear that you had a wonderful experience at our hotel and that you satisfied with our facilities. Your comments are truly our motivation!We look forward to the pleasure of serving you again in the near future.Yours sincerely,Galaxy Hotel",https://www.trip.com/hotels/macau-hotel-detail-344983/galaxy-hotel/
1988629337,344983,Galaxy Hotel,trip,2026-06-18T07:41:54,2026-06,Ricky into the clouds,13,Review Specialist,False,,Family,Deluxe City King,zh,5,Outstanding,Cleanliness: 5.0; Location: 5.0; Service: 5.0; Facilities: 5.0,超棒的酒店體驗，交通方便，周邊吃的也很多，酒店的天樂淘園太好玩了，小朋友根本玩不夠，服務態度超好，酒店也保養的很好很乾凈，還有下一次！,"Fantastic hotel experience! It's conveniently located with plenty of food options nearby. The hotel's Tianletaoyuan (kids' club/play area) was a huge hit; my kids absolutely loved it and couldn't get enough. The service was excellent, and the hotel itself is very well-maintained and clean. We'll definitely be back!",True,True,0,2,False,尊敬的客人，非常感謝您對我們的正面評價。得知您對交通便利、周邊美食豐富以及天浪淘園的歡樂氛圍都感到滿意，我們倍感欣慰。尤其是小朋友在天樂淘園玩得盡興，這是我們最希望看到的畫面。我們會繼續努，期待您下次到訪澳門時再次選擇銀河酒店！此致 銀河酒店,2026-06-18T00:00:00,"# Galaxy Hotel review (Trip.com)

**Rating:** 5.0/5 ★★★★★
**Travel type:** Family

## Review
超棒的酒店體驗，交通方便，周邊吃的也很多，酒店的天樂淘園太好玩了，小朋友根本玩不夠，服務態度超好，酒店也保養的很好很乾凈，還有下一次！

## Translation
Fantastic hotel experience! It's conveniently located with plenty of food options nearby. The hotel's Tianletaoyuan (kids' club/play area) was a huge hit; my kids absolutely loved it and couldn't get enough. The service was excellent, and the hotel itself is very well-maintained and clean. We'll definitely be back!

## Hotel response
尊敬的客人，非常感謝您對我們的正面評價。得知您對交通便利、周邊美食豐富以及天浪淘園的歡樂氛圍都感到滿意，我們倍感欣慰。尤其是小朋友在天樂淘園玩得盡興，這是我們最希望看到的畫面。我們會繼續努，期待您下次到訪澳門時再次選擇銀河酒店！此致 銀河酒店",https://www.trip.com/hotels/macau-hotel-detail-344983/galaxy-hotel/
1941359475,344983,Galaxy Hotel,trip,2026-05-08T20:26:09,2026-05,,3,Rising review star,True,,Family,Deluxe City King,zh,5,Outstanding,Cleanliness: 5.0; Location: 5.0; Service: 5.0; Facilities: 5.0,錯峯出行還是選擇了澳門銀河，辦理入住的Ella姐姐人超級好！根據我的實際情況辦理入住要求都可喲儘量滿足並有耐心的解答問題！還送了寶寶畫冊準備了帳篷，為銀河打call，遛娃天花板！,"Traveling during the off-peak season, I still chose Galaxy Macau. Sister Ella, who handled my check-in, was super nice! She really tried her best to accommodate my check-in requests based on my actual situation and patiently answered all my questions! She even gave my child a drawing book and prepared a tent. Big shout-out to Galaxy Macau, it's the ultimate place for kids!",True,True,1,4,False,尊敬的客人，感謝您選擇入住澳門銀河酒店 ，很高興聽到您與小朋友入住愉快並享受在童樂坊的玩耍時光。我們致力保持提供予不同年齡層的客人用品和提供的服務設施達到五星級超凡的水準，希望在不久的將來能夠再次為您服務。 此致 銀河酒店,2026-05-08T00:00:00,"# Galaxy Hotel review (Trip.com)

**Rating:** 5.0/5 ★★★★★
**Travel type:** Family

## Review
錯峯出行還是選擇了澳門銀河，辦理入住的Ella姐姐人超級好！根據我的實際情況辦理入住要求都可喲儘量滿足並有耐心的解答問題！還送了寶寶畫冊準備了帳篷，為銀河打call，遛娃天花板！

## Translation
Traveling during the off-peak season, I still chose Galaxy Macau. Sister Ella, who handled my check-in, was super nice! She really tried her best to accommodate my check-in requests based on my actual situation and patiently answered all my questions! She even gave my child a drawing book and prepared a tent. Big shout-out to Galaxy Macau, it's the ultimate place for kids!

## Hotel response
尊敬的客人，感謝您選擇入住澳門銀河酒店 ，很高興聽到您與小朋友入住愉快並享受在童樂坊的玩耍時光。我們致力保持提供予不同年齡層的客人用品和提供的服務設施達到五星級超凡的水準，希望在不久的將來能夠再次為您服務。 此致 銀河酒店",https://www.trip.com/hotels/macau-hotel-detail-344983/galaxy-hotel/
1944272917,344983,Galaxy Hotel,trip,2026-05-11T15:38:23,2026-05,,5,Review Specialist,True,,Couple,Deluxe City King,zh,5,Outstanding,Cleanliness: 5.0; Location: 5.0; Service: 5.0; Facilities: 5.0,一個非常適合度假的酒店，什麼都不做躺在那裡也好舒服！服務人員都非常有禮貌，晚上出去吃個自助餐回來，也幫我收拾了一次房間，還細心地給我的眼睛提供了眼鏡布，服務超棒！！下次還來！,"This hotel is perfect for a vacation, so comfortable even just lounging around and doing nothing! The staff were all incredibly polite. After I went out for the buffet dinner, they even tidied up my room again and thoughtfully provided a lens cloth for my glasses. The service was superb! I'll definitely be back!",True,True,0,3,False,尊敬的客人: 感謝您選擇入住澳門銀河酒店。我們致力保持提供予不同年齡層的客人用品和提供的服務設施達到五星級超凡的水準，希望在不久的將來能夠再次為您服務。 此致 銀河酒店,2026-05-11T00:00:00,"# Galaxy Hotel review (Trip.com)

**Rating:** 5.0/5 ★★★★★
**Travel type:** Couple

## Review
一個非常適合度假的酒店，什麼都不做躺在那裡也好舒服！服務人員都非常有禮貌，晚上出去吃個自助餐回來，也幫我收拾了一次房間，還細心地給我的眼睛提供了眼鏡布，服務超棒！！下次還來！

## Translation
This hotel is perfect for a vacation, so comfortable even just lounging around and doing nothing! The staff were all incredibly polite. After I went out for the buffet dinner, they even tidied up my room again and thoughtfully provided a lens cloth for my glasses. The service was superb! I'll definitely be back!

## Hotel response
尊敬的客人: 感謝您選擇入住澳門銀河酒店。我們致力保持提供予不同年齡層的客人用品和提供的服務設施達到五星級超凡的水準，希望在不久的將來能夠再次為您服務。 此致 銀河酒店",https://www.trip.com/hotels/macau-hotel-detail-344983/galaxy-hotel/
1944118297,344983,Galaxy Hotel,trip,2026-05-11T12:55:39,2026-05,,11,Review Specialist,True,,Family,Deluxe City King,zh,5,Outstanding,Cleanliness: 5.0; Location: 5.0; Service: 5.0; Facilities: 5.0,銀河一直被推薦終於五一定到兩晚，想給超五星好評啊！入住就有人在大堂迎接，服務到位舒服，也按要求給了房間，也有帳篷和伴手禮，小朋友非常的開心！房間很大而且一塵不染，第一次見到酒店的玻璃沒有一絲水漬，桌面和窗台沒有一絲灰塵。第二天回房間，發現打掃的阿姨會把你所有的東西整理的整整齊齊，電線還用帶子綁好，絕了。另外天浪淘園和童樂坊也很好玩服務也很好，碰到工作人員都很熱情，下次來還住銀河！,"Galaxy has always been highly recommended, and I finally managed to book two nights for the May Day holiday – I want to give it a super five-star review! From the moment we checked in, there were staff welcoming us in the lobby, and the service was excellent and comfortable. They even gave us the room we requested, complete with a tent and welcome gifts, which made the kids incredibly happy! The room was very spacious and spotless. It's the first time I've seen a hotel with not a single water stain on the glass, and no dust on the tabletops or windowsills. When we returned to our room on the second day, we found that the cleaning staff had neatly organized all our belongings, even tying up the wires – absolutely amazing! Plus, the Grand Resort Deck and the Kids' Club were also a lot of fun, and the service was great. All the staff we encountered were very enthusiastic. I'll definitely stay at Galaxy again next time!",True,True,1,9,False,尊敬的客人: 感謝您選擇入住澳門銀河酒店 ，很高興聽到您與小朋友入住愉快並享受在天浪淘園和童樂坊的玩耍時光。我們致力保持提供予不同年齡層的客人用品和提供的服務設施達到五星級超凡的水準，希望在不久的將來能夠再次為您服務。 此致 銀河酒店,2026-05-11T00:00:00,"# Galaxy Hotel review (Trip.com)

**Rating:** 5.0/5 ★★★★★
**Travel type:** Family

## Review
銀河一直被推薦終於五一定到兩晚，想給超五星好評啊！入住就有人在大堂迎接，服務到位舒服，也按要求給了房間，也有帳篷和伴手禮，小朋友非常的開心！房間很大而且一塵不染，第一次見到酒店的玻璃沒有一絲水漬，桌面和窗台沒有一絲灰塵。第二天回房間，發現打掃的阿姨會把你所有的東西整理的整整齊齊，電線還用帶子綁好，絕了。另外天浪淘園和童樂坊也很好玩服務也很好，碰到工作人員都很熱情，下次來還住銀河！

## Translation
Galaxy has always been highly recommended, and I finally managed to book two nights for the May Day holiday – I want to give it a super five-star review! From the moment we checked in, there were staff welcoming us in the lobby, and the service was excellent and comfortable. They even gave us the room we requested, complete with a tent and welcome gifts, which made the kids incredibly happy! The room was very spacious and spotless. It's the first time I've seen a hotel with not a single water stain on the glass, and no dust on the tabletops or windowsills. When we returned to our room on the second day, we found that the cleaning staff had neatly organized all our belongings, even tying up the wires – absolutely amazing! Plus, the Grand Resort Deck and the Kids' Club were also a lot of fun, and the service was great. All the staff we encountered were very enthusiastic. I'll definitely stay at Galaxy again next time!

## Hotel response
尊敬的客人: 感謝您選擇入住澳門銀河酒店 ，很高興聽到您與小朋友入住愉快並享受在天浪淘園和童樂坊的玩耍時光。我們致力保持提供予不同年齡層的客人用品和提供的服務設施達到五星級超凡的水準，希望在不久的將來能夠再次為您服務。 此致 銀河酒店",https://www.trip.com/hotels/macau-hotel-detail-344983/galaxy-hotel/
1936434015,344983,Galaxy Hotel,trip,2026-05-05T16:32:27,2026-04,,24,Review Specialist,True,,Family,Deluxe City Twin,zh,5,Outstanding,Cleanliness: 5.0; Location: 5.0; Service: 5.0; Facilities: 5.0,"奧門銀河酒店
2大2小天浪淘園門票:
酒店是帶寶寶省心的地方，吃喝玩樂一條龍全搞定，活動豐富多彩，住的省心玩的開心，是去奧門的最佳選擇。","Galaxy Macau Hotel

2 adults and 2 children, Grand Resort Deck tickets:

This hotel is a hassle-free place when traveling with kids. Everything from dining to entertainment is taken care of in one spot. The activities are diverse and plentiful, ensuring a worry-free stay and a joyful experience. It's truly the best choice for a trip to Macau.",True,True,1,3,False,尊敬的客人，感謝您對我們的正面評價。我們很高興聽到您在酒店有很棒的體驗。我們希望在不久的將來再次為您們服務。 此致銀河酒店,2026-05-05T00:00:00,"# Galaxy Hotel review (Trip.com)

**Rating:** 5.0/5 ★★★★★
**Travel type:** Family

## Review
奧門銀河酒店
2大2小天浪淘園門票:
酒店是帶寶寶省心的地方，吃喝玩樂一條龍全搞定，活動豐富多彩，住的省心玩的開心，是去奧門的最佳選擇。

## Translation
Galaxy Macau Hotel

2 adults and 2 children, Grand Resort Deck tickets:

This hotel is a hassle-free place when traveling with kids. Everything from dining to entertainment is taken care of in one spot. The activities are diverse and plentiful, ensuring a worry-free stay and a joyful experience. It's truly the best choice for a trip to Macau.

## Hotel response
尊敬的客人，感謝您對我們的正面評價。我們很高興聽到您在酒店有很棒的體驗。我們希望在不久的將來再次為您們服務。 此致銀河酒店",https://www.trip.com/hotels/macau-hotel-detail-344983/galaxy-hotel/
1942451739,344983,Galaxy Hotel,trip,2026-05-09T20:35:40,2026-04,,5,Review Specialist,True,,Family,Deluxe City King,zh,5,Outstanding,Cleanliness: 5.0; Location: 5.0; Service: 5.0; Facilities: 5.0,"澳門銀河酒店簡直是親子酒店天花板了。屬於全家人都一致特別滿意的酒店  

設施：跟工作人員説有帶了孩子之後工作人員佈置給安裝了帳篷床還送了很多很多小東西給小朋友不衹有親子的洗漱用品，還有娃娃拖鞋等等各種的東西，包括提出説要裝一個床位也很快的就幫忙裝好了，這裏感謝當時第一天接待的工作人員小哥
衞生：衞生方面也非常非常的滿意，客房服務人員感覺一天不止一掃，感覺一天都會打掃三次，不止是仔細地幫我們把物品擺好吧，垃圾清理更重要的是還對小朋友非常友好，還送了一些點心巧克力  
環境：免費的天浪桃源讓大人和小孩都感受到無限樂趣，即使是呆在酒店，一天也不會覺得無聊 另外就是酒店底下就是
服務：服務更是五星好評","Galaxy Macau Hotel is simply the best family-friendly hotel! My whole family was extremely satisfied with our stay.

**Facilities:** After telling the staff we had a child, they set up a tent bed and provided so many little extras for the kids, not just child-friendly toiletries, but also doll slippers and various other items. We also requested an extra bed, and they promptly set it up. A big thank you to the staff member who checked us in on the first day!

**Hygiene:** We were also very, very satisfied with the cleanliness. It felt like the housekeeping staff cleaned more than once a day, perhaps three times. Not only did they meticulously arrange our belongings and clear the trash, but they were also incredibly friendly to the children, even leaving them some snacks and chocolates.

**Environment:** The complimentary Grand Resort Deck offers endless fun for both adults and children. Even staying at the hotel all day, you won't get bored. Plus, the hotel is located directly above [missing information, perhaps a mall or attraction].

**Service:** The service definitely deserves five stars!",True,True,0,2,False,尊敬的客人:感謝您選擇入住澳門銀河酒店 ，很高興聽到您與小朋友入住愉快並享受在天浪淘園的玩耍時光。我們致力保持提供予不同年齡層的客人用品和提供的服務設施達到五星級超凡的水準，希望在不久的將來能夠再次為您服務。 此致 銀河酒店,2026-05-09T00:00:00,"# Galaxy Hotel review (Trip.com)

**Rating:** 5.0/5 ★★★★★
**Travel type:** Family

## Review
澳門銀河酒店簡直是親子酒店天花板了。屬於全家人都一致特別滿意的酒店  

設施：跟工作人員説有帶了孩子之後工作人員佈置給安裝了帳篷床還送了很多很多小東西給小朋友不衹有親子的洗漱用品，還有娃娃拖鞋等等各種的東西，包括提出説要裝一個床位也很快的就幫忙裝好了，這裏感謝當時第一天接待的工作人員小哥
衞生：衞生方面也非常非常的滿意，客房服務人員感覺一天不止一掃，感覺一天都會打掃三次，不止是仔細地幫我們把物品擺好吧，垃圾清理更重要的是還對小朋友非常友好，還送了一些點心巧克力  
環境：免費的天浪桃源讓大人和小孩都感受到無限樂趣，即使是呆在酒店，一天也不會覺得無聊 另外就是酒店底下就是
服務：服務更是五星好評

## Translation
Galaxy Macau Hotel is simply the best family-friendly hotel! My whole family was extremely satisfied with our stay.

**Facilities:** After telling the staff we had a child, they set up a tent bed and provided so many little extras for the kids, not just child-friendly toiletries, but also doll slippers and various other items. We also requested an extra bed, and they promptly set it up. A big thank you to the staff member who checked us in on the first day!

**Hygiene:** We were also very, very satisfied with the cleanliness. It felt like the housekeeping staff cleaned more than once a day, perhaps three times. Not only did they meticulously arrange our belongings and clear the trash, but they were also incredibly friendly to the children, even leaving them some snacks and chocolates.

**Environment:** The complimentary Grand Resort Deck offers endless fun for both adults and children. Even staying at the hotel all day, you won't get bored. Plus, the hotel is located directly above [missing information, perhaps a mall or attraction].

**Service:** The service definitely deserves five stars!

## Hotel response
尊敬的客人:感謝您選擇入住澳門銀河酒店 ，很高興聽到您與小朋友入住愉快並享受在天浪淘園的玩耍時光。我們致力保持提供予不同年齡層的客人用品和提供的服務設施達到五星級超凡的水準，希望在不久的將來能夠再次為您服務。 此致 銀河酒店",https://www.trip.com/hotels/macau-hotel-detail-344983/galaxy-hotel/
1924979225,344983,Galaxy Hotel,trip,2026-04-26T19:33:19,2026-04,,4,Rising review star,True,,Family,Deluxe City Twin,zh,5,Outstanding,Cleanliness: 5.0; Location: 5.0; Service: 5.0; Facilities: 5.0,非常滿意此次銀河酒店之旅 我和家人一行四人長者小孩都得到了非常好的待遇 提前寫了郵件給我們兩個房間安排在了同樓層相鄰 提供了嬰兒圍欄 小童洗漱用品 小帳篷等 十分貼心 孩子玩的非常開心 酒店的環境設施都很好 天浪淘園小童樂園都非常親子好玩 服務人員態度都很好 接待時送了畫冊給孩子 下次還會再來銀河,"Extremely satisfied with our stay at the Galaxy Hotel. My family of four, including seniors and a child, received excellent treatment. I had emailed in advance, and they arranged our two rooms on the same floor, next to each other. They also provided a baby playpen, children's toiletries, and a small tent, which was incredibly thoughtful. The kids had a fantastic time. The hotel's environment and facilities are great, and the Grand Resort Deck and Kids' Club are very family-friendly and fun. The staff were all very polite and even gave the children coloring books during check-in. We will definitely be back to Galaxy!",True,True,1,4,False,尊敬的客人:感謝您選擇入住澳門銀河酒店 ，很高興聽到您與小朋友入住愉快並享受在天浪淘園和童樂坊的玩耍時光。我們致力保持提供予不同年齡層的客人用品和提供的服務設施達到五星級超凡的水準，希望在不久的將來能夠再次為您服務。 此致 銀河酒店,2026-04-26T00:00:00,"# Galaxy Hotel review (Trip.com)

**Rating:** 5.0/5 ★★★★★
**Travel type:** Family

## Review
非常滿意此次銀河酒店之旅 我和家人一行四人長者小孩都得到了非常好的待遇 提前寫了郵件給我們兩個房間安排在了同樓層相鄰 提供了嬰兒圍欄 小童洗漱用品 小帳篷等 十分貼心 孩子玩的非常開心 酒店的環境設施都很好 天浪淘園小童樂園都非常親子好玩 服務人員態度都很好 接待時送了畫冊給孩子 下次還會再來銀河

## Translation
Extremely satisfied with our stay at the Galaxy Hotel. My family of four, including seniors and a child, received excellent treatment. I had emailed in advance, and they arranged our two rooms on the same floor, next to each other. They also provided a baby playpen, children's toiletries, and a small tent, which was incredibly thoughtful. The kids had a fantastic time. The hotel's environment and facilities are great, and the Grand Resort Deck and Kids' Club are very family-friendly and fun. The staff were all very polite and even gave the children coloring books during check-in. We will definitely be back to Galaxy!

## Hotel response
尊敬的客人:感謝您選擇入住澳門銀河酒店 ，很高興聽到您與小朋友入住愉快並享受在天浪淘園和童樂坊的玩耍時光。我們致力保持提供予不同年齡層的客人用品和提供的服務設施達到五星級超凡的水準，希望在不久的將來能夠再次為您服務。 此致 銀河酒店",https://www.trip.com/hotels/macau-hotel-detail-344983/galaxy-hotel/
1914015774,344983,Galaxy Hotel,trip,2026-04-17T18:23:01,2026-04,,23,Review Specialist,True,,Solo traveller,Deluxe City King,zh,5,Outstanding,Cleanliness: 5.0; Location: 5.0; Service: 5.0; Facilities: 5.0,"入住時想住回像上次一樣看到浪池的房間，前台經理和服務人員們花了一點時間給我安排到了。 想遲點退房，酒店也答應了。 這裏沒有點經理和服務人員的名字以為他們每個服務態度都非常好。 
所以説一家好酒店不必送什麼早餐，禮物，禮卷等第。有時酒店送，客人根本用不上。酒店給客人最好的禮物就是盡心儘可能，去滿足客人的要求。 如果你常去旅遊，酒店人員有沒有盡心，你會看的出來。
銀河就是一家盡心盡力的好酒店。 會再入住。","When checking in, I wanted the same wave pool view room I had last time, and the front desk manager and staff took some time to arrange it for me. The hotel also agreed to my late check-out request. I'm not naming specific managers or staff because every single one of them provided excellent service.

This goes to show that a good hotel doesn't need to offer free breakfast, gifts, or vouchers. Sometimes, guests don't even use what's offered. The best gift a hotel can give its guests is to genuinely try their best to meet their requests. If you travel frequently, you'll be able to tell if hotel staff are truly dedicated.

Galaxy is a great hotel that goes above and beyond. I will definitely stay here again.",True,True,0,4,False,尊敬的客人，感謝您對我們的正面評價。我們很高興聽到您在酒店有很棒的體驗並對我們的服務留下深刻的印象。我們希望在不久的將來再次為您們服務。 此致銀河酒店。,2026-04-18T00:00:00,"# Galaxy Hotel review (Trip.com)

**Rating:** 5.0/5 ★★★★★
**Travel type:** Solo traveller

## Review
入住時想住回像上次一樣看到浪池的房間，前台經理和服務人員們花了一點時間給我安排到了。 想遲點退房，酒店也答應了。 這裏沒有點經理和服務人員的名字以為他們每個服務態度都非常好。 
所以説一家好酒店不必送什麼早餐，禮物，禮卷等第。有時酒店送，客人根本用不上。酒店給客人最好的禮物就是盡心儘可能，去滿足客人的要求。 如果你常去旅遊，酒店人員有沒有盡心，你會看的出來。
銀河就是一家盡心盡力的好酒店。 會再入住。

## Translation
When checking in, I wanted the same wave pool view room I had last time, and the front desk manager and staff took some time to arrange it for me. The hotel also agreed to my late check-out request. I'm not naming specific managers or staff because every single one of them provided excellent service.

This goes to show that a good hotel doesn't need to offer free breakfast, gifts, or vouchers. Sometimes, guests don't even use what's offered. The best gift a hotel can give its guests is to genuinely try their best to meet their requests. If you travel frequently, you'll be able to tell if hotel staff are truly dedicated.

Galaxy is a great hotel that goes above and beyond. I will definitely stay here again.

## Hotel response
尊敬的客人，感謝您對我們的正面評價。我們很高興聽到您在酒店有很棒的體驗並對我們的服務留下深刻的印象。我們希望在不久的將來再次為您們服務。 此致銀河酒店。",https://www.trip.com/hotels/macau-hotel-detail-344983/galaxy-hotel/
1906151533,344983,Galaxy Hotel,trip,2026-04-10T22:14:51,2026-04,,30,Review Expert,True,,Booked for others,Deluxe City King,zh,5,Outstanding,Cleanliness: 5.0; Location: 5.0; Service: 5.0; Facilities: 5.0,給老闆朋友預訂的，地理位置優越，服務態度非常到位，符合他們要求，吃喝玩樂一應俱全，朋友們都説好，下次還會再預訂,"I booked this for my boss's friends. The location is excellent, and the service was impeccable, perfectly meeting their needs. Everything they could want for dining, entertainment, and activities was right there. My friends all raved about it and said they'd definitely book again next time.",True,True,0,4,False,尊貴的客人，  非常感謝您選擇銀河酒店並分享您的入住體驗！很高興得知您對酒店的地理位置、服務態度以及豐富的餐飲娛樂設施都感到滿意，並且您的朋友們也給予了高度評價。我們會繼續努力，提供更貼心、更完善的服務，期待您下次再次預訂，享受更加愉快的住宿體驗。此致 銀河酒店,2026-04-11T00:00:00,"# Galaxy Hotel review (Trip.com)

**Rating:** 5.0/5 ★★★★★
**Travel type:** Booked for others

## Review
給老闆朋友預訂的，地理位置優越，服務態度非常到位，符合他們要求，吃喝玩樂一應俱全，朋友們都説好，下次還會再預訂

## Translation
I booked this for my boss's friends. The location is excellent, and the service was impeccable, perfectly meeting their needs. Everything they could want for dining, entertainment, and activities was right there. My friends all raved about it and said they'd definitely book again next time.

## Hotel response
尊貴的客人，  非常感謝您選擇銀河酒店並分享您的入住體驗！很高興得知您對酒店的地理位置、服務態度以及豐富的餐飲娛樂設施都感到滿意，並且您的朋友們也給予了高度評價。我們會繼續努力，提供更貼心、更完善的服務，期待您下次再次預訂，享受更加愉快的住宿體驗。此致 銀河酒店",https://www.trip.com/hotels/macau-hotel-detail-344983/galaxy-hotel/
1976048379,344983,Galaxy Hotel,trip,2026-06-07T17:33:53,2026-04,Daiwangpaolaipaoqu,5,Review Specialist,False,,Family,Deluxe City King,zh,5,Outstanding,Cleanliness: 5.0; Location: 5.0; Service: 5.0; Facilities: 5.0,在銀河的「童」樂坊，我們可以免費使用這個「童」樂坊。每間房最多容納兩位成人和兩位小童，玩水及各種娛樂設施超級推薦！下次還會再來玩，就是訂房有點難,"At the Galaxy Kid's Club, we get free access to all the fun! Each room accommodates up to two adults and two children, and I highly recommend the water park and other entertainment facilities! We'll definitely be back, though booking a room can be a bit tricky.",True,True,0,3,False,尊敬的客人，感謝您對我們的正面評價。很高興得知您和家人享受了我們的各種娛樂設施並且體驗滿意，得到您的認可我們感到非常的欣慰。我們會繼續努力，期待您下次到訪澳門時再次入住銀河酒店！此致銀河酒店,2026-06-07T00:00:00,"# Galaxy Hotel review (Trip.com)

**Rating:** 5.0/5 ★★★★★
**Travel type:** Family

## Review
在銀河的「童」樂坊，我們可以免費使用這個「童」樂坊。每間房最多容納兩位成人和兩位小童，玩水及各種娛樂設施超級推薦！下次還會再來玩，就是訂房有點難

## Translation
At the Galaxy Kid's Club, we get free access to all the fun! Each room accommodates up to two adults and two children, and I highly recommend the water park and other entertainment facilities! We'll definitely be back, though booking a room can be a bit tricky.

## Hotel response
尊敬的客人，感謝您對我們的正面評價。很高興得知您和家人享受了我們的各種娛樂設施並且體驗滿意，得到您的認可我們感到非常的欣慰。我們會繼續努力，期待您下次到訪澳門時再次入住銀河酒店！此致銀河酒店",https://www.trip.com/hotels/macau-hotel-detail-344983/galaxy-hotel/
1908369459,344983,Galaxy Hotel,trip,2026-04-12T23:28:04,2026-04,,2,Rising review star,True,,Family,Deluxe City King,zh,5,Outstanding,Cleanliness: 5.0; Location: 5.0; Service: 5.0; Facilities: 5.0,"這次住房體驗很好，Teresa服務很好，笑容甜美，她給我們介紹了房間的配套，特別是可以挑選自己喜歡的枕頭，終於可以美美地睡上一覺，不會第二天起來肩頸疼。寄存行李時也剛好遇到Teresa，真的是太有緣了。
「童」在銀河的「童」樂坊和沖浪小孩特別喜歡，説下次再繼續住這裏","Our stay was wonderful, and Teresa provided excellent service with a sweet smile. She gave us a detailed introduction to the room's amenities, especially the pillow menu, which allowed us to choose our preferred pillows and finally get a great night's sleep without waking up with neck and shoulder pain. We even ran into Teresa again when checking our luggage, which felt like fate!

The kids absolutely loved the 'Kids' Club' at Galaxy and the surf activities. They said they definitely want to stay here again next time!",True,True,0,4,False,尊貴的客人，  非常感謝您選擇銀河酒店並分享您的入住體驗！很高興得知您在銀河酒店度過了愉快的時光，Teresa的甜美笑容和細緻服務讓您倍感温馨，特別是枕頭菜單的介紹幫助您找到合適的枕頭，享受了舒適的睡眠。能在寄存行李時再次遇見她，確實是非常有緣的時刻。我們也很高興聽到小朋友們在童樂坊和沖浪活動中玩得開心。您的肯定是我們團隊最大的動力，我們期待再次歡迎您和家人回到銀河酒店，創造更多美好的回憶。此致 銀河酒店,2026-04-13T00:00:00,"# Galaxy Hotel review (Trip.com)

**Rating:** 5.0/5 ★★★★★
**Travel type:** Family

## Review
這次住房體驗很好，Teresa服務很好，笑容甜美，她給我們介紹了房間的配套，特別是可以挑選自己喜歡的枕頭，終於可以美美地睡上一覺，不會第二天起來肩頸疼。寄存行李時也剛好遇到Teresa，真的是太有緣了。
「童」在銀河的「童」樂坊和沖浪小孩特別喜歡，説下次再繼續住這裏

## Translation
Our stay was wonderful, and Teresa provided excellent service with a sweet smile. She gave us a detailed introduction to the room's amenities, especially the pillow menu, which allowed us to choose our preferred pillows and finally get a great night's sleep without waking up with neck and shoulder pain. We even ran into Teresa again when checking our luggage, which felt like fate!

The kids absolutely loved the 'Kids' Club' at Galaxy and the surf activities. They said they definitely want to stay here again next time!

## Hotel response
尊貴的客人，  非常感謝您選擇銀河酒店並分享您的入住體驗！很高興得知您在銀河酒店度過了愉快的時光，Teresa的甜美笑容和細緻服務讓您倍感温馨，特別是枕頭菜單的介紹幫助您找到合適的枕頭，享受了舒適的睡眠。能在寄存行李時再次遇見她，確實是非常有緣的時刻。我們也很高興聽到小朋友們在童樂坊和沖浪活動中玩得開心。您的肯定是我們團隊最大的動力，我們期待再次歡迎您和家人回到銀河酒店，創造更多美好的回憶。此致 銀河酒店",https://www.trip.com/hotels/macau-hotel-detail-344983/galaxy-hotel/
1897082519,344983,Galaxy Hotel,trip,2026-04-03T17:22:24,2026-03,,4,Rising review star,True,,Travelling with friends,Deluxe City King,zh,5,Outstanding,Cleanliness: 5.0; Location: 5.0; Service: 5.0; Facilities: 5.0,"衞生：乾淨整潔
環境：酒店位置好，去哪都方便
服務：服務態度好
免費使用「童」在銀河的「童」樂坊，每房限兩位成人及兩位小童","Hygiene: Clean and tidy
Environment: The hotel is well-located, convenient for getting around.
Service: Good service attitude.
Free access to the 'Tong Le Fang' (Children's Playroom) at 'Tong Zai Yin He' (Kids in the Galaxy), limited to two adults and two children per room.",True,True,0,3,True,尊敬的客人，感謝您選擇入住澳門銀河酒店，很高興聽到您與小朋友入住愉快並享受在童樂坊的玩耍時光。我們致力保持提供予不同年齡層的客人用品和提供的服務設施達到五星級超凡的水準，希望在不久的將來能夠再次為您服務。 此致 銀河酒店,2026-04-03T00:00:00,"# Galaxy Hotel review (Trip.com)

**Rating:** 5.0/5 ★★★★★
**Travel type:** Travelling with friends

## Review
衞生：乾淨整潔
環境：酒店位置好，去哪都方便
服務：服務態度好
免費使用「童」在銀河的「童」樂坊，每房限兩位成人及兩位小童

## Translation
Hygiene: Clean and tidy
Environment: The hotel is well-located, convenient for getting around.
Service: Good service attitude.
Free access to the 'Tong Le Fang' (Children's Playroom) at 'Tong Zai Yin He' (Kids in the Galaxy), limited to two adults and two children per room.

## Hotel response
尊敬的客人，感謝您選擇入住澳門銀河酒店，很高興聽到您與小朋友入住愉快並享受在童樂坊的玩耍時光。我們致力保持提供予不同年齡層的客人用品和提供的服務設施達到五星級超凡的水準，希望在不久的將來能夠再次為您服務。 此致 銀河酒店",https://www.trip.com/hotels/macau-hotel-detail-344983/galaxy-hotel/
1890903205,344983,Galaxy Hotel,trip,2026-03-29T14:23:10,2026-03,Yanzhaofeigeruhaichao,11,Review Specialist,False,,Family,Deluxe City Twin,zh,5,Outstanding,Cleanliness: 5.0; Location: 5.0; Service: 5.0; Facilities: 5.0,房間正對園景，景觀很好，安靜舒適。大堂鑽石秀很驚艷，有可愛的小姑娘帶我們去房間，主動幫我們拍照。早餐從七點到下午三點，半自助式，有西式早餐，也有粵式早點，還有川味擔擔麪，可以幫嗜辣人士解解饞。,"Our room faced the garden, offering a lovely view, and it was quiet and comfortable. The Diamond Show in the lobby was stunning, and a sweet young lady escorted us to our room and even offered to take our photos. Breakfast is served from 7 AM to 3 PM and is semi-buffet style. They have Western breakfast, Cantonese dim sum, and even Sichuan Dandan noodles, which is a great option for those who love spicy food.",True,True,1,3,False,尊敬的客人，非常感謝您抽出時間分享您的入住體驗。感謝您對我們前台服務的認可，也很高興看到您喜歡我們的早餐。得到您的肯定讓我們倍感欣慰。我們會繼續努力，期待您下次到訪澳門時再次選擇入住銀河酒店！此致 銀河酒店,2026-03-29T00:00:00,"# Galaxy Hotel review (Trip.com)

**Rating:** 5.0/5 ★★★★★
**Travel type:** Family

## Review
房間正對園景，景觀很好，安靜舒適。大堂鑽石秀很驚艷，有可愛的小姑娘帶我們去房間，主動幫我們拍照。早餐從七點到下午三點，半自助式，有西式早餐，也有粵式早點，還有川味擔擔麪，可以幫嗜辣人士解解饞。

## Translation
Our room faced the garden, offering a lovely view, and it was quiet and comfortable. The Diamond Show in the lobby was stunning, and a sweet young lady escorted us to our room and even offered to take our photos. Breakfast is served from 7 AM to 3 PM and is semi-buffet style. They have Western breakfast, Cantonese dim sum, and even Sichuan Dandan noodles, which is a great option for those who love spicy food.

## Hotel response
尊敬的客人，非常感謝您抽出時間分享您的入住體驗。感謝您對我們前台服務的認可，也很高興看到您喜歡我們的早餐。得到您的肯定讓我們倍感欣慰。我們會繼續努力，期待您下次到訪澳門時再次選擇入住銀河酒店！此致 銀河酒店",https://www.trip.com/hotels/macau-hotel-detail-344983/galaxy-hotel/
1879994017,344983,Galaxy Hotel,trip,2026-03-18T17:41:37,2026-03,,11,Review Specialist,True,,Business traveller,Deluxe City Twin,zh,5,Outstanding,Cleanliness: 5.0; Location: 5.0; Service: 5.0; Facilities: 5.0,房間的裝修風格比較久遠，離巴黎人、倫敦人等熱門酒店有點距離，不過，在可接受範圍，樓下的娛樂人還是很多的，,"The room decor is a bit dated, and it's a bit of a walk from popular hotels like The Parisian and The Londoner, but it's still an acceptable distance. There are plenty of people enjoying the entertainment downstairs.",True,True,0,4,False,尊敬的客人，非常感謝您抽出時間回饋您的入住體驗。我們很高興聽到您在酒店有很棒的體驗。我們希望在不久的將來再次為您們服務。 此致銀河酒店,2026-03-19T00:00:00,"# Galaxy Hotel review (Trip.com)

**Rating:** 5.0/5 ★★★★★
**Travel type:** Business traveller

## Review
房間的裝修風格比較久遠，離巴黎人、倫敦人等熱門酒店有點距離，不過，在可接受範圍，樓下的娛樂人還是很多的，

## Translation
The room decor is a bit dated, and it's a bit of a walk from popular hotels like The Parisian and The Londoner, but it's still an acceptable distance. There are plenty of people enjoying the entertainment downstairs.

## Hotel response
尊敬的客人，非常感謝您抽出時間回饋您的入住體驗。我們很高興聽到您在酒店有很棒的體驗。我們希望在不久的將來再次為您們服務。 此致銀河酒店",https://www.trip.com/hotels/macau-hotel-detail-344983/galaxy-hotel/
1874520826,344983,Galaxy Hotel,trip,2026-03-13T17:48:20,2026-03,MikaEmma,1,Rising review star,False,,Family,Deluxe City King,en,5,Outstanding,Cleanliness: 5.0; Location: 5.0; Service: 5.0; Facilities: 5.0,"Keya and Jim at the front desk were exceptional. We had a new born baby travelling with us and Keya was extremely well mannered by coordinating bell service and walked with us in to our beautifully baby-prepped room and showed us key amenities to enhance our stay -eg baby bottle warmer, kids towel, slippers, kids dental kit, shampoo/shower gel etc. The shopping arcade in the Galaxy Promenade was absolutely stunning, so clean and grand. Food selection was great and there is a huge Apple Store inside. Galaxy hotel also has a top tier hotel-guest only kids play area which is one of the best in the area. As a bonus, Galaxy hotel is located not too far from traditional old city streets with lots of top street food and historical building to take pictures （Rue de Cunha and surrounding areas). This is a great place to stay for all families. Our family felt so well taken care of and we will be back next time.",,False,True,1,5,False,"Dear Valued Guest, thank you very much for taking the time to share your experience with us. We are truly delighted to know that your stay at Galaxy was memorable and that our colleagues Keya and Jim were able to provide such thoughtful assistance during your visit with your newborn. Your kind words mean a lot to us, and we truly look forward to welcoming you back to Galaxy Hotel again in the future! Your Sincerely, Galaxy Hotel",2026-03-13T00:00:00,"# Galaxy Hotel review (Trip.com)

**Rating:** 5.0/5 ★★★★★
**Travel type:** Family

## Review
Keya and Jim at the front desk were exceptional. We had a new born baby travelling with us and Keya was extremely well mannered by coordinating bell service and walked with us in to our beautifully baby-prepped room and showed us key amenities to enhance our stay -eg baby bottle warmer, kids towel, slippers, kids dental kit, shampoo/shower gel etc. The shopping arcade in the Galaxy Promenade was absolutely stunning, so clean and grand. Food selection was great and there is a huge Apple Store inside. Galaxy hotel also has a top tier hotel-guest only kids play area which is one of the best in the area. As a bonus, Galaxy hotel is located not too far from traditional old city streets with lots of top street food and historical building to take pictures （Rue de Cunha and surrounding areas). This is a great place to stay for all families. Our family felt so well taken care of and we will be back next time.

## Hotel response
Dear Valued Guest, thank you very much for taking the time to share your experience with us. We are truly delighted to know that your stay at Galaxy was memorable and that our colleagues Keya and Jim were able to provide such thoughtful assistance during your visit with your newborn. Your kind words mean a lot to us, and we truly look forward to welcoming you back to Galaxy Hotel again in the future! Your Sincerely, Galaxy Hotel",https://www.trip.com/hotels/macau-hotel-detail-344983/galaxy-hotel/
1902758410,344983,Galaxy Hotel,trip,2026-04-07T23:37:36,2026-04,,2,Rising review star,True,,Family,Deluxe Resort Twin,en,5,Outstanding,Cleanliness: 5.0; Location: 5.0; Service: 5.0; Facilities: 5.0,It was a fantastic experience. Kids loved the Wave Pool and others.,,False,True,0,1,False,"Dear Valued Guest,Thank you for your positive feedback. We are delighted to hear that you had a wonderful experience with your kid at our hotel and that you were satisfied with our facilities. Your comments are truly our motivation!We look forward to the pleasure of serving you again in the near future.Yours sincerely,Galaxy Hotel",2026-04-08T00:00:00,"# Galaxy Hotel review (Trip.com)

**Rating:** 5.0/5 ★★★★★
**Travel type:** Family

## Review
It was a fantastic experience. Kids loved the Wave Pool and others.

## Hotel response
Dear Valued Guest,Thank you for your positive feedback. We are delighted to hear that you had a wonderful experience with your kid at our hotel and that you were satisfied with our facilities. Your comments are truly our motivation!We look forward to the pleasure of serving you again in the near future.Yours sincerely,Galaxy Hotel",https://www.trip.com/hotels/macau-hotel-detail-344983/galaxy-hotel/
1884789737,344983,Galaxy Hotel,trip,2026-03-23T14:23:47,2026-02,,12,Review Specialist,True,,Family,Deluxe City King,zh,5,Outstanding,Cleanliness: 5.0; Location: 5.0; Service: 5.0; Facilities: 5.0,不愧是銀河，免費使用「童」在銀河的「童」樂坊，小朋友們玩的很開心，捨不得走。一次性洗漱用品都很高檔，有小朋友服務員還特意送了小朋友的沐浴露。樓下的露天泳池是恆温的，這是很多酒店做不到的，可惜我們知道的時候已經接近晚上了就沒有下水。小朋友們説，下次來還要住這個酒店。,"True to the Galaxy name, we got free access to the 'Kids' Club' at Galaxy, and the little ones had a blast, they didn't want to leave! The disposable toiletries were all high-end, and since we had kids, the staff even thoughtfully provided special children's shower gel. The outdoor pool downstairs is heated, which is something many hotels don't offer. Unfortunately, by the time we found out, it was almost evening, so we didn't get a chance to swim. The kids are already saying they want to stay at this hotel again next time!",True,True,1,4,False,尊敬的客人：感謝您選擇入住澳門銀河酒店。我們很高興得知您和孩子在此度過了愉快的時光，並享受了童樂坊的玩樂體驗。我們一直致力於為不同年齡層的客人提供高品質的用品和五星級的服務設施。期待在不久的將來再次為您服務。此致 銀河酒店,2026-03-24T00:00:00,"# Galaxy Hotel review (Trip.com)

**Rating:** 5.0/5 ★★★★★
**Travel type:** Family

## Review
不愧是銀河，免費使用「童」在銀河的「童」樂坊，小朋友們玩的很開心，捨不得走。一次性洗漱用品都很高檔，有小朋友服務員還特意送了小朋友的沐浴露。樓下的露天泳池是恆温的，這是很多酒店做不到的，可惜我們知道的時候已經接近晚上了就沒有下水。小朋友們説，下次來還要住這個酒店。

## Translation
True to the Galaxy name, we got free access to the 'Kids' Club' at Galaxy, and the little ones had a blast, they didn't want to leave! The disposable toiletries were all high-end, and since we had kids, the staff even thoughtfully provided special children's shower gel. The outdoor pool downstairs is heated, which is something many hotels don't offer. Unfortunately, by the time we found out, it was almost evening, so we didn't get a chance to swim. The kids are already saying they want to stay at this hotel again next time!

## Hotel response
尊敬的客人：感謝您選擇入住澳門銀河酒店。我們很高興得知您和孩子在此度過了愉快的時光，並享受了童樂坊的玩樂體驗。我們一直致力於為不同年齡層的客人提供高品質的用品和五星級的服務設施。期待在不久的將來再次為您服務。此致 銀河酒店",https://www.trip.com/hotels/macau-hotel-detail-344983/galaxy-hotel/
1848595917,344983,Galaxy Hotel,trip,2026-02-18T17:01:53,2026-02,,1,Rising review star,True,,Family,Deluxe City King,zh,5,Outstanding,Cleanliness: 5.0; Location: 5.0; Service: 5.0; Facilities: 5.0,真的超出意料，服務超級暖心，還升級了房間，太棒了，對小孩子也超級友善，下次來還會住這！！！,"This hotel really exceeded my expectations! The service was incredibly warm and friendly, and they even upgraded my room, which was fantastic. They're also super welcoming to children. I'll definitely stay here again on my next visit!",True,True,0,1,False,尊敬的客人， 非常感謝您對我們的正面評價。很高興看到您對酒店的喜愛，尤其是對我們貼心服務和房間的認可，我們深感榮幸。 您的認可是我們不斷進步的動力，期待您下次到訪澳門時再次入住銀河酒店！ 此致 銀河酒店,2026-02-18T00:00:00,"# Galaxy Hotel review (Trip.com)

**Rating:** 5.0/5 ★★★★★
**Travel type:** Family

## Review
真的超出意料，服務超級暖心，還升級了房間，太棒了，對小孩子也超級友善，下次來還會住這！！！

## Translation
This hotel really exceeded my expectations! The service was incredibly warm and friendly, and they even upgraded my room, which was fantastic. They're also super welcoming to children. I'll definitely stay here again on my next visit!

## Hotel response
尊敬的客人， 非常感謝您對我們的正面評價。很高興看到您對酒店的喜愛，尤其是對我們貼心服務和房間的認可，我們深感榮幸。 您的認可是我們不斷進步的動力，期待您下次到訪澳門時再次入住銀河酒店！ 此致 銀河酒店",https://www.trip.com/hotels/macau-hotel-detail-344983/galaxy-hotel/
1847714365,344983,Galaxy Hotel,trip,2026-02-17T15:11:44,2026-02,Fengxingtianxia_1980,23,Review Specialist,False,,Family,Deluxe City Twin,zh,5,Outstanding,Cleanliness: 5.0; Location: 5.0; Service: 5.0; Facilities: 5.0,免費使用「童」在銀河的「童」樂坊，每房限兩位成人及兩位小童:位置方便，房間打掃及時,"Free access to 'Kids' Club' at Galaxy for in-house guests (limited to two adults and two children per room): Convenient location, and the room was cleaned promptly.",True,True,0,1,False,尊敬的客人，感謝您對我們的正面評價。我們很高興聽到您在酒店有很棒的體驗。我們希望在不久的將來再次為您們服務。 此致銀河酒店。,2026-02-17T00:00:00,"# Galaxy Hotel review (Trip.com)

**Rating:** 5.0/5 ★★★★★
**Travel type:** Family

## Review
免費使用「童」在銀河的「童」樂坊，每房限兩位成人及兩位小童:位置方便，房間打掃及時

## Translation
Free access to 'Kids' Club' at Galaxy for in-house guests (limited to two adults and two children per room): Convenient location, and the room was cleaned promptly.

## Hotel response
尊敬的客人，感謝您對我們的正面評價。我們很高興聽到您在酒店有很棒的體驗。我們希望在不久的將來再次為您們服務。 此致銀河酒店。",https://www.trip.com/hotels/macau-hotel-detail-344983/galaxy-hotel/
1858476915,344983,Galaxy Hotel,trip,2026-02-26T10:05:58,2026-02,fox7li,14,Review Specialist,False,,Family,Deluxe City King,zh,5,Outstanding,Cleanliness: 5.0; Location: 5.0; Service: 5.0; Facilities: 5.0,房間乾淨，酒店設施齊全，特別是泳池和水上樂園非常棒，吃飯和購物也很方便，樓下有很多選擇，和凼仔老街也非常近，過條馬路就到,"The room was clean and the hotel facilities were excellent, especially the pool and water park. Dining and shopping were also very convenient, with many options downstairs. It's also very close to Taipa Old Village, just across the road.",True,True,0,3,True,尊敬的客人，感謝您對我們的正面評價。我們很高興聽到您在酒店有很棒的體驗並對我們的設施配套及員工的服務態度感到滿意。您的評論成就我們的動力！我們希望在不久的將來再次為您服務。此致銀河酒店,2026-02-26T00:00:00,"# Galaxy Hotel review (Trip.com)

**Rating:** 5.0/5 ★★★★★
**Travel type:** Family

## Review
房間乾淨，酒店設施齊全，特別是泳池和水上樂園非常棒，吃飯和購物也很方便，樓下有很多選擇，和凼仔老街也非常近，過條馬路就到

## Translation
The room was clean and the hotel facilities were excellent, especially the pool and water park. Dining and shopping were also very convenient, with many options downstairs. It's also very close to Taipa Old Village, just across the road.

## Hotel response
尊敬的客人，感謝您對我們的正面評價。我們很高興聽到您在酒店有很棒的體驗並對我們的設施配套及員工的服務態度感到滿意。您的評論成就我們的動力！我們希望在不久的將來再次為您服務。此致銀河酒店",https://www.trip.com/hotels/macau-hotel-detail-344983/galaxy-hotel/
1852256749,344983,Galaxy Hotel,trip,2026-02-21T23:05:59,2026-02,Dabaohexiaobaoshangyoueryuan,16,Review Specialist,False,,Family,Deluxe City Twin,zh,5,Outstanding,Cleanliness: 5.0; Location: 5.0; Service: 5.0; Facilities: 5.0,"設施：有點老舊，但保養的還是非常好

衞生：真的很乾凈，每個細節都很乾凈
環境：酒店環境很好，二樓有室外游泳池，整個酒店都有很好聞的香氛味

免費使用「童」在銀河的「童」樂坊，每房限兩位成人及兩位小童:帶娃放電好去處
 和酒店要求，給娃搭了帳篷，真的很用心，帳篷裏有床墊，小枕頭，小被子，還有玩偶，娃很喜歡","Facilities: A bit old, but very well maintained.

Cleanliness: Really clean, every detail was spotless.
Environment: The hotel environment is great. There's an outdoor swimming pool on the second floor, and the entire hotel has a lovely fragrance.

Complimentary access to the 'Kid's Club' at Galaxy for up to two adults and two children per room: A great place for kids to burn off energy.
Upon request, the hotel set up a tent for our child, which was very thoughtful. It had a mattress, a small pillow, a small blanket, and even a stuffed animal. Our child loved it!",True,True,0,3,False,尊敬的客人，感謝您對我們的正面評價。我們很高興聽到您在酒店有很棒的體驗並對我們的設施配套及房間感到滿意。您的評論成就我們的動力！我們希望在不久的將來再次為您服務。此致銀河酒店,2026-02-22T00:00:00,"# Galaxy Hotel review (Trip.com)

**Rating:** 5.0/5 ★★★★★
**Travel type:** Family

## Review
設施：有點老舊，但保養的還是非常好

衞生：真的很乾凈，每個細節都很乾凈
環境：酒店環境很好，二樓有室外游泳池，整個酒店都有很好聞的香氛味

免費使用「童」在銀河的「童」樂坊，每房限兩位成人及兩位小童:帶娃放電好去處
 和酒店要求，給娃搭了帳篷，真的很用心，帳篷裏有床墊，小枕頭，小被子，還有玩偶，娃很喜歡

## Translation
Facilities: A bit old, but very well maintained.

Cleanliness: Really clean, every detail was spotless.
Environment: The hotel environment is great. There's an outdoor swimming pool on the second floor, and the entire hotel has a lovely fragrance.

Complimentary access to the 'Kid's Club' at Galaxy for up to two adults and two children per room: A great place for kids to burn off energy.
Upon request, the hotel set up a tent for our child, which was very thoughtful. It had a mattress, a small pillow, a small blanket, and even a stuffed animal. Our child loved it!

## Hotel response
尊敬的客人，感謝您對我們的正面評價。我們很高興聽到您在酒店有很棒的體驗並對我們的設施配套及房間感到滿意。您的評論成就我們的動力！我們希望在不久的將來再次為您服務。此致銀河酒店",https://www.trip.com/hotels/macau-hotel-detail-344983/galaxy-hotel/
1852145367,344983,Galaxy Hotel,trip,2026-02-21T20:26:45,2026-02,Lamiaaa,21,Review Specialist,False,,Family,Deluxe City King,zh,5,Outstanding,Cleanliness: 5.0; Location: 5.0; Service: 5.0; Facilities: 5.0,開業很多年，沒想到房間維護得非常好，這種金碧輝煌裝修乍一看容易過時，但是勝在房間各處都非常乾淨整潔，舒適度滿分，從裝飾和minibar能看出銀河對金碧輝煌和大紅大紫的執着,"This hotel has been open for many years, and I was pleasantly surprised to find the rooms incredibly well-maintained. While this opulent, 'gold and glitter' decor could easily look dated, everything in the room was exceptionally clean and tidy, making it super comfortable. You can really tell from the decor and minibar that Galaxy is committed to this lavish, 'gold and crimson' aesthetic.",True,True,2,4,False,尊敬的客人，感謝您對我們的正面評價。我們很高興聽到您在酒店有很棒的體驗並對我們的房間感到滿意。您的評論成就我們的動力！我們希望在不久的將來再次為您服務。此致銀河酒店,2026-02-22T00:00:00,"# Galaxy Hotel review (Trip.com)

**Rating:** 5.0/5 ★★★★★
**Travel type:** Family

## Review
開業很多年，沒想到房間維護得非常好，這種金碧輝煌裝修乍一看容易過時，但是勝在房間各處都非常乾淨整潔，舒適度滿分，從裝飾和minibar能看出銀河對金碧輝煌和大紅大紫的執着

## Translation
This hotel has been open for many years, and I was pleasantly surprised to find the rooms incredibly well-maintained. While this opulent, 'gold and glitter' decor could easily look dated, everything in the room was exceptionally clean and tidy, making it super comfortable. You can really tell from the decor and minibar that Galaxy is committed to this lavish, 'gold and crimson' aesthetic.

## Hotel response
尊敬的客人，感謝您對我們的正面評價。我們很高興聽到您在酒店有很棒的體驗並對我們的房間感到滿意。您的評論成就我們的動力！我們希望在不久的將來再次為您服務。此致銀河酒店",https://www.trip.com/hotels/macau-hotel-detail-344983/galaxy-hotel/
1938132949,344983,Galaxy Hotel,trip,2026-05-06T15:56:52,2026-02,,9,Review Specialist,True,,Family,Deluxe City King,zh,5,Outstanding,Cleanliness: 5.0; Location: 5.0; Service: 5.0; Facilities: 5.0,過年期間酒店的價格居然比內地便宜很多，非常非常的意外，澳門簡直太好逛了，酒店挨着酒店設計各有不同，適合各種打卡拍照，品嚐美食，這家酒店服務也特別貼心，房間裏面細節做得非常到位，真的值得內地有些酒店好好學習一下。外出的時候卡子隨手放在了床頭櫃上，晚上回去的時候居然拿了盒子，幫我們放在裏面，並且把散亂的物品全部幫我們歸類放整齊，特別棒！,"I was really surprised that the hotel prices in Macau were much cheaper than on the mainland during the Chinese New Year. Macau is amazing for exploring, and the hotels, each with unique designs, are perfect for photo ops and trying local food. This hotel's service was incredibly thoughtful; the room details were meticulously done. It's truly something some mainland hotels could learn from. When I went out, I just left my room key card on the nightstand. When I came back in the evening, they had put it in a box for me and tidied up all my scattered belongings. Absolutely fantastic!",True,True,0,6,False,尊敬的客人，非常感謝您抽出時間回饋您的入住體驗。很高興看到我們的員工為您提供了優越的服務，讓您留下深印象，得到您的認可我們感到非常的欣慰。我們會繼續努力，期待您下次到訪澳門時再次入住銀河酒店！此致銀河酒店,2026-05-06T00:00:00,"# Galaxy Hotel review (Trip.com)

**Rating:** 5.0/5 ★★★★★
**Travel type:** Family

## Review
過年期間酒店的價格居然比內地便宜很多，非常非常的意外，澳門簡直太好逛了，酒店挨着酒店設計各有不同，適合各種打卡拍照，品嚐美食，這家酒店服務也特別貼心，房間裏面細節做得非常到位，真的值得內地有些酒店好好學習一下。外出的時候卡子隨手放在了床頭櫃上，晚上回去的時候居然拿了盒子，幫我們放在裏面，並且把散亂的物品全部幫我們歸類放整齊，特別棒！

## Translation
I was really surprised that the hotel prices in Macau were much cheaper than on the mainland during the Chinese New Year. Macau is amazing for exploring, and the hotels, each with unique designs, are perfect for photo ops and trying local food. This hotel's service was incredibly thoughtful; the room details were meticulously done. It's truly something some mainland hotels could learn from. When I went out, I just left my room key card on the nightstand. When I came back in the evening, they had put it in a box for me and tidied up all my scattered belongings. Absolutely fantastic!

## Hotel response
尊敬的客人，非常感謝您抽出時間回饋您的入住體驗。很高興看到我們的員工為您提供了優越的服務，讓您留下深印象，得到您的認可我們感到非常的欣慰。我們會繼續努力，期待您下次到訪澳門時再次入住銀河酒店！此致銀河酒店",https://www.trip.com/hotels/macau-hotel-detail-344983/galaxy-hotel/
1914391075,344983,Galaxy Hotel,trip,2026-04-18T07:56:19,2026-02,,7,Review Specialist,True,,Family,Deluxe City King,zh,5,Outstanding,Cleanliness: 5.0; Location: 5.0; Service: 5.0; Facilities: 5.0,雖然和威尼斯等不在一起，但自身就很大，而且距離很近，最棒的是距離官也街很近，這點要點贊！酒店裡麪泳池小童娛樂都很豐富，餐飲出來酒店裡還可以就近到官也街，擴大了可選擇性，蠻好的,"Although it's not directly in Venice (presumably a typo and should be 'Macau' or 'Cotai'), the hotel itself is massive and conveniently located. The best part is its proximity to Rua da Cunha, which is a huge plus! The hotel offers excellent facilities with a great pool and plenty of entertainment for children. For dining, besides the hotel's own restaurants, you can easily walk to Rua da Cunha, expanding your options significantly. Very good!",True,True,0,3,False,尊敬的客人，感謝您對我們的正面評價。我們很高興聽到您在酒店有很棒的體驗並對我們的服務留下深刻的印象。我們希望在不久的將來再次為您們服務。 此致銀河酒店。,2026-04-19T00:00:00,"# Galaxy Hotel review (Trip.com)

**Rating:** 5.0/5 ★★★★★
**Travel type:** Family

## Review
雖然和威尼斯等不在一起，但自身就很大，而且距離很近，最棒的是距離官也街很近，這點要點贊！酒店裡麪泳池小童娛樂都很豐富，餐飲出來酒店裡還可以就近到官也街，擴大了可選擇性，蠻好的

## Translation
Although it's not directly in Venice (presumably a typo and should be 'Macau' or 'Cotai'), the hotel itself is massive and conveniently located. The best part is its proximity to Rua da Cunha, which is a huge plus! The hotel offers excellent facilities with a great pool and plenty of entertainment for children. For dining, besides the hotel's own restaurants, you can easily walk to Rua da Cunha, expanding your options significantly. Very good!

## Hotel response
尊敬的客人，感謝您對我們的正面評價。我們很高興聽到您在酒店有很棒的體驗並對我們的服務留下深刻的印象。我們希望在不久的將來再次為您們服務。 此致銀河酒店。",https://www.trip.com/hotels/macau-hotel-detail-344983/galaxy-hotel/
1860554467,344983,Galaxy Hotel,trip,2026-02-27T20:42:56,2026-02,,24,Review Specialist,True,,Family,Deluxe City King,zh,5,Outstanding,Cleanliness: 5.0; Location: 5.0; Service: 5.0; Facilities: 5.0,"位置：位於氹仔半島非常繁華的地方，後面是官也街，走過去300米，逛逛吃吃打卡非常方便，旁邊就是軌道交通
服務：前台非常熱情，全程微笑服務，並且很周到細緻。
房間：房間大小合適，打掃的乾淨，設施齊全。","Location: Situated in a very bustling area of Taipa Peninsula, right behind Rua do Cunha (around a 300-meter walk), making it super convenient for sightseeing, dining, and taking photos. It's also right next to the MTR station.
Service: The front desk staff were incredibly warm, always smiling, and very attentive and thorough.
Room: The room was a good size, clean, and well-equipped.",True,True,2,6,False,尊敬的客人，感謝您對我們的正面評價。我們很高興聽到您在酒店有很棒的體驗並對我們的設施配套及員工的服務態度感到滿意。您的評論成就我們的動力！我們希望在不久的將來再次為您服務。此致銀河酒店,2026-02-27T00:00:00,"# Galaxy Hotel review (Trip.com)

**Rating:** 5.0/5 ★★★★★
**Travel type:** Family

## Review
位置：位於氹仔半島非常繁華的地方，後面是官也街，走過去300米，逛逛吃吃打卡非常方便，旁邊就是軌道交通
服務：前台非常熱情，全程微笑服務，並且很周到細緻。
房間：房間大小合適，打掃的乾淨，設施齊全。

## Translation
Location: Situated in a very bustling area of Taipa Peninsula, right behind Rua do Cunha (around a 300-meter walk), making it super convenient for sightseeing, dining, and taking photos. It's also right next to the MTR station.
Service: The front desk staff were incredibly warm, always smiling, and very attentive and thorough.
Room: The room was a good size, clean, and well-equipped.

## Hotel response
尊敬的客人，感謝您對我們的正面評價。我們很高興聽到您在酒店有很棒的體驗並對我們的設施配套及員工的服務態度感到滿意。您的評論成就我們的動力！我們希望在不久的將來再次為您服務。此致銀河酒店",https://www.trip.com/hotels/macau-hotel-detail-344983/galaxy-hotel/
1849047661,344983,Galaxy Hotel,trip,2026-02-19T08:45:04,2026-02,Tiffany_xu,35,Review Expert,False,,Family,Deluxe City King,zh,5,Outstanding,Cleanliness: 5.0; Location: 5.0; Service: 5.0; Facilities: 5.0,酒店房間設施維護很好，服務很到位，親子很友好有小童樂園非常適合帶娃，寶寶玩得很開心，樓下就是購物很方便，去官也街就很近五分鐘就到了，下次還會再來,"The hotel room facilities are well-maintained, and the service is excellent. It's very family-friendly with a kids' play area, perfect for traveling with children – my baby had a great time! The shopping mall downstairs is super convenient, and Taipa Village is just a five-minute walk away. I'll definitely come back again.",True,True,0,3,False,尊敬的客人，感謝您對我們的正面評價。我們很高興聽到您在酒店有很棒的體驗並對我們的設施配套及員工的服務態度感到滿意。您的評論成就我們的動力！我們希望在不久的將來再次為您服務。此致銀河酒店,2026-02-19T00:00:00,"# Galaxy Hotel review (Trip.com)

**Rating:** 5.0/5 ★★★★★
**Travel type:** Family

## Review
酒店房間設施維護很好，服務很到位，親子很友好有小童樂園非常適合帶娃，寶寶玩得很開心，樓下就是購物很方便，去官也街就很近五分鐘就到了，下次還會再來

## Translation
The hotel room facilities are well-maintained, and the service is excellent. It's very family-friendly with a kids' play area, perfect for traveling with children – my baby had a great time! The shopping mall downstairs is super convenient, and Taipa Village is just a five-minute walk away. I'll definitely come back again.

## Hotel response
尊敬的客人，感謝您對我們的正面評價。我們很高興聽到您在酒店有很棒的體驗並對我們的設施配套及員工的服務態度感到滿意。您的評論成就我們的動力！我們希望在不久的將來再次為您服務。此致銀河酒店",https://www.trip.com/hotels/macau-hotel-detail-344983/galaxy-hotel/
1853690879,344983,Galaxy Hotel,trip,2026-02-22T22:08:42,2026-02,FengkuangdezhuRebecca,12,Review Specialist,False,,Couple,Deluxe City King,zh,5,Outstanding,Cleanliness: 5.0; Location: 5.0; Service: 5.0; Facilities: 5.0,"入住的時候，小姐姐帶我們去房間熱情介紹了半小時，澳門吃喝玩樂購物都有介紹。
晚上還有夜床服務，把我的東西擺的整整齊齊。
看到我的數碼包真的綳不住了，每條線都整理繞起來了，還給我的鼠標配了個鼠標墊！客房服務上大分！👍
床真的很舒服，整個銀河從購物中心到酒店一路上遇到的工作人員都非常nice友善。
下次來澳門還會住這裏的！","Upon checking in, the lady staff member warmly spent half an hour showing us to our room and introducing us to everything Macau has to offer, from dining and entertainment to shopping. In the evening, there was turn-down service, and they neatly arranged all my belongings. I honestly couldn't believe it when I saw my tech bag – every single cable was coiled up and organized, and they even provided a mouse pad for my mouse! Housekeeping really went above and beyond! 👍 The bed was incredibly comfortable, and every staff member I encountered throughout the entire Galaxy complex, from the shopping mall to the hotel, was incredibly nice and friendly. I'll definitely stay here again on my next trip to Macau!",True,True,0,5,False,尊敬的客人，感謝您對我們的正面評價。我們很高興聽到您在酒店有很棒的體驗並對我們的員工的服務態度感到滿意。您的評論成就我們的動力！我們希望在不久的將來再次為您服務。此致銀河酒店,2026-02-23T00:00:00,"# Galaxy Hotel review (Trip.com)

**Rating:** 5.0/5 ★★★★★
**Travel type:** Couple

## Review
入住的時候，小姐姐帶我們去房間熱情介紹了半小時，澳門吃喝玩樂購物都有介紹。
晚上還有夜床服務，把我的東西擺的整整齊齊。
看到我的數碼包真的綳不住了，每條線都整理繞起來了，還給我的鼠標配了個鼠標墊！客房服務上大分！👍
床真的很舒服，整個銀河從購物中心到酒店一路上遇到的工作人員都非常nice友善。
下次來澳門還會住這裏的！

## Translation
Upon checking in, the lady staff member warmly spent half an hour showing us to our room and introducing us to everything Macau has to offer, from dining and entertainment to shopping. In the evening, there was turn-down service, and they neatly arranged all my belongings. I honestly couldn't believe it when I saw my tech bag – every single cable was coiled up and organized, and they even provided a mouse pad for my mouse! Housekeeping really went above and beyond! 👍 The bed was incredibly comfortable, and every staff member I encountered throughout the entire Galaxy complex, from the shopping mall to the hotel, was incredibly nice and friendly. I'll definitely stay here again on my next trip to Macau!

## Hotel response
尊敬的客人，感謝您對我們的正面評價。我們很高興聽到您在酒店有很棒的體驗並對我們的員工的服務態度感到滿意。您的評論成就我們的動力！我們希望在不久的將來再次為您服務。此致銀河酒店",https://www.trip.com/hotels/macau-hotel-detail-344983/galaxy-hotel/
1871159027,344983,Galaxy Hotel,trip,2026-03-10T08:49:53,2026-02,Shishuiya～,23,Review Specialist,False,,Family,Deluxe City King,zh,5,Outstanding,Cleanliness: 5.0; Location: 5.0; Service: 5.0; Facilities: 5.0,每次來澳門都會選擇銀河，大人能玩好，小朋友更能玩好，哈哈。冬季去天氣很舒服，也能下水游泳，小朋友已經提前講好暑假水樂園開了還要再去,"Every time I visit Macau, I choose Galaxy. Adults have a great time, and kids have an even better time, haha. The weather in winter is very pleasant, and you can even go swimming. My child has already said they want to go back when the water park opens in summer!",True,True,0,3,False,尊敬的客人，感謝您一直以來對銀河的支持與喜愛。我們很高興聽到您和家人在這裏都能盡情享受，而小朋友對暑假水樂園的期待更是讓我們充滿動力！您的美好體驗是我們最大的鼓勵，我們期待在暑假再次迎接您和家人，共同創造更多美好回憶。此致銀河酒店,2026-03-10T00:00:00,"# Galaxy Hotel review (Trip.com)

**Rating:** 5.0/5 ★★★★★
**Travel type:** Family

## Review
每次來澳門都會選擇銀河，大人能玩好，小朋友更能玩好，哈哈。冬季去天氣很舒服，也能下水游泳，小朋友已經提前講好暑假水樂園開了還要再去

## Translation
Every time I visit Macau, I choose Galaxy. Adults have a great time, and kids have an even better time, haha. The weather in winter is very pleasant, and you can even go swimming. My child has already said they want to go back when the water park opens in summer!

## Hotel response
尊敬的客人，感謝您一直以來對銀河的支持與喜愛。我們很高興聽到您和家人在這裏都能盡情享受，而小朋友對暑假水樂園的期待更是讓我們充滿動力！您的美好體驗是我們最大的鼓勵，我們期待在暑假再次迎接您和家人，共同創造更多美好回憶。此致銀河酒店",https://www.trip.com/hotels/macau-hotel-detail-344983/galaxy-hotel/
1846474427,344983,Galaxy Hotel,trip,2026-02-15T17:09:46,2026-02,,6,Review Specialist,True,,Family,Deluxe City Twin,zh,5,Outstanding,Cleanliness: 5.0; Location: 5.0; Service: 5.0; Facilities: 5.0,第一次入住銀河，服務非常好，特別表揚帶我們上酒店的服務員，很有耐心的介紹酒店的設施，滿足我的的要求。,"This was my first stay at the Galaxy, and the service was excellent. I especially want to commend the staff member who escorted us to the hotel; they were very patient in explaining the hotel's facilities and accommodating my requests.",True,True,0,3,False,尊敬的客人，非常感謝您對我們的正面評價。得知您首次入住銀河酒店便有愉快的體驗，我們深感欣喜。尤其感謝您特別表揚我們的服務員，很高興他/她以耐心的講解及細緻的服務能滿足您的需求。我們會繼續努力，期待您下次到訪澳門時再次入住銀河酒店！此致 銀河酒店,2026-02-15T00:00:00,"# Galaxy Hotel review (Trip.com)

**Rating:** 5.0/5 ★★★★★
**Travel type:** Family

## Review
第一次入住銀河，服務非常好，特別表揚帶我們上酒店的服務員，很有耐心的介紹酒店的設施，滿足我的的要求。

## Translation
This was my first stay at the Galaxy, and the service was excellent. I especially want to commend the staff member who escorted us to the hotel; they were very patient in explaining the hotel's facilities and accommodating my requests.

## Hotel response
尊敬的客人，非常感謝您對我們的正面評價。得知您首次入住銀河酒店便有愉快的體驗，我們深感欣喜。尤其感謝您特別表揚我們的服務員，很高興他/她以耐心的講解及細緻的服務能滿足您的需求。我們會繼續努力，期待您下次到訪澳門時再次入住銀河酒店！此致 銀河酒店",https://www.trip.com/hotels/macau-hotel-detail-344983/galaxy-hotel/
1847628365,344983,Galaxy Hotel,trip,2026-02-17T11:42:43,2026-02,,17,Review Specialist,True,,Family,Deluxe City King,zh,5,Outstanding,Cleanliness: 5.0; Location: 5.0; Service: 5.0; Facilities: 5.0,酒店非常漂亮，金碧輝煌的外觀，富麗堂皇的內飾，熱情周到的服務，非常的棒，給前台小姐姐thousand點贊，人美心善，服務周到,"The hotel is absolutely beautiful, with a dazzling exterior and opulent interior. The service is incredibly warm and attentive, simply wonderful! A thousand compliments to the front desk lady – she's beautiful, kind-hearted, and provides excellent service.",True,True,0,1,False,尊敬的客人， 非常感謝您對我們的正面評價。很高興看到您對酒店的喜愛，收到您對Thousand熱情周到的服務的肯定，我們深感榮幸。 我們會繼續努力，期待您下次到訪澳門時再次入住銀河酒店！ 此致 銀河酒店,2026-02-17T00:00:00,"# Galaxy Hotel review (Trip.com)

**Rating:** 5.0/5 ★★★★★
**Travel type:** Family

## Review
酒店非常漂亮，金碧輝煌的外觀，富麗堂皇的內飾，熱情周到的服務，非常的棒，給前台小姐姐thousand點贊，人美心善，服務周到

## Translation
The hotel is absolutely beautiful, with a dazzling exterior and opulent interior. The service is incredibly warm and attentive, simply wonderful! A thousand compliments to the front desk lady – she's beautiful, kind-hearted, and provides excellent service.

## Hotel response
尊敬的客人， 非常感謝您對我們的正面評價。很高興看到您對酒店的喜愛，收到您對Thousand熱情周到的服務的肯定，我們深感榮幸。 我們會繼續努力，期待您下次到訪澳門時再次入住銀河酒店！ 此致 銀河酒店",https://www.trip.com/hotels/macau-hotel-detail-344983/galaxy-hotel/
1842666149,344983,Galaxy Hotel,trip,2026-02-11T16:28:15,2026-02,,5,Review Specialist,True,,Family,Deluxe City King,zh,5,Outstanding,Cleanliness: 5.0; Location: 5.0; Service: 5.0; Facilities: 5.0,無論位置、服務、環境都一如既往的好，房間內有些設施好像更新了，體驗更好。特別是peng 、Teresa服務細緻體貼、友善温柔，我們提出的要求都一一協調安排妥當，更是主動告知各項便利旅客的設施。,"As always, the location, service, and environment are excellent. Some facilities in the room seem to have been updated, making the experience even better. In particular, Peng and Teresa provided attentive, considerate, and friendly service. They expertly coordinated and arranged all our requests and even proactively informed us about various facilities convenient for travelers.",True,True,0,1,False,尊敬的客人，非常感謝您抽出時間回饋您的入住體驗。很高興看到我們的員工 Peng 及 Teresa 為您提供了優越的服務，讓您留下深印象，得到您的認可我們感到非常的欣慰。我們會繼續努力，期待您下次到訪澳門時再次入住銀河酒店！此致銀河酒店,2026-02-12T00:00:00,"# Galaxy Hotel review (Trip.com)

**Rating:** 5.0/5 ★★★★★
**Travel type:** Family

## Review
無論位置、服務、環境都一如既往的好，房間內有些設施好像更新了，體驗更好。特別是peng 、Teresa服務細緻體貼、友善温柔，我們提出的要求都一一協調安排妥當，更是主動告知各項便利旅客的設施。

## Translation
As always, the location, service, and environment are excellent. Some facilities in the room seem to have been updated, making the experience even better. In particular, Peng and Teresa provided attentive, considerate, and friendly service. They expertly coordinated and arranged all our requests and even proactively informed us about various facilities convenient for travelers.

## Hotel response
尊敬的客人，非常感謝您抽出時間回饋您的入住體驗。很高興看到我們的員工 Peng 及 Teresa 為您提供了優越的服務，讓您留下深印象，得到您的認可我們感到非常的欣慰。我們會繼續努力，期待您下次到訪澳門時再次入住銀河酒店！此致銀河酒店",https://www.trip.com/hotels/macau-hotel-detail-344983/galaxy-hotel/
1907522176,344983,Galaxy Hotel,trip,2026-04-12T12:20:44,2026-04,,3,Rising review star,True,,Family,Deluxe City King,en,5,Outstanding,Cleanliness: 5.0; Location: 5.0; Service: 5.0; Facilities: 5.0,"Very good experience with my family
Will come again exactly",,False,True,0,1,False,"Dear Valued Guest, thank you so much for your positive feedback! We are delighted to know that you and your family had a wonderful experience with us. It’s truly rewarding to hear that you plan to return, and we look forward to welcoming you back for another enjoyable stay. Yours sincerely, Galaxy Hotel",2026-04-12T00:00:00,"# Galaxy Hotel review (Trip.com)

**Rating:** 5.0/5 ★★★★★
**Travel type:** Family

## Review
Very good experience with my family
Will come again exactly

## Hotel response
Dear Valued Guest, thank you so much for your positive feedback! We are delighted to know that you and your family had a wonderful experience with us. It’s truly rewarding to hear that you plan to return, and we look forward to welcoming you back for another enjoyable stay. Yours sincerely, Galaxy Hotel",https://www.trip.com/hotels/macau-hotel-detail-344983/galaxy-hotel/
1868045706,344983,Galaxy Hotel,trip,2026-03-07T10:05:38,2026-02,,5,Review Specialist,True,,Couple,Deluxe City King,en,5,Outstanding,Cleanliness: 5.0; Location: 5.0; Service: 5.0; Facilities: 5.0,One of the best hotel we stayed in Macao. This was the 2nd time stayed here. You won't regret to stay in this otel. All the staffs very helpful and friendly. We definitely will come back again.,,False,True,0,1,False,"Dear Guest, thank you for your positive review. We are delighted to hear that you had a wonderful experience at the hotel. We look forward to serving you again in the near future. Sincerely, Galaxy Hotel",2026-03-07T00:00:00,"# Galaxy Hotel review (Trip.com)

**Rating:** 5.0/5 ★★★★★
**Travel type:** Couple

## Review
One of the best hotel we stayed in Macao. This was the 2nd time stayed here. You won't regret to stay in this otel. All the staffs very helpful and friendly. We definitely will come back again.

## Hotel response
Dear Guest, thank you for your positive review. We are delighted to hear that you had a wonderful experience at the hotel. We look forward to serving you again in the near future. Sincerely, Galaxy Hotel",https://www.trip.com/hotels/macau-hotel-detail-344983/galaxy-hotel/
1829201917,344983,Galaxy Hotel,trip,2026-01-29T08:26:27,2026-01,Zunxiangrenjian,44,Review Expert,False,,Family,Deluxe City King,zh,5,Outstanding,Cleanliness: 5.0; Location: 5.0; Service: 5.0; Facilities: 5.0,銀河年頭很長了，洗手枱太小，放東西費勁，房間面積也不大，中規中矩吧，不差也沒有多好，房間這方面是不會再去住了，泳池恆温的，遊樂園不開放，這個時間還能開着恆温泳池也是值得表揚的，不像好多酒店乾脆停止使用，整個酒店服務態度都很好，所以就算老舊還是體現了五星水平，服務員整理房間細節到位，把我的東西擺放的整整齊齊，印象深刻，這點沒幾個酒店能做到，並且有前台接待引領我們直到房間，做各種介紹，這些細節體現了銀河管理者的責任心以及專業性，整體好評，格外表演照片胸牌的接待，工作認真努力,"The Galaxy is quite old now. The bathroom counter is too small, making it difficult to place items, and the room itself isn't very spacious. It's just average, not bad but not great either. I wouldn't stay in the rooms again. The pool is heated, and although the amusement park was closed, it's commendable that they still kept the heated pool open, unlike many hotels that just shut them down entirely. The service throughout the entire hotel was excellent, so even with the age, it still reflects a five-star standard. The housekeepers paid great attention to detail when tidying the room, arranging my belongings neatly, which left a deep impression – very few hotels do this. Plus, a front desk staff member escorted us all the way to our room, giving us various introductions. These details show the responsibility and professionalism of the Galaxy's management. Overall, it's a positive review. Special praise goes to the receptionist in the photo with the name tag; they were very diligent and hardworking.",True,True,2,3,True,尊敬的客人，非常感謝您抽出時間回饋您的入住體驗。我們理解您對房間設施方面的感受，對此我們深表歉意。很高興看到您對我們服務態度與專業性的認可，並且對服務員細緻的整理以及前台接待的貼心引領留下了深刻印象，我們感到非常欣慰。我們會繼續努力改善硬件設施，同時保持優質的服務水準，我們希望在不久的將來再次為您們服務。 此致銀河酒店。,2026-01-30T00:00:00,"# Galaxy Hotel review (Trip.com)

**Rating:** 5.0/5 ★★★★★
**Travel type:** Family

## Review
銀河年頭很長了，洗手枱太小，放東西費勁，房間面積也不大，中規中矩吧，不差也沒有多好，房間這方面是不會再去住了，泳池恆温的，遊樂園不開放，這個時間還能開着恆温泳池也是值得表揚的，不像好多酒店乾脆停止使用，整個酒店服務態度都很好，所以就算老舊還是體現了五星水平，服務員整理房間細節到位，把我的東西擺放的整整齊齊，印象深刻，這點沒幾個酒店能做到，並且有前台接待引領我們直到房間，做各種介紹，這些細節體現了銀河管理者的責任心以及專業性，整體好評，格外表演照片胸牌的接待，工作認真努力

## Translation
The Galaxy is quite old now. The bathroom counter is too small, making it difficult to place items, and the room itself isn't very spacious. It's just average, not bad but not great either. I wouldn't stay in the rooms again. The pool is heated, and although the amusement park was closed, it's commendable that they still kept the heated pool open, unlike many hotels that just shut them down entirely. The service throughout the entire hotel was excellent, so even with the age, it still reflects a five-star standard. The housekeepers paid great attention to detail when tidying the room, arranging my belongings neatly, which left a deep impression – very few hotels do this. Plus, a front desk staff member escorted us all the way to our room, giving us various introductions. These details show the responsibility and professionalism of the Galaxy's management. Overall, it's a positive review. Special praise goes to the receptionist in the photo with the name tag; they were very diligent and hardworking.

## Hotel response
尊敬的客人，非常感謝您抽出時間回饋您的入住體驗。我們理解您對房間設施方面的感受，對此我們深表歉意。很高興看到您對我們服務態度與專業性的認可，並且對服務員細緻的整理以及前台接待的貼心引領留下了深刻印象，我們感到非常欣慰。我們會繼續努力改善硬件設施，同時保持優質的服務水準，我們希望在不久的將來再次為您們服務。 此致銀河酒店。",https://www.trip.com/hotels/macau-hotel-detail-344983/galaxy-hotel/
1824093613,344983,Galaxy Hotel,trip,2026-01-23T23:55:37,2026-01,,5,Review Specialist,True,,Solo traveller,Deluxe City Twin,zh,5,Outstanding,Cleanliness: 5.0; Location: 5.0; Service: 5.0; Facilities: 5.0,房間十分整潔乾淨，清爽有序，前台談小姐熱情周到，親自領着我們進到房間做了詳細的介紹，讓人倍感温暖，第一次入住就不想再住別家酒店了，大大的👍！,"The room was incredibly clean and tidy, very refreshing and well-organized. Miss Tan at the front desk was so warm and thoughtful; she personally escorted us to our room and gave us a detailed introduction, which made us feel really welcome. This was our first stay, and we already don't want to try any other hotels. Big thumbs up! 👍",True,True,0,1,False,"尊敬的客人， 非常感謝您對我們的正面評價。很高興看到您對酒店的喜愛，以及前台談小姐為您提供了熱情和細緻的服務, 讓您留下了美好的印象。得到您的認可我們感到非常欣慰。 我們會繼續努力，期待您下次到訪澳門時再次入住銀河酒店！ 此致 銀河酒店",2026-01-24T00:00:00,"# Galaxy Hotel review (Trip.com)

**Rating:** 5.0/5 ★★★★★
**Travel type:** Solo traveller

## Review
房間十分整潔乾淨，清爽有序，前台談小姐熱情周到，親自領着我們進到房間做了詳細的介紹，讓人倍感温暖，第一次入住就不想再住別家酒店了，大大的👍！

## Translation
The room was incredibly clean and tidy, very refreshing and well-organized. Miss Tan at the front desk was so warm and thoughtful; she personally escorted us to our room and gave us a detailed introduction, which made us feel really welcome. This was our first stay, and we already don't want to try any other hotels. Big thumbs up! 👍

## Hotel response
尊敬的客人， 非常感謝您對我們的正面評價。很高興看到您對酒店的喜愛，以及前台談小姐為您提供了熱情和細緻的服務, 讓您留下了美好的印象。得到您的認可我們感到非常欣慰。 我們會繼續努力，期待您下次到訪澳門時再次入住銀河酒店！ 此致 銀河酒店",https://www.trip.com/hotels/macau-hotel-detail-344983/galaxy-hotel/
1820631631,344983,Galaxy Hotel,trip,2026-01-20T15:38:14,2026-01,,5,Review Specialist,True,,Couple,Deluxe City King,zh,5,Outstanding,Cleanliness: 5.0; Location: 5.0; Service: 5.0; Facilities: 5.0,非常滿意旅途，銀河酒店特別安排佈置生日（๑＞◡＜๑）🎂和🎁禮物。下次繼續入住😊,Extremely satisfied with my trip! The Galaxy Hotel specially arranged birthday decorations (๑＞◡＜๑)🎂 and a gift 🎁. I'll definitely stay here again next time! 😊,True,True,0,3,False,尊敬的客人，感謝您選擇銀河酒店慶祝生日以及對我們的正面評價，我們很高興聽到您在這裏度過了愉快的旅程。得到您的認可我們感到非常的欣慰，也希望在不久的將來再次為您們服務。 此致銀河酒店。,2026-01-20T00:00:00,"# Galaxy Hotel review (Trip.com)

**Rating:** 5.0/5 ★★★★★
**Travel type:** Couple

## Review
非常滿意旅途，銀河酒店特別安排佈置生日（๑＞◡＜๑）🎂和🎁禮物。下次繼續入住😊

## Translation
Extremely satisfied with my trip! The Galaxy Hotel specially arranged birthday decorations (๑＞◡＜๑)🎂 and a gift 🎁. I'll definitely stay here again next time! 😊

## Hotel response
尊敬的客人，感謝您選擇銀河酒店慶祝生日以及對我們的正面評價，我們很高興聽到您在這裏度過了愉快的旅程。得到您的認可我們感到非常的欣慰，也希望在不久的將來再次為您們服務。 此致銀河酒店。",https://www.trip.com/hotels/macau-hotel-detail-344983/galaxy-hotel/
1813969799,344983,Galaxy Hotel,trip,2026-01-13T22:08:49,2026-01,lili Rong,36,Review Expert,False,,Travelling with friends,Deluxe City King,zh,5,Outstanding,Cleanliness: 5.0; Location: 5.0; Service: 5.0; Facilities: 5.0,前台服務熱情周到，房間乾淨整潔，迷你吧品種豐富，入住體驗感超棒的一家酒店了。,"The front desk staff were incredibly warm and attentive, the room was spotless, and the minibar had a great selection. This hotel offers an outstanding stay.",True,True,1,3,False,尊敬的客人，感謝您對我們的正面評價。我們很高興聽到您在酒店有很棒的體驗並對我們的設施配套及員工的服務態度感到滿意。您的評論成就我們的動力！我們希望在不久的將來再次為您服務。此致銀河酒店,2026-01-14T00:00:00,"# Galaxy Hotel review (Trip.com)

**Rating:** 5.0/5 ★★★★★
**Travel type:** Travelling with friends

## Review
前台服務熱情周到，房間乾淨整潔，迷你吧品種豐富，入住體驗感超棒的一家酒店了。

## Translation
The front desk staff were incredibly warm and attentive, the room was spotless, and the minibar had a great selection. This hotel offers an outstanding stay.

## Hotel response
尊敬的客人，感謝您對我們的正面評價。我們很高興聽到您在酒店有很棒的體驗並對我們的設施配套及員工的服務態度感到滿意。您的評論成就我們的動力！我們希望在不久的將來再次為您服務。此致銀河酒店",https://www.trip.com/hotels/macau-hotel-detail-344983/galaxy-hotel/
1820032683,344983,Galaxy Hotel,trip,2026-01-19T19:22:02,2026-01,Wener^_^,3,Rising review star,False,,Family,Deluxe City King,zh,5,Outstanding,Cleanliness: 5.0; Location: 5.0; Service: 5.0; Facilities: 5.0,澳門銀河酒店，把娃的生日驚喜拉滿❤️帶娃入住恰逢小朋友生日，酒店的Henry和Teresa等工作人員直接把驚喜拉滿——不僅精心佈置了房間和可愛的帳篷，還送上了生日小蛋糕和專屬小禮物。全程服務熱情又細緻，每個細節都透着用心，小朋友的生日因為這份温暖變得格外難忘，必須把這份美好體驗分享給大家！,"Galaxy Hotel Macau truly made my child's birthday extra special ❤️. We stayed there for my child's birthday, and the staff, especially Henry and Teresa, went above and beyond! They didn't just decorate the room beautifully and set up a cute tent, but also brought a birthday cake and a special gift. The service was warm and meticulous throughout our stay; every detail showed how much they cared. This warmth made my child's birthday unforgettable. I absolutely have to share this wonderful experience with everyone!",True,True,0,4,False,尊敬的客人，我們很高興得悉您在我們的酒店有一個難以忘懷的經歷特別是我們的員工Henry和Teresa，得到您的認可我們感到非常的欣慰。！我們希望在不久的將來再次為您服務。此致銀河酒店。,2026-01-19T00:00:00,"# Galaxy Hotel review (Trip.com)

**Rating:** 5.0/5 ★★★★★
**Travel type:** Family

## Review
澳門銀河酒店，把娃的生日驚喜拉滿❤️帶娃入住恰逢小朋友生日，酒店的Henry和Teresa等工作人員直接把驚喜拉滿——不僅精心佈置了房間和可愛的帳篷，還送上了生日小蛋糕和專屬小禮物。全程服務熱情又細緻，每個細節都透着用心，小朋友的生日因為這份温暖變得格外難忘，必須把這份美好體驗分享給大家！

## Translation
Galaxy Hotel Macau truly made my child's birthday extra special ❤️. We stayed there for my child's birthday, and the staff, especially Henry and Teresa, went above and beyond! They didn't just decorate the room beautifully and set up a cute tent, but also brought a birthday cake and a special gift. The service was warm and meticulous throughout our stay; every detail showed how much they cared. This warmth made my child's birthday unforgettable. I absolutely have to share this wonderful experience with everyone!

## Hotel response
尊敬的客人，我們很高興得悉您在我們的酒店有一個難以忘懷的經歷特別是我們的員工Henry和Teresa，得到您的認可我們感到非常的欣慰。！我們希望在不久的將來再次為您服務。此致銀河酒店。",https://www.trip.com/hotels/macau-hotel-detail-344983/galaxy-hotel/
1810894845,344983,Galaxy Hotel,trip,2026-01-11T00:18:32,2026-01,Kkdekk,104,Review Expert,False,,Other,Deluxe City King,zh,5,Outstanding,Cleanliness: 5.0; Location: 5.0; Service: 5.0; Facilities: 5.0,銀河不愧是澳門頂流酒店之一。非常nice，辦理入住開始服務員就很熱情，給家人巧克力，看有長者還主動給提前辦理了入住。酒店內環境優美，客房乾淨整潔，設施完善，入住很愜意，家人很開心。,"Galaxy is truly one of Macau's top hotels. It's fantastic! From the moment we checked in, the staff were so welcoming and friendly. They even gave chocolates to my family and, seeing we had elderly relatives, proactively arranged an early check-in for us. The hotel's environment is beautiful, and our room was clean, tidy, and well-equipped. Our stay was very comfortable and my family was very happy.",True,True,0,5,False,尊敬的客人:非常感謝您抽出時間回饋您的入住體驗。很高興看到我們的員工為您提供了優越的服務及對整體入住體驗都感到滿意。期待您下次到訪澳門時再次入住銀河酒店！此致銀河酒店,2026-01-11T00:00:00,"# Galaxy Hotel review (Trip.com)

**Rating:** 5.0/5 ★★★★★
**Travel type:** Other

## Review
銀河不愧是澳門頂流酒店之一。非常nice，辦理入住開始服務員就很熱情，給家人巧克力，看有長者還主動給提前辦理了入住。酒店內環境優美，客房乾淨整潔，設施完善，入住很愜意，家人很開心。

## Translation
Galaxy is truly one of Macau's top hotels. It's fantastic! From the moment we checked in, the staff were so welcoming and friendly. They even gave chocolates to my family and, seeing we had elderly relatives, proactively arranged an early check-in for us. The hotel's environment is beautiful, and our room was clean, tidy, and well-equipped. Our stay was very comfortable and my family was very happy.

## Hotel response
尊敬的客人:非常感謝您抽出時間回饋您的入住體驗。很高興看到我們的員工為您提供了優越的服務及對整體入住體驗都感到滿意。期待您下次到訪澳門時再次入住銀河酒店！此致銀河酒店",https://www.trip.com/hotels/macau-hotel-detail-344983/galaxy-hotel/
1849138547,344983,Galaxy Hotel,trip,2026-02-19T12:46:55,2026-02,,1,Rising review star,True,,Couple,Deluxe City King,zh,5,Outstanding,Cleanliness: 5.0; Location: 5.0; Service: 5.0; Facilities: 5.0,"衞生：乾淨
環境：優美
服務：一流","Cleanliness: spotless
Ambiance: beautiful
Service: top-notch",True,True,0,3,True,尊敬的客人，感謝您對我們的正面評價。我們很高興聽到您在酒店有很棒的體驗並對我們的設施配套及員工的服務態度感到滿意。您的評論成就我們的動力！我們希望在不久的將來再次為您服務。此致銀河酒店,2026-02-19T00:00:00,"# Galaxy Hotel review (Trip.com)

**Rating:** 5.0/5 ★★★★★
**Travel type:** Couple

## Review
衞生：乾淨
環境：優美
服務：一流

## Translation
Cleanliness: spotless
Ambiance: beautiful
Service: top-notch

## Hotel response
尊敬的客人，感謝您對我們的正面評價。我們很高興聽到您在酒店有很棒的體驗並對我們的設施配套及員工的服務態度感到滿意。您的評論成就我們的動力！我們希望在不久的將來再次為您服務。此致銀河酒店",https://www.trip.com/hotels/macau-hotel-detail-344983/galaxy-hotel/
1969936576,344983,Galaxy Hotel,trip,2026-06-02T12:17:43,2026-05,,1,Rising review star,True,,Family,Deluxe City King,ko,5,Outstanding,Cleanliness: 5.0; Location: 5.0; Service: 5.0; Facilities: 5.0,좋아요~~~,Great!~~~,True,True,0,1,False,"Dear Valued Guest, Thank you for your positive feedback. We are delighted to hear that you had a wonderful experience at our hotel. Your comments are truly our motivation! We look forward to the pleasure of serving you again in the near future. Yours sincerely, Galaxy Hotel",2026-06-02T00:00:00,"# Galaxy Hotel review (Trip.com)

**Rating:** 5.0/5 ★★★★★
**Travel type:** Family

## Review
좋아요~~~

## Translation
Great!~~~

## Hotel response
Dear Valued Guest, Thank you for your positive feedback. We are delighted to hear that you had a wonderful experience at our hotel. Your comments are truly our motivation! We look forward to the pleasure of serving you again in the near future. Yours sincerely, Galaxy Hotel",https://www.trip.com/hotels/macau-hotel-detail-344983/galaxy-hotel/
1988428797,344983,Galaxy Hotel,trip,2026-06-18T01:15:17,2026-06,,2,Rising review star,True,,Family,Deluxe City King,zh,5,Outstanding,Cleanliness: 5.0; Location: 5.0; Service: 5.0; Facilities: 5.0,銀河絕對是澳門酒店中服務最好之一。各種小禮品，各種 on call 服務。,Galaxy is definitely one of the best hotels in Macau when it comes to service. They offer various small gifts and all sorts of on-call services.,True,True,0,0,False,尊敬的客人，非常感謝您對我們的正面評價。得知您不僅對我們的整體環境和服務滿意，還特別認可我們貼心的禮品和隨時響應的服務，我們深感榮幸。您的認可是我們不斷提升的動力。我們會繼續努，期待您下次到訪澳門時再次選擇銀河酒店！此致 銀河酒店,2026-06-18T00:00:00,"# Galaxy Hotel review (Trip.com)

**Rating:** 5.0/5 ★★★★★
**Travel type:** Family

## Review
銀河絕對是澳門酒店中服務最好之一。各種小禮品，各種 on call 服務。

## Translation
Galaxy is definitely one of the best hotels in Macau when it comes to service. They offer various small gifts and all sorts of on-call services.

## Hotel response
尊敬的客人，非常感謝您對我們的正面評價。得知您不僅對我們的整體環境和服務滿意，還特別認可我們貼心的禮品和隨時響應的服務，我們深感榮幸。您的認可是我們不斷提升的動力。我們會繼續努，期待您下次到訪澳門時再次選擇銀河酒店！此致 銀河酒店",https://www.trip.com/hotels/macau-hotel-detail-344983/galaxy-hotel/
1845387385,344983,Galaxy Hotel,trip,2026-02-14T15:29:40,2026-02,,25,Review Specialist,True,,Family,Deluxe City King,zh,5,Outstanding,Cleanliness: 5.0; Location: 5.0; Service: 5.0; Facilities: 5.0,房間乾淨整潔，服務很好,"The room was clean and tidy, and the service was excellent.",True,True,0,3,False,尊敬的客人，非常感謝您對我們的正面評價。很高興得知您對房間的乾淨整潔以及我們團隊的服務感到滿意。您的認可讓我們深感欣慰。我們會繼續努力，期待您下次到訪澳門時再次入住銀河酒店！此致銀河酒店,2026-02-14T00:00:00,"# Galaxy Hotel review (Trip.com)

**Rating:** 5.0/5 ★★★★★
**Travel type:** Family

## Review
房間乾淨整潔，服務很好

## Translation
The room was clean and tidy, and the service was excellent.

## Hotel response
尊敬的客人，非常感謝您對我們的正面評價。很高興得知您對房間的乾淨整潔以及我們團隊的服務感到滿意。您的認可讓我們深感欣慰。我們會繼續努力，期待您下次到訪澳門時再次入住銀河酒店！此致銀河酒店",https://www.trip.com/hotels/macau-hotel-detail-344983/galaxy-hotel/
1844310601,344983,Galaxy Hotel,trip,2026-02-13T12:47:01,2026-01,Kent Sum,18,Review Specialist,False,,Business traveller,Deluxe City King,zh,5,Outstanding,Cleanliness: 5.0; Location: 5.0; Service: 5.0; Facilities: 5.0,十分方便的大型酒店，設施齊全。,A very convenient large hotel with comprehensive facilities.,True,True,0,3,True,尊敬的客人，感謝您對我們的正面評價。我們很高興聽到您在酒店有很棒的體驗並對我們的設施配套感到滿意。您的評論成就我們的動力！我們希望在不久的將來再次為您服務。此致銀河酒店,2026-02-14T00:00:00,"# Galaxy Hotel review (Trip.com)

**Rating:** 5.0/5 ★★★★★
**Travel type:** Business traveller

## Review
十分方便的大型酒店，設施齊全。

## Translation
A very convenient large hotel with comprehensive facilities.

## Hotel response
尊敬的客人，感謝您對我們的正面評價。我們很高興聽到您在酒店有很棒的體驗並對我們的設施配套感到滿意。您的評論成就我們的動力！我們希望在不久的將來再次為您服務。此致銀河酒店",https://www.trip.com/hotels/macau-hotel-detail-344983/galaxy-hotel/
1967066863,344983,Galaxy Hotel,trip,2026-05-31T14:06:17,2026-05,,1,Rising review star,True,,Family,Deluxe City Twin,zh,5,Outstanding,Cleanliness: 5.0; Location: 5.0; Service: 5.0; Facilities: 5.0,前台服務很好，會主動詢問並替客人提前預想一些需求，活人服務，不會像人機一樣重複話術。客房服務如強迫一般整潔，響應快速。,"The front desk service was excellent; they were proactive in asking questions and anticipating guests' needs, offering genuine human service rather than robotic, repetitive responses. Housekeeping was impeccably clean and remarkably responsive.",True,True,0,0,False,尊敬的客人，感謝您對我們的正面評價。我們很高興聽到您在酒店有很棒的體驗。我們希望在不久的將來再次為您們服務。 此致銀河酒店,2026-05-31T00:00:00,"# Galaxy Hotel review (Trip.com)

**Rating:** 5.0/5 ★★★★★
**Travel type:** Family

## Review
前台服務很好，會主動詢問並替客人提前預想一些需求，活人服務，不會像人機一樣重複話術。客房服務如強迫一般整潔，響應快速。

## Translation
The front desk service was excellent; they were proactive in asking questions and anticipating guests' needs, offering genuine human service rather than robotic, repetitive responses. Housekeeping was impeccably clean and remarkably responsive.

## Hotel response
尊敬的客人，感謝您對我們的正面評價。我們很高興聽到您在酒店有很棒的體驗。我們希望在不久的將來再次為您們服務。 此致銀河酒店",https://www.trip.com/hotels/macau-hotel-detail-344983/galaxy-hotel/
1754247579,344983,Galaxy Hotel,trip,2025-11-17T22:00:03,2025-11,Gaoxiaoxiao123,10,Review Specialist,False,,Family,Deluxe City King,zh,5,Outstanding,Cleanliness: 5.0; Location: 5.0; Service: 5.0; Facilities: 5.0,房間很乾凈，服務員很熱情，臨時跟前台聯繫説要安排帳篷也馬上處理，小冰箱飲料豐富，零食茶水準備齊全，整體入住非常愉快。,"The room was very clean, and the staff were incredibly friendly. When I made a last-minute request to the front desk to set up a tent, they handled it right away. The mini-fridge was well-stocked with drinks, and there were plenty of snacks and tea. Overall, it was a very pleasant stay.",True,True,0,4,False,"尊敬的賓客，感謝您分享在本酒店的入住體驗。很高興得知您對房間整潔、服務員的熱情以及前台及時的協助感到滿意，也欣喜您對客房內的飲品與茶點準備感到愉快。您的肯定是我們不斷提升服務的動力，我們期待在不久的將來再次歡迎您回到銀河酒店。敬祝 順心,  銀河酒店",2025-11-17T00:00:00,"# Galaxy Hotel review (Trip.com)

**Rating:** 5.0/5 ★★★★★
**Travel type:** Family

## Review
房間很乾凈，服務員很熱情，臨時跟前台聯繫説要安排帳篷也馬上處理，小冰箱飲料豐富，零食茶水準備齊全，整體入住非常愉快。

## Translation
The room was very clean, and the staff were incredibly friendly. When I made a last-minute request to the front desk to set up a tent, they handled it right away. The mini-fridge was well-stocked with drinks, and there were plenty of snacks and tea. Overall, it was a very pleasant stay.

## Hotel response
尊敬的賓客，感謝您分享在本酒店的入住體驗。很高興得知您對房間整潔、服務員的熱情以及前台及時的協助感到滿意，也欣喜您對客房內的飲品與茶點準備感到愉快。您的肯定是我們不斷提升服務的動力，我們期待在不久的將來再次歡迎您回到銀河酒店。敬祝 順心,  銀河酒店",https://www.trip.com/hotels/macau-hotel-detail-344983/galaxy-hotel/
1984723505,344983,Galaxy Hotel,trip,2026-06-14T21:04:30,2026-06,,10,Review Specialist,True,,Family,Deluxe City King,zh,5,Outstanding,Cleanliness: 5.0; Location: 5.0; Service: 5.0; Facilities: 5.0,房間孩子物品比較齊全，完全孩子友好型,"The room is well-equipped with amenities for children, making it completely kid-friendly.",True,True,0,0,False,尊敬的客人，非常感謝您對我們的正面評價。得知您對房間齊全的小童用品感到滿意，我們深感榮幸。您的認可是我們不斷提升的動力。我們會繼續努力，期待未來再次歡迎您與家人回到銀河酒店，享受更加温馨舒適的入住體驗！此致銀河酒店,2026-06-14T00:00:00,"# Galaxy Hotel review (Trip.com)

**Rating:** 5.0/5 ★★★★★
**Travel type:** Family

## Review
房間孩子物品比較齊全，完全孩子友好型

## Translation
The room is well-equipped with amenities for children, making it completely kid-friendly.

## Hotel response
尊敬的客人，非常感謝您對我們的正面評價。得知您對房間齊全的小童用品感到滿意，我們深感榮幸。您的認可是我們不斷提升的動力。我們會繼續努力，期待未來再次歡迎您與家人回到銀河酒店，享受更加温馨舒適的入住體驗！此致銀河酒店",https://www.trip.com/hotels/macau-hotel-detail-344983/galaxy-hotel/
1932392790,344983,Galaxy Hotel,trip,2026-05-02T18:59:13,2026-04,Valei,7,Review Specialist,False,,Family,Deluxe City King,en,5,Outstanding,Cleanliness: 5.0; Location: 5.0; Service: 5.0; Facilities: 5.0,"Galaxy Macau really impressed us, the lobby is beautifully designed, bright, elegant, and luxurious. Everything is clean and well organised, staffs are friendly and helpful. Directions are cleared. Our family enjoyed so much.",,False,True,1,0,False,"Dear Valued Guest,Thank you for your positive feedback. We are delighted to hear that you had a wonderful experience at our hotel and that you satisfied with our facilities and services. Your comments are truly our motivation!We look forward to the pleasure of serving you again in the near future.Yours sincerely,Galaxy Hotel",2026-05-02T00:00:00,"# Galaxy Hotel review (Trip.com)

**Rating:** 5.0/5 ★★★★★
**Travel type:** Family

## Review
Galaxy Macau really impressed us, the lobby is beautifully designed, bright, elegant, and luxurious. Everything is clean and well organised, staffs are friendly and helpful. Directions are cleared. Our family enjoyed so much.

## Hotel response
Dear Valued Guest,Thank you for your positive feedback. We are delighted to hear that you had a wonderful experience at our hotel and that you satisfied with our facilities and services. Your comments are truly our motivation!We look forward to the pleasure of serving you again in the near future.Yours sincerely,Galaxy Hotel",https://www.trip.com/hotels/macau-hotel-detail-344983/galaxy-hotel/
1907553478,344983,Galaxy Hotel,trip,2026-04-12T13:39:09,2026-04,,1,Rising review star,True,,Family,Deluxe City King,en,5,Outstanding,Cleanliness: 5.0; Location: 5.0; Service: 5.0; Facilities: 5.0,"Checkin was quick and easy. We got the room before 1pm, a plus travelling with kids. Keya gave us a very warm welcome and a detailed room tour despite staying for just one day. Hope can stay longer as the hotel is always full during holidays. 5-star customer service!",,False,True,0,0,False,"Dear Valued Guest, thank you so much for your wonderful feedback! We are delighted to hear that your check-in experience was smooth and that you received your room early, making your stay more convenient while traveling with children. We truly appreciate your kind words about Keya—her warm welcome and detailed room tour embody the service we strive to provide. It’s great to know that our team made your short stay memorable. We look forward to welcoming you back again, hopefully for a longer visit, and continuing to provide you with 5-star service. Yours sincerely, Galaxy Hotel",2026-04-12T00:00:00,"# Galaxy Hotel review (Trip.com)

**Rating:** 5.0/5 ★★★★★
**Travel type:** Family

## Review
Checkin was quick and easy. We got the room before 1pm, a plus travelling with kids. Keya gave us a very warm welcome and a detailed room tour despite staying for just one day. Hope can stay longer as the hotel is always full during holidays. 5-star customer service!

## Hotel response
Dear Valued Guest, thank you so much for your wonderful feedback! We are delighted to hear that your check-in experience was smooth and that you received your room early, making your stay more convenient while traveling with children. We truly appreciate your kind words about Keya—her warm welcome and detailed room tour embody the service we strive to provide. It’s great to know that our team made your short stay memorable. We look forward to welcoming you back again, hopefully for a longer visit, and continuing to provide you with 5-star service. Yours sincerely, Galaxy Hotel",https://www.trip.com/hotels/macau-hotel-detail-344983/galaxy-hotel/
1982411077,344983,Galaxy Hotel,trip,2026-06-12T20:41:56,2026-06,,1,Rising review star,True,,Family,Deluxe City King,zh,5,Outstanding,Cleanliness: 5.0; Location: 5.0; Service: 5.0; Facilities: 5.0,前台Cathy服務很好👍好感動了～,"The front desk staff, Cathy, provided excellent service! I was truly touched. 👍",True,True,0,0,False,尊敬的客人，非常感謝您對我們的正面評價。得知前台同事 Cathy 的貼心服務讓您感動，我們深感榮幸。您的認可是我們不斷提升的動力。我們會繼續努力，期待您下次到訪澳門時再次入住銀河酒店！此致銀河酒店,2026-06-12T00:00:00,"# Galaxy Hotel review (Trip.com)

**Rating:** 5.0/5 ★★★★★
**Travel type:** Family

## Review
前台Cathy服務很好👍好感動了～

## Translation
The front desk staff, Cathy, provided excellent service! I was truly touched. 👍

## Hotel response
尊敬的客人，非常感謝您對我們的正面評價。得知前台同事 Cathy 的貼心服務讓您感動，我們深感榮幸。您的認可是我們不斷提升的動力。我們會繼續努力，期待您下次到訪澳門時再次入住銀河酒店！此致銀河酒店",https://www.trip.com/hotels/macau-hotel-detail-344983/galaxy-hotel/
1706494331,344983,Galaxy Hotel,trip,2025-10-11T00:12:09,2025-10,,2,Rising review star,True,,Family,Deluxe City King,zh,5,Outstanding,Cleanliness: 5.0; Location: 5.0; Service: 5.0; Facilities: 5.0,房間整潔乾淨，酒店對於我們的要求基本都有應必答，的確做到了賓至如歸的感覺，中間有點小插曲，但攜程跟酒店也都很認真在處理，可惜走的時候漏了些東西沒帶走，郵寄價格比物品還貴，攜程訂房真不錯，以後認定攜程了！,"The room was spotless and clean. The hotel was very responsive to all our requests, truly making us feel at home. There was a minor issue during our stay, but both Trip.com and the hotel handled it very professionally. Unfortunately, I left some items behind when I checked out, and the shipping cost was more than the items themselves. Booking through Trip.com was excellent; I'll definitely stick with them for future reservations!",True,True,3,1,False,尊敬的客人：衷心感謝您選擇入住銀河酒店，並抽空分享您的寶貴意見。我們很高興得知您對房間整潔度及服務響應表示滿意，並感受到賓至如歸的入住體驗。對於您提到的小插曲，我們也非常感謝您的理解與包容。酒店始終致力於積極處理每一位賓客的需求，力求為您提供安心、順暢的服務體驗。關於您離店時物品未能順利取回，希望客人能夠透過酒店網站與我們取得聯繫以作進一步更進。也期待未來您再次預訂我們酒店，我們將繼續為您提供貼心周到的服務。此致銀河酒店,2025-10-11T00:00:00,"# Galaxy Hotel review (Trip.com)

**Rating:** 5.0/5 ★★★★★
**Travel type:** Family

## Review
房間整潔乾淨，酒店對於我們的要求基本都有應必答，的確做到了賓至如歸的感覺，中間有點小插曲，但攜程跟酒店也都很認真在處理，可惜走的時候漏了些東西沒帶走，郵寄價格比物品還貴，攜程訂房真不錯，以後認定攜程了！

## Translation
The room was spotless and clean. The hotel was very responsive to all our requests, truly making us feel at home. There was a minor issue during our stay, but both Trip.com and the hotel handled it very professionally. Unfortunately, I left some items behind when I checked out, and the shipping cost was more than the items themselves. Booking through Trip.com was excellent; I'll definitely stick with them for future reservations!

## Hotel response
尊敬的客人：衷心感謝您選擇入住銀河酒店，並抽空分享您的寶貴意見。我們很高興得知您對房間整潔度及服務響應表示滿意，並感受到賓至如歸的入住體驗。對於您提到的小插曲，我們也非常感謝您的理解與包容。酒店始終致力於積極處理每一位賓客的需求，力求為您提供安心、順暢的服務體驗。關於您離店時物品未能順利取回，希望客人能夠透過酒店網站與我們取得聯繫以作進一步更進。也期待未來您再次預訂我們酒店，我們將繼續為您提供貼心周到的服務。此致銀河酒店",https://www.trip.com/hotels/macau-hotel-detail-344983/galaxy-hotel/
1705138907,344983,Galaxy Hotel,trip,2025-10-10T02:14:08,2025-10,Qiguaiaicaideshanyao,27,Review Specialist,False,,Family,Deluxe City King,zh,5,Outstanding,Cleanliness: 5.0; Location: 5.0; Service: 5.0; Facilities: 5.0,銀河真的非常適合帶孩子，環境好，房間細節備品都很棒，寶格麗洗漱，牙刷刮鬍刀拖鞋這些備品都很好，質感舒適度都很棒。前台很專業，有需求都能給出處理，我因為當天臨時訂的房間給孩子過生日，入住才提出可否稍微佈置下房間，馬上就給我處理，還送了我中秋節的巧克力點心。該酒店的小童樂園，環境好活動豐富，天浪淘園更是好玩又好拍，真的超級推薦。樓下吃的選擇也多，又好吃又好逛，住在這裏真的是超級方便。,"Galaxy is really great for families with kids. The environment is excellent, and the room details and amenities are top-notch. They provide Bulgari toiletries, and the toothbrushes, razors, and slippers are all of high quality and very comfortable. The front desk staff is very professional and responsive to requests. I booked the room last minute for my child's birthday and only asked upon check-in if they could decorate the room a bit. They immediately handled it for me and even gave me Mid-Autumn Festival chocolate desserts. The hotel's kids' club has a great environment and plenty of activities, and the Grand Resort Deck is fun and incredibly photogenic—highly recommended! There are also many delicious dining options downstairs, making it super convenient to stay here with great food and shopping.",True,True,3,6,False,尊敬的客人：非常感謝您選擇入住銀河酒店，並抽空分享您的入住體驗。我們很高興得知您和家人在這裏度過了愉快的時光，尤其是在孩子生日當天，我們能為您和家人留下美好回憶，令我們倍感欣慰。感謝您對房間設施以及前台服務的高度評價。另一方面我們很也高興聽到您在“童”樂坊和天浪淘園有很棒的體驗，並對我們的設施配套感到滿意。您的肯定是我們持續提升服務品質的最大動力。期待在不久的將來再次為您服務。此致銀河酒店,2025-10-11T00:00:00,"# Galaxy Hotel review (Trip.com)

**Rating:** 5.0/5 ★★★★★
**Travel type:** Family

## Review
銀河真的非常適合帶孩子，環境好，房間細節備品都很棒，寶格麗洗漱，牙刷刮鬍刀拖鞋這些備品都很好，質感舒適度都很棒。前台很專業，有需求都能給出處理，我因為當天臨時訂的房間給孩子過生日，入住才提出可否稍微佈置下房間，馬上就給我處理，還送了我中秋節的巧克力點心。該酒店的小童樂園，環境好活動豐富，天浪淘園更是好玩又好拍，真的超級推薦。樓下吃的選擇也多，又好吃又好逛，住在這裏真的是超級方便。

## Translation
Galaxy is really great for families with kids. The environment is excellent, and the room details and amenities are top-notch. They provide Bulgari toiletries, and the toothbrushes, razors, and slippers are all of high quality and very comfortable. The front desk staff is very professional and responsive to requests. I booked the room last minute for my child's birthday and only asked upon check-in if they could decorate the room a bit. They immediately handled it for me and even gave me Mid-Autumn Festival chocolate desserts. The hotel's kids' club has a great environment and plenty of activities, and the Grand Resort Deck is fun and incredibly photogenic—highly recommended! There are also many delicious dining options downstairs, making it super convenient to stay here with great food and shopping.

## Hotel response
尊敬的客人：非常感謝您選擇入住銀河酒店，並抽空分享您的入住體驗。我們很高興得知您和家人在這裏度過了愉快的時光，尤其是在孩子生日當天，我們能為您和家人留下美好回憶，令我們倍感欣慰。感謝您對房間設施以及前台服務的高度評價。另一方面我們很也高興聽到您在“童”樂坊和天浪淘園有很棒的體驗，並對我們的設施配套感到滿意。您的肯定是我們持續提升服務品質的最大動力。期待在不久的將來再次為您服務。此致銀河酒店",https://www.trip.com/hotels/macau-hotel-detail-344983/galaxy-hotel/
1703058457,344983,Galaxy Hotel,trip,2025-10-08T15:44:40,2025-10,CoCoTUAN,62,Review Expert,False,,Family,Deluxe City King,zh,5,Outstanding,Cleanliness: 5.0; Location: 5.0; Service: 5.0; Facilities: 5.0,太棒了，服務很熱情，因為我們一家四口，加床免費，早餐兩份送，所有的服務都非常到位，很棒的一次入住經驗。手動點贊…,"Fantastic! The service was incredibly warm and welcoming. Since we're a family of four, the extra bed was free, and they even included two breakfast vouchers. Every service was just perfect. It was a wonderful stay. Thumbs up!",True,True,1,5,False,尊敬的客人，非常感謝您抽出時間回饋您的入住體驗。得知您一家人在銀河酒店度過了愉快的時光，並對我們的貼心服務感到滿意，我們深感欣慰。加床及早餐的安排能為您帶來便利與舒適，是我們的榮幸。 您的肯定是我們持續努力的動力，期待您下次到訪澳門時再次入住銀河酒店！ 此致 銀河酒店,2025-10-08T00:00:00,"# Galaxy Hotel review (Trip.com)

**Rating:** 5.0/5 ★★★★★
**Travel type:** Family

## Review
太棒了，服務很熱情，因為我們一家四口，加床免費，早餐兩份送，所有的服務都非常到位，很棒的一次入住經驗。手動點贊…

## Translation
Fantastic! The service was incredibly warm and welcoming. Since we're a family of four, the extra bed was free, and they even included two breakfast vouchers. Every service was just perfect. It was a wonderful stay. Thumbs up!

## Hotel response
尊敬的客人，非常感謝您抽出時間回饋您的入住體驗。得知您一家人在銀河酒店度過了愉快的時光，並對我們的貼心服務感到滿意，我們深感欣慰。加床及早餐的安排能為您帶來便利與舒適，是我們的榮幸。 您的肯定是我們持續努力的動力，期待您下次到訪澳門時再次入住銀河酒店！ 此致 銀河酒店",https://www.trip.com/hotels/macau-hotel-detail-344983/galaxy-hotel/
1905847913,344983,Galaxy Hotel,trip,2026-04-10T17:10:32,2026-04,,13,Review Specialist,True,,Family,Deluxe City King,zh,5,Outstanding,Cleanliness: 5.0; Location: 5.0; Service: 5.0; Facilities: 5.0,"再一次入住澳門銀河，簡單的分享一下本人體驗：
1、客房的環境及衞生還是一如既往的好，無衞生問題。
2、酒店的枕頭十分的舒適，不是那種隨意的蓬鬆，頭枕在上面慢慢的舒緩感讓人放鬆且心情愉悦。
3、客房的服務人員的服務必須點贊，一是房間清潔十分的細心，且會根據客人的使用情況適時進行個性化的客房清潔服務。二是對於提供的一些小物品服務讓人感到非常貼心，比如會將計算機的電源線等收納整理並用銀河自家集線圈固定好，不顯凌亂。因為本人一些物品放置在了一張自帶的墊紙上，客房人員貼心的在墊紙上還放了一張銀河自家的柔軟墊布。之前有住萬豪，麗笙等都做不到。不吹不黑，本人真實體驗。
4、酒店內的服務人員反應迅速。酒店的某設施因小童不懂事出現異響，我告之一個服務員後，極短時間內就處理完畢。
5、酒店前台人員專業素質非常不錯，面對迅速增長的辦理入住的客人，悉心引導，分流辦理。對於一些平時大爺慣了的人，也不卑不亢，極短時間讓“大爺”無言以“懟”。
免費迷你吧:東西免費，品質精優，點個贊！","Another stay at Galaxy Macau, and here's a quick rundown of my experience:

1.  The room's environment and cleanliness were, as always, excellent with no hygiene issues.
2.  The hotel's pillows are incredibly comfortable; they're not just randomly fluffy. Resting your head on them offers a gradual, soothing sensation that's truly relaxing and pleasant.
3.  A huge shout-out to the housekeeping staff! Firstly, the room cleaning is meticulous, and they even provide personalized cleaning services based on guest usage. Secondly, the thoughtful little touches they provide are very much appreciated. For example, they neatly organize computer power cords and secure them with Galaxy-branded cable ties, preventing clutter. Because I had some of my items placed on a mat I brought, the housekeeping staff thoughtfully placed a soft, Galaxy-branded mat underneath it. Hotels I've stayed at before, like Marriott and Radisson, couldn't match this. This is my genuine experience, no exaggeration.
4.  The hotel staff are very responsive. A certain facility in the hotel started making strange noises due to a child's antics. After I informed a staff member, it was resolved in a very short time.
5.  The front desk staff are highly professional. When facing a rapidly growing number of guests checking in, they skillfully guided and streamlined the process. They handled even habitually demanding guests with grace and professionalism, quickly leaving these 'VIPs' speechless. 

Complimentary Minibar: The items are free and of excellent quality – a definite thumbs-up!",True,True,1,0,False,尊貴的客人，  非常感謝您再次選擇入住澳門銀河並分享您的詳細體驗！很高興得知您對客房環境、枕頭舒適度、客房服務、前台專業以及免費迷你吧都感到滿意。您對細節的肯定讓我們的團隊深受鼓舞。我們會繼續努力，提供更貼心、更完善的服務，期待您再次光臨，享受更加愉快的住宿體驗。此致 銀河酒店,2026-04-11T00:00:00,"# Galaxy Hotel review (Trip.com)

**Rating:** 5.0/5 ★★★★★
**Travel type:** Family

## Review
再一次入住澳門銀河，簡單的分享一下本人體驗：
1、客房的環境及衞生還是一如既往的好，無衞生問題。
2、酒店的枕頭十分的舒適，不是那種隨意的蓬鬆，頭枕在上面慢慢的舒緩感讓人放鬆且心情愉悦。
3、客房的服務人員的服務必須點贊，一是房間清潔十分的細心，且會根據客人的使用情況適時進行個性化的客房清潔服務。二是對於提供的一些小物品服務讓人感到非常貼心，比如會將計算機的電源線等收納整理並用銀河自家集線圈固定好，不顯凌亂。因為本人一些物品放置在了一張自帶的墊紙上，客房人員貼心的在墊紙上還放了一張銀河自家的柔軟墊布。之前有住萬豪，麗笙等都做不到。不吹不黑，本人真實體驗。
4、酒店內的服務人員反應迅速。酒店的某設施因小童不懂事出現異響，我告之一個服務員後，極短時間內就處理完畢。
5、酒店前台人員專業素質非常不錯，面對迅速增長的辦理入住的客人，悉心引導，分流辦理。對於一些平時大爺慣了的人，也不卑不亢，極短時間讓“大爺”無言以“懟”。
免費迷你吧:東西免費，品質精優，點個贊！

## Translation
Another stay at Galaxy Macau, and here's a quick rundown of my experience:

1.  The room's environment and cleanliness were, as always, excellent with no hygiene issues.
2.  The hotel's pillows are incredibly comfortable; they're not just randomly fluffy. Resting your head on them offers a gradual, soothing sensation that's truly relaxing and pleasant.
3.  A huge shout-out to the housekeeping staff! Firstly, the room cleaning is meticulous, and they even provide personalized cleaning services based on guest usage. Secondly, the thoughtful little touches they provide are very much appreciated. For example, they neatly organize computer power cords and secure them with Galaxy-branded cable ties, preventing clutter. Because I had some of my items placed on a mat I brought, the housekeeping staff thoughtfully placed a soft, Galaxy-branded mat underneath it. Hotels I've stayed at before, like Marriott and Radisson, couldn't match this. This is my genuine experience, no exaggeration.
4.  The hotel staff are very responsive. A certain facility in the hotel started making strange noises due to a child's antics. After I informed a staff member, it was resolved in a very short time.
5.  The front desk staff are highly professional. When facing a rapidly growing number of guests checking in, they skillfully guided and streamlined the process. They handled even habitually demanding guests with grace and professionalism, quickly leaving these 'VIPs' speechless. 

Complimentary Minibar: The items are free and of excellent quality – a definite thumbs-up!

## Hotel response
尊貴的客人，  非常感謝您再次選擇入住澳門銀河並分享您的詳細體驗！很高興得知您對客房環境、枕頭舒適度、客房服務、前台專業以及免費迷你吧都感到滿意。您對細節的肯定讓我們的團隊深受鼓舞。我們會繼續努力，提供更貼心、更完善的服務，期待您再次光臨，享受更加愉快的住宿體驗。此致 銀河酒店",https://www.trip.com/hotels/macau-hotel-detail-344983/galaxy-hotel/
1717095725,344983,Galaxy Hotel,trip,2025-10-19T20:48:37,2025-10,,42,Review Expert,True,,Family,Deluxe City King,zh,5,Outstanding,Cleanliness: 5.0; Location: 5.0; Service: 5.0; Facilities: 5.0,過關後**巴士到，辦理入住工作人員也很耐心，也根據需求準備了小朋友的帳篷和用品，非常滿意。電梯下二樓就是天浪淘園和童樂坊，一樓就是商場，步行就可以到官也街，非常方便。孩子住了三天都沒玩夠，下次再去。,"After a decent bus ride, the check-in staff were very patient and even prepared a tent and amenities for the kids as requested, which we really appreciated. The hotel is super convenient; just take the elevator down to the second floor for the Grand Resort Deck and the Kids' Club, and the first floor leads straight to the mall. Cunha Street is also just a short walk away. My kids stayed for three days and still didn't want to leave. We'll definitely be back!",True,True,2,4,False,尊敬的客人， 感謝您選擇入住澳門銀河酒店，我們很高興得知您順利搭乘**巴士抵達，並對入住體驗感到滿意。特別感謝您對我們為小朋友準備的帳篷及用品的讚賞。天浪淘園與童樂坊一直是家庭旅客的熱門選擇，而便捷的地理位置也是我們的優勢之一。孩子們的歡樂時光是我們最大的動力，期待您們再次光臨，繼續探索更多精彩！此致 銀河酒店,2025-10-24T00:00:00,"# Galaxy Hotel review (Trip.com)

**Rating:** 5.0/5 ★★★★★
**Travel type:** Family

## Review
過關後**巴士到，辦理入住工作人員也很耐心，也根據需求準備了小朋友的帳篷和用品，非常滿意。電梯下二樓就是天浪淘園和童樂坊，一樓就是商場，步行就可以到官也街，非常方便。孩子住了三天都沒玩夠，下次再去。

## Translation
After a decent bus ride, the check-in staff were very patient and even prepared a tent and amenities for the kids as requested, which we really appreciated. The hotel is super convenient; just take the elevator down to the second floor for the Grand Resort Deck and the Kids' Club, and the first floor leads straight to the mall. Cunha Street is also just a short walk away. My kids stayed for three days and still didn't want to leave. We'll definitely be back!

## Hotel response
尊敬的客人， 感謝您選擇入住澳門銀河酒店，我們很高興得知您順利搭乘**巴士抵達，並對入住體驗感到滿意。特別感謝您對我們為小朋友準備的帳篷及用品的讚賞。天浪淘園與童樂坊一直是家庭旅客的熱門選擇，而便捷的地理位置也是我們的優勢之一。孩子們的歡樂時光是我們最大的動力，期待您們再次光臨，繼續探索更多精彩！此致 銀河酒店",https://www.trip.com/hotels/macau-hotel-detail-344983/galaxy-hotel/
1741074463,344983,Galaxy Hotel,trip,2025-11-05T08:39:54,2025-10,gogo,7,Review Specialist,False,,Family,Deluxe City Twin,zh,5,Outstanding,Cleanliness: 5.0; Location: 5.0; Service: 5.0; Facilities: 5.0,"從新濠影滙轉戰銀河，對比真的太明顯了，銀河服務真的特別好特別好，從酒店入住的引領，到辦完入住的前台共同送至電梯，以前覺得大一些的酒店這樣的服務很正常，但是新濠影滙太差了，所以對比很明顯。天浪淘園小朋友非常喜歡，北方的小朋友長假如果想去玩水，十個很好的選擇
設施：維護的很好，整體看起來還是新的
衞生：對於我這種比較關注衞生的客人，也是很oj
環境：樓下就有娛樂場，長者玩的開心，童樂坊小朋友也非常喜歡，周邊還有那個老街，很多人去打卡，過個馬路就是，非常方便
服務：很滿意","Switched from Studio City to Galaxy, and the contrast is stark. Galaxy's service is absolutely outstanding, from being escorted to check-in to the front desk staff walking us to the elevator after we were done. I used to think this level of service was standard for larger hotels, but Studio City was so disappointing, making the difference incredibly obvious. My kids absolutely loved the Grand Resort Deck; it's a fantastic option for children from the North wanting to play in the water during long holidays.

**Facilities**: Very well-maintained; everything still looks new.
**Hygiene**: Even for someone like me who's quite particular about cleanliness, it was great.
**Environment**: There's a casino downstairs that the elderly enjoyed, and the kids also loved the Kids' Club. The old town is nearby too, a popular spot for photos, just across the road, which is super convenient.
**Service**: Very satisfied.",True,True,3,6,False,尊敬的客人：衷心感謝您選擇入住銀河酒店，並分享如此詳盡而温暖的評價。我們非常高興得知您在服務、設施、環境等各方面都擁有愉快的體驗，尤其是天浪淘園和童樂坊能為小朋友們帶來歡樂，也讓我們倍感欣慰。您的認同是我們持續提升服務品質的最大動力。我們也會繼續努力，為每一位賓客打造安心、舒適且充滿温度的入住體驗。期待在不久的將來再次為您和家人服務！此致 銀河酒店,2025-11-05T00:00:00,"# Galaxy Hotel review (Trip.com)

**Rating:** 5.0/5 ★★★★★
**Travel type:** Family

## Review
從新濠影滙轉戰銀河，對比真的太明顯了，銀河服務真的特別好特別好，從酒店入住的引領，到辦完入住的前台共同送至電梯，以前覺得大一些的酒店這樣的服務很正常，但是新濠影滙太差了，所以對比很明顯。天浪淘園小朋友非常喜歡，北方的小朋友長假如果想去玩水，十個很好的選擇
設施：維護的很好，整體看起來還是新的
衞生：對於我這種比較關注衞生的客人，也是很oj
環境：樓下就有娛樂場，長者玩的開心，童樂坊小朋友也非常喜歡，周邊還有那個老街，很多人去打卡，過個馬路就是，非常方便
服務：很滿意

## Translation
Switched from Studio City to Galaxy, and the contrast is stark. Galaxy's service is absolutely outstanding, from being escorted to check-in to the front desk staff walking us to the elevator after we were done. I used to think this level of service was standard for larger hotels, but Studio City was so disappointing, making the difference incredibly obvious. My kids absolutely loved the Grand Resort Deck; it's a fantastic option for children from the North wanting to play in the water during long holidays.

**Facilities**: Very well-maintained; everything still looks new.
**Hygiene**: Even for someone like me who's quite particular about cleanliness, it was great.
**Environment**: There's a casino downstairs that the elderly enjoyed, and the kids also loved the Kids' Club. The old town is nearby too, a popular spot for photos, just across the road, which is super convenient.
**Service**: Very satisfied.

## Hotel response
尊敬的客人：衷心感謝您選擇入住銀河酒店，並分享如此詳盡而温暖的評價。我們非常高興得知您在服務、設施、環境等各方面都擁有愉快的體驗，尤其是天浪淘園和童樂坊能為小朋友們帶來歡樂，也讓我們倍感欣慰。您的認同是我們持續提升服務品質的最大動力。我們也會繼續努力，為每一位賓客打造安心、舒適且充滿温度的入住體驗。期待在不久的將來再次為您和家人服務！此致 銀河酒店",https://www.trip.com/hotels/macau-hotel-detail-344983/galaxy-hotel/
1619255781,344983,Galaxy Hotel,trip,2025-08-04T15:28:50,2025-08,,22,Review Specialist,True,,Family,Deluxe City Twin,zh,5,Outstanding,Cleanliness: 5.0; Location: 5.0; Service: 5.0; Facilities: 5.0,"心心念唸的銀河終於來了 意外驚喜升級了120平的套房 小朋友知乎奢華～
銀河的服務超級nice 看到我們三個人還主動給加了一張床
浪淘園裡娃嗨了三小時 晚上洗好澡就呼呼大睡了 看來非常enjoy
另一個驚喜是銀河提供的三人免費早午餐
每一道菜做的都很好 很地道
銀河的大堂show也是超級壕 很壯觀的show","We'd been looking forward to visiting Galaxy, and it certainly lived up to expectations! We were pleasantly surprised with an upgrade to a spacious 120-sqm suite, which even the kids found incredibly luxurious.

Galaxy's service was exceptional; seeing there were three of us, they proactively added an extra bed without us even asking.

The children had a blast for three hours at the Grand Resort Deck's wave pool (浪淘园), and by evening, after their bath, they fell fast asleep – clearly, they thoroughly enjoyed themselves!

Another delightful surprise was the complimentary brunch for three provided by Galaxy. Every dish was expertly prepared and tasted wonderfully authentic.

The lobby show at Galaxy was also incredibly grand and spectacular.",True,True,3,20,False,尊敬的客人，非常感謝您抽出時間反饋您的入住體驗。很高興看到我們的員工為您提供了優越的服務，得到您的認可，我們深感自豪。得悉您和小朋友們都在這裏度過愉快的時光，能為您提供美味的早餐，開啟愉快的一天。是我們的榮幸，我們會繼續努力，期待您下次到訪澳門時再次入住銀河酒店！此致銀河酒店,2025-08-04T00:00:00,"# Galaxy Hotel review (Trip.com)

**Rating:** 5.0/5 ★★★★★
**Travel type:** Family

## Review
心心念唸的銀河終於來了 意外驚喜升級了120平的套房 小朋友知乎奢華～
銀河的服務超級nice 看到我們三個人還主動給加了一張床
浪淘園裡娃嗨了三小時 晚上洗好澡就呼呼大睡了 看來非常enjoy
另一個驚喜是銀河提供的三人免費早午餐
每一道菜做的都很好 很地道
銀河的大堂show也是超級壕 很壯觀的show

## Translation
We'd been looking forward to visiting Galaxy, and it certainly lived up to expectations! We were pleasantly surprised with an upgrade to a spacious 120-sqm suite, which even the kids found incredibly luxurious.

Galaxy's service was exceptional; seeing there were three of us, they proactively added an extra bed without us even asking.

The children had a blast for three hours at the Grand Resort Deck's wave pool (浪淘园), and by evening, after their bath, they fell fast asleep – clearly, they thoroughly enjoyed themselves!

Another delightful surprise was the complimentary brunch for three provided by Galaxy. Every dish was expertly prepared and tasted wonderfully authentic.

The lobby show at Galaxy was also incredibly grand and spectacular.

## Hotel response
尊敬的客人，非常感謝您抽出時間反饋您的入住體驗。很高興看到我們的員工為您提供了優越的服務，得到您的認可，我們深感自豪。得悉您和小朋友們都在這裏度過愉快的時光，能為您提供美味的早餐，開啟愉快的一天。是我們的榮幸，我們會繼續努力，期待您下次到訪澳門時再次入住銀河酒店！此致銀河酒店",https://www.trip.com/hotels/macau-hotel-detail-344983/galaxy-hotel/
1715433403,344983,Galaxy Hotel,trip,2025-10-18T12:04:47,2025-09,,3,Rising review star,True,,Family,Deluxe City King,zh,5,Outstanding,Cleanliness: 5.0; Location: 5.0; Service: 5.0; Facilities: 5.0,房間乾淨整潔，酒店服務非常貼心，到一樓就有豐富的餐飲購物一條街，可惜去的時候刮颱風沒有玩到天浪淘園，下次還會再來。,"The room was clean and tidy, and the hotel service was very thoughtful. There's a fantastic street on the first floor with plenty of dining and shopping options. It's a shame we couldn't enjoy the Grand Resort Deck due to a typhoon during our visit, but we'll definitely be back!",True,True,0,3,False,尊敬的客人：非常感謝您對我們酒店的肯定與支持！我們很高興得知您對房間環境和服務感到滿意，也感謝您對酒店配套設施的認可。對於您此次因颱風未能體驗天浪淘園，我們深感遺憾，期待您下次再來時能有更完整的美好體驗。我們全體員工將繼續努力，為您帶來更加貼心舒適的入住感受！此致 銀河酒店,2025-10-18T00:00:00,"# Galaxy Hotel review (Trip.com)

**Rating:** 5.0/5 ★★★★★
**Travel type:** Family

## Review
房間乾淨整潔，酒店服務非常貼心，到一樓就有豐富的餐飲購物一條街，可惜去的時候刮颱風沒有玩到天浪淘園，下次還會再來。

## Translation
The room was clean and tidy, and the hotel service was very thoughtful. There's a fantastic street on the first floor with plenty of dining and shopping options. It's a shame we couldn't enjoy the Grand Resort Deck due to a typhoon during our visit, but we'll definitely be back!

## Hotel response
尊敬的客人：非常感謝您對我們酒店的肯定與支持！我們很高興得知您對房間環境和服務感到滿意，也感謝您對酒店配套設施的認可。對於您此次因颱風未能體驗天浪淘園，我們深感遺憾，期待您下次再來時能有更完整的美好體驗。我們全體員工將繼續努力，為您帶來更加貼心舒適的入住感受！此致 銀河酒店",https://www.trip.com/hotels/macau-hotel-detail-344983/galaxy-hotel/
1900059403,344983,Galaxy Hotel,trip,2026-04-06T10:05:43,2026-03,,9,Review Specialist,True,,Family,Deluxe City King,zh,5,Outstanding,Cleanliness: 5.0; Location: 5.0; Service: 5.0; Facilities: 5.0,好多次來銀河，小朋友特別喜歡，衞生乾淨，雖然這次天浪淘園還沒有開放，還是玩的很開心，服務很貼心，這次來過生日，酒店還升級了套房，銀河是我們每次帶娃首選,"We've been to Galaxy many times, and the kids absolutely love it. It's always clean and tidy. Even though the Grand Resort Deck wasn't open this time, we still had a fantastic time. The service is incredibly thoughtful; they even upgraded us to a suite for my birthday visit! Galaxy is always our first choice when traveling with kids.",True,True,0,0,False,尊敬的客人，感謝您選擇入住澳門銀河酒店，很高興聽到您與小朋友入住愉快。我們致力保持提供予不同年齡層的客人用品和提供的服務設施達到五星級超凡的水準，希望在不久的將來能夠再次為您服務。 此致銀河酒店,2026-04-07T00:00:00,"# Galaxy Hotel review (Trip.com)

**Rating:** 5.0/5 ★★★★★
**Travel type:** Family

## Review
好多次來銀河，小朋友特別喜歡，衞生乾淨，雖然這次天浪淘園還沒有開放，還是玩的很開心，服務很貼心，這次來過生日，酒店還升級了套房，銀河是我們每次帶娃首選

## Translation
We've been to Galaxy many times, and the kids absolutely love it. It's always clean and tidy. Even though the Grand Resort Deck wasn't open this time, we still had a fantastic time. The service is incredibly thoughtful; they even upgraded us to a suite for my birthday visit! Galaxy is always our first choice when traveling with kids.

## Hotel response
尊敬的客人，感謝您選擇入住澳門銀河酒店，很高興聽到您與小朋友入住愉快。我們致力保持提供予不同年齡層的客人用品和提供的服務設施達到五星級超凡的水準，希望在不久的將來能夠再次為您服務。 此致銀河酒店",https://www.trip.com/hotels/macau-hotel-detail-344983/galaxy-hotel/
1892864963,344983,Galaxy Hotel,trip,2026-03-30T18:30:48,2026-03,e00055348,12,Review Specialist,False,,Couple,Deluxe City King,en,5,Outstanding,Cleanliness: 5.0; Location: 5.0; Service: 5.0; Facilities: 5.0,Very comfortable with the room and the stay was wonderful! Very accessible to shopping areas and off course the ****** was nice !,,False,True,0,0,False,"Dear Valued Guest,Thank you for your positive feedback. We are delighted to hear that you had a wonderful experience at our hotel and that you were satisfied with our facilities. Your comments are truly our motivation!We look forward to the pleasure of serving you again in the near future.Yours sincerely,Galaxy Hotel",2026-04-01T00:00:00,"# Galaxy Hotel review (Trip.com)

**Rating:** 5.0/5 ★★★★★
**Travel type:** Couple

## Review
Very comfortable with the room and the stay was wonderful! Very accessible to shopping areas and off course the ****** was nice !

## Hotel response
Dear Valued Guest,Thank you for your positive feedback. We are delighted to hear that you had a wonderful experience at our hotel and that you were satisfied with our facilities. Your comments are truly our motivation!We look forward to the pleasure of serving you again in the near future.Yours sincerely,Galaxy Hotel",https://www.trip.com/hotels/macau-hotel-detail-344983/galaxy-hotel/
1980551749,344983,Galaxy Hotel,trip,2026-06-11T12:38:24,2026-03,Maozhaxiaobai,40,Review Expert,False,,Other,Deluxe City King,zh,5,Outstanding,Cleanliness: 5.0; Location: 5.0; Service: 5.0; Facilities: 5.0,服務非常不錯，娛樂購物吃飯非常方便,"The service was excellent, and it was super convenient for entertainment, shopping, and dining.",True,True,0,0,False,尊敬的客人，感謝您對我們的正面評價。我們很高興聽到您在酒店有很棒的體驗。我們希望在不久的將來再次為您們服務。 此致銀河酒店。,2026-06-11T00:00:00,"# Galaxy Hotel review (Trip.com)

**Rating:** 5.0/5 ★★★★★
**Travel type:** Other

## Review
服務非常不錯，娛樂購物吃飯非常方便

## Translation
The service was excellent, and it was super convenient for entertainment, shopping, and dining.

## Hotel response
尊敬的客人，感謝您對我們的正面評價。我們很高興聽到您在酒店有很棒的體驗。我們希望在不久的將來再次為您們服務。 此致銀河酒店。",https://www.trip.com/hotels/macau-hotel-detail-344983/galaxy-hotel/
1872332063,344983,Galaxy Hotel,trip,2026-03-11T14:43:09,2026-03,,2,Rising review star,True,,Couple,Deluxe City King,zh,5,Outstanding,Cleanliness: 5.0; Location: 5.0; Service: 5.0; Facilities: 5.0,酒店房間明亮乾淨，服務態度也不錯，酒店去哪裡遊玩都很方便，酒店餐飲也非常不錯，要吃什麼類型的應有盡有！,"The hotel rooms are bright and clean, and the service is good. It's also very convenient to get to attractions from the hotel. The hotel's dining is excellent, with a wide variety of food options available!",True,True,0,0,False,尊敬的客人，感謝您對我們的正面評價。我們很高興聽到您在酒店有很棒的體驗並對我們的餐飲配套及地理位置感到滿意。您的評論成就我們的動力！我們希望在不久的將來再次為您服務。此致銀河酒店,2026-03-12T00:00:00,"# Galaxy Hotel review (Trip.com)

**Rating:** 5.0/5 ★★★★★
**Travel type:** Couple

## Review
酒店房間明亮乾淨，服務態度也不錯，酒店去哪裡遊玩都很方便，酒店餐飲也非常不錯，要吃什麼類型的應有盡有！

## Translation
The hotel rooms are bright and clean, and the service is good. It's also very convenient to get to attractions from the hotel. The hotel's dining is excellent, with a wide variety of food options available!

## Hotel response
尊敬的客人，感謝您對我們的正面評價。我們很高興聽到您在酒店有很棒的體驗並對我們的餐飲配套及地理位置感到滿意。您的評論成就我們的動力！我們希望在不久的將來再次為您服務。此致銀河酒店",https://www.trip.com/hotels/macau-hotel-detail-344983/galaxy-hotel/
1873472241,344983,Galaxy Hotel,trip,2026-03-12T17:59:02,2026-03,,5,Review Specialist,True,,Couple,Deluxe City King,zh,5,Outstanding,Cleanliness: 5.0; Location: 5.0; Service: 5.0; Facilities: 5.0,房間乾淨整潔，整體入住環境舒適。尤其前廳部的Nora跟William對於酒店介紹和周圍設施介紹很到位。整體入住感覺很好，下次來澳門還是首選,"The room was clean and tidy, and the overall stay was comfortable. Nora and William from the front office were particularly helpful with hotel information and local amenities. Overall, I had a great stay, and it will be my top choice next time I visit Macau.",True,True,0,0,False,尊敬的客人，感謝您對我們的正面評價。我們很高興聽到您在酒店有很棒的體驗，並對房間環境以及我們員工 Nora 與 William 的貼心服務感到滿意。您的評論成就我們的動力！我們希望在不久的將來再次為您服務。此致銀河酒店,2026-03-12T00:00:00,"# Galaxy Hotel review (Trip.com)

**Rating:** 5.0/5 ★★★★★
**Travel type:** Couple

## Review
房間乾淨整潔，整體入住環境舒適。尤其前廳部的Nora跟William對於酒店介紹和周圍設施介紹很到位。整體入住感覺很好，下次來澳門還是首選

## Translation
The room was clean and tidy, and the overall stay was comfortable. Nora and William from the front office were particularly helpful with hotel information and local amenities. Overall, I had a great stay, and it will be my top choice next time I visit Macau.

## Hotel response
尊敬的客人，感謝您對我們的正面評價。我們很高興聽到您在酒店有很棒的體驗，並對房間環境以及我們員工 Nora 與 William 的貼心服務感到滿意。您的評論成就我們的動力！我們希望在不久的將來再次為您服務。此致銀河酒店",https://www.trip.com/hotels/macau-hotel-detail-344983/galaxy-hotel/
1729323405,344983,Galaxy Hotel,trip,2025-10-26T19:59:37,2025-09,,13,Review Specialist,True,,Family,Deluxe City King,zh,5,Outstanding,Cleanliness: 5.0; Location: 5.0; Service: 5.0; Facilities: 5.0,浪淘園來了還想來，酒店送了很多小童用品，房間舒服又乾淨，走廊也會有工作人員來查看，給人帶來安全感。免費使用「童」在銀河的「童」樂坊，裏面的項目活動都很有趣，小朋友很喜歡。,"I keep wanting to come back to Lang Tao Yuan! The hotel provided so many kids' amenities, and our room was comfortable and clean. Staff members also frequently checked the corridors, which made us feel very safe. We got free access to the 'Tong' Joyland at Galaxy, and all the activities there were so much fun. The kids absolutely loved it.",True,True,0,4,False,尊敬的客人：感谢您对澳門銀河酒店的好评，我们很高兴您和小朋友在天浪淘園及「童」樂坊玩得开心，也满意我们的儿童用品和房间环境。这是对我们团队的鼓励。期待不久后再次欢迎您和家人回到银河，共度美好时光。此致 銀河酒店,2025-10-27T00:00:00,"# Galaxy Hotel review (Trip.com)

**Rating:** 5.0/5 ★★★★★
**Travel type:** Family

## Review
浪淘園來了還想來，酒店送了很多小童用品，房間舒服又乾淨，走廊也會有工作人員來查看，給人帶來安全感。免費使用「童」在銀河的「童」樂坊，裏面的項目活動都很有趣，小朋友很喜歡。

## Translation
I keep wanting to come back to Lang Tao Yuan! The hotel provided so many kids' amenities, and our room was comfortable and clean. Staff members also frequently checked the corridors, which made us feel very safe. We got free access to the 'Tong' Joyland at Galaxy, and all the activities there were so much fun. The kids absolutely loved it.

## Hotel response
尊敬的客人：感谢您对澳門銀河酒店的好评，我们很高兴您和小朋友在天浪淘園及「童」樂坊玩得开心，也满意我们的儿童用品和房间环境。这是对我们团队的鼓励。期待不久后再次欢迎您和家人回到银河，共度美好时光。此致 銀河酒店",https://www.trip.com/hotels/macau-hotel-detail-344983/galaxy-hotel/
1662285905,344983,Galaxy Hotel,trip,2025-09-05T14:30:38,2025-09,yynccino,16,Review Specialist,False,,Family,Deluxe City Twin,zh,5,Outstanding,Cleanliness: 5.0; Location: 5.0; Service: 5.0; Facilities: 5.0,"設施： 有些地方正在裝修 樓層有很大的甲醛味
衞生： 乾淨
環境： 這麼大的酒店 又打親子 希望床圍能升級一下吧。
服務：很專業
2大2小天浪淘園門票 : 適合小寶寶 小朋友很開心
免費使用「童」在銀河的「童」樂坊，每房限兩位成人及兩位小童: 其實很小 然後又在維修一些設備，適合小年齡的東西不是很多","Facilities: Some areas are currently undergoing renovation, and there was a noticeable formaldehyde odor on our floor.
Cleanliness: Clean.
Ambiance: For a hotel of this size that promotes itself as family-friendly, I'd hope for an upgrade to the bed safety rails.
Service: Very professional.
Grand Resort Deck tickets (2 adults, 2 children): Great for young children; our kids absolutely loved it.
Free access to ""Kids at Galaxy"" Playroom (limited to 2 adults, 2 children per room): It's quite small, and some equipment was under maintenance. There weren't many activities suitable for younger children.",True,True,3,4,False,尊敬的客人:感謝您選擇入住澳門銀河酒店 ，很高興聽到您與小朋友享受在天浪淘園的玩耍時光。我們致力保持提供予不同年齡層的客人用品和提供的服務設施達到五星級超凡的水平，很遺憾得知您入住當天樓層存在着異味，請接受我們真誠的道歉。希望在不久的將來能夠再次為您服務。 此致 銀河酒店,2025-09-12T00:00:00,"# Galaxy Hotel review (Trip.com)

**Rating:** 5.0/5 ★★★★★
**Travel type:** Family

## Review
設施： 有些地方正在裝修 樓層有很大的甲醛味
衞生： 乾淨
環境： 這麼大的酒店 又打親子 希望床圍能升級一下吧。
服務：很專業
2大2小天浪淘園門票 : 適合小寶寶 小朋友很開心
免費使用「童」在銀河的「童」樂坊，每房限兩位成人及兩位小童: 其實很小 然後又在維修一些設備，適合小年齡的東西不是很多

## Translation
Facilities: Some areas are currently undergoing renovation, and there was a noticeable formaldehyde odor on our floor.
Cleanliness: Clean.
Ambiance: For a hotel of this size that promotes itself as family-friendly, I'd hope for an upgrade to the bed safety rails.
Service: Very professional.
Grand Resort Deck tickets (2 adults, 2 children): Great for young children; our kids absolutely loved it.
Free access to ""Kids at Galaxy"" Playroom (limited to 2 adults, 2 children per room): It's quite small, and some equipment was under maintenance. There weren't many activities suitable for younger children.

## Hotel response
尊敬的客人:感謝您選擇入住澳門銀河酒店 ，很高興聽到您與小朋友享受在天浪淘園的玩耍時光。我們致力保持提供予不同年齡層的客人用品和提供的服務設施達到五星級超凡的水平，很遺憾得知您入住當天樓層存在着異味，請接受我們真誠的道歉。希望在不久的將來能夠再次為您服務。 此致 銀河酒店",https://www.trip.com/hotels/macau-hotel-detail-344983/galaxy-hotel/
1866605231,344983,Galaxy Hotel,trip,2026-03-05T17:22:30,2026-03,,1,Rising review star,True,,Other,Deluxe City King,zh,5,Outstanding,Cleanliness: 5.0; Location: 5.0; Service: 5.0; Facilities: 5.0,房間乾淨整潔，衞生。酒店還貼心的送有澳門特色小點心，還有水果。服務生態度超級好，細心介紹房間的物品位置，使用情況。下次還要入住哦。,"The room was clean and tidy. The hotel also thoughtfully provided Macanese-style snacks and fruit. The staff were incredibly friendly and helpful, meticulously explaining the location and use of everything in the room. I'll definitely be staying here again!",True,True,0,0,False,尊敬的客人:非常感謝您抽出時間回饋您的入住體驗。很高興看到我們的員工為您提供了優越的服務及對整體入住體驗都感到滿意。期待您下次到訪澳門時再次入住銀河酒店！此致銀河酒店,2026-03-05T00:00:00,"# Galaxy Hotel review (Trip.com)

**Rating:** 5.0/5 ★★★★★
**Travel type:** Other

## Review
房間乾淨整潔，衞生。酒店還貼心的送有澳門特色小點心，還有水果。服務生態度超級好，細心介紹房間的物品位置，使用情況。下次還要入住哦。

## Translation
The room was clean and tidy. The hotel also thoughtfully provided Macanese-style snacks and fruit. The staff were incredibly friendly and helpful, meticulously explaining the location and use of everything in the room. I'll definitely be staying here again!

## Hotel response
尊敬的客人:非常感謝您抽出時間回饋您的入住體驗。很高興看到我們的員工為您提供了優越的服務及對整體入住體驗都感到滿意。期待您下次到訪澳門時再次入住銀河酒店！此致銀河酒店",https://www.trip.com/hotels/macau-hotel-detail-344983/galaxy-hotel/
1857441431,344983,Galaxy Hotel,trip,2026-02-25T15:57:11,2026-02,Haley1227,3,Rising review star,False,,Family,Deluxe City King,zh,5,Outstanding,Cleanliness: 5.0; Location: 5.0; Service: 5.0; Facilities: 5.0,"房間很好，管家也不錯，感謝Nora Elemer Lily為我們辦理入住，還提供了很多小童遊樂的建議和用品。
免費使用「童」在銀河的「童」樂坊，每房限兩位成人及兩位小童，雖然沒時間去，但是房間裏的帳篷也很受小朋友歡迎哦
免費迷你吧:有一次免費minibar，基本夠用，還有免費零食和泡麪","The room was great, and the butler service was excellent. A big thank you to Nora, Elemer, and Lily for a smooth check-in and for providing so many recommendations and amenities for the kids' entertainment. We also had complimentary access to the 'Kids at Galaxy' play area, limited to two adults and two children per room. Although we didn't have time to go, the tent in the room was a big hit with the little ones! The free minibar, with one complimentary refill, was well-stocked with snacks and instant noodles, which was more than enough.",True,True,0,0,False,尊敬的客人，感謝您對我們的正面評價。我們很高興聽到您在酒店有很棒的體驗並對我們的設施配套及員工Nora，Elemer和Lily的服務態度感到滿意。您的評論成就我們的動力！我們希望在不久的將來再次為您服務。此致銀河酒店,2026-02-25T00:00:00,"# Galaxy Hotel review (Trip.com)

**Rating:** 5.0/5 ★★★★★
**Travel type:** Family

## Review
房間很好，管家也不錯，感謝Nora Elemer Lily為我們辦理入住，還提供了很多小童遊樂的建議和用品。
免費使用「童」在銀河的「童」樂坊，每房限兩位成人及兩位小童，雖然沒時間去，但是房間裏的帳篷也很受小朋友歡迎哦
免費迷你吧:有一次免費minibar，基本夠用，還有免費零食和泡麪

## Translation
The room was great, and the butler service was excellent. A big thank you to Nora, Elemer, and Lily for a smooth check-in and for providing so many recommendations and amenities for the kids' entertainment. We also had complimentary access to the 'Kids at Galaxy' play area, limited to two adults and two children per room. Although we didn't have time to go, the tent in the room was a big hit with the little ones! The free minibar, with one complimentary refill, was well-stocked with snacks and instant noodles, which was more than enough.

## Hotel response
尊敬的客人，感謝您對我們的正面評價。我們很高興聽到您在酒店有很棒的體驗並對我們的設施配套及員工Nora，Elemer和Lily的服務態度感到滿意。您的評論成就我們的動力！我們希望在不久的將來再次為您服務。此致銀河酒店",https://www.trip.com/hotels/macau-hotel-detail-344983/galaxy-hotel/
1849160936,344983,Galaxy Hotel,trip,2026-02-19T13:59:16,2026-02,alyssams,2,Rising review star,False,,Couple,Deluxe City King,en,5,Outstanding,Cleanliness: 5.0; Location: 5.0; Service: 5.0; Facilities: 5.0,"The hotel is very nice, very comfortable. The best amenities I’ve seen. The let us do an early check in and a late checkout. 

The shuttle bus is very convenient. However you have to walk a bit from the drop off point until the reception, which could be uncomfortable when carrying big luggage’s. Also a service of bringing the luggage up to the room would have been good but was not offered.

Overall it was one of the best hotels we have ever stayed in.",,False,True,0,0,False,"Dear Valued Guest, Thank you for your positive feedback. We are delighted to hear that you had a wonderful experience at our hotel and that you were satisfied with our facilities and the service provided by our staff. Your comments are truly our motivation! We regret to learn that we were unable to provide timely luggage assistance during your stay, and we sincerely apologize for this shortcoming. Please rest assured that we will continue to improve our services. We look forward to welcoming you back to Galaxy Hotel on your next visit to Macau! Sincerely,Galaxy Hotel",2026-02-20T00:00:00,"# Galaxy Hotel review (Trip.com)

**Rating:** 5.0/5 ★★★★★
**Travel type:** Couple

## Review
The hotel is very nice, very comfortable. The best amenities I’ve seen. The let us do an early check in and a late checkout. 

The shuttle bus is very convenient. However you have to walk a bit from the drop off point until the reception, which could be uncomfortable when carrying big luggage’s. Also a service of bringing the luggage up to the room would have been good but was not offered.

Overall it was one of the best hotels we have ever stayed in.

## Hotel response
Dear Valued Guest, Thank you for your positive feedback. We are delighted to hear that you had a wonderful experience at our hotel and that you were satisfied with our facilities and the service provided by our staff. Your comments are truly our motivation! We regret to learn that we were unable to provide timely luggage assistance during your stay, and we sincerely apologize for this shortcoming. Please rest assured that we will continue to improve our services. We look forward to welcoming you back to Galaxy Hotel on your next visit to Macau! Sincerely,Galaxy Hotel",https://www.trip.com/hotels/macau-hotel-detail-344983/galaxy-hotel/
1845865349,344983,Galaxy Hotel,trip,2026-02-14T21:32:05,2026-02,,21,Review Specialist,True,,Family,Deluxe City King,zh,5,Outstanding,Cleanliness: 5.0; Location: 5.0; Service: 5.0; Facilities: 5.0,"房間面積大，
設施：游泳池乾淨 好玩 雖然水上樂園在維修 但是那個小泳池也很好玩 很出片
環境：很乾凈 房間很大 豪華
服務：kwang小姐特別認真負責 中文很流利 可以正常交流 有時候要穿插一點英文 總體交流很順利 也給我們安排了兩個挨着的房間 ken先生也很負責 幫我們把十多件行李從一樓拉上來了 第一次遇到這麼負責的 kwang和ken兩位check in期間全程陪同 特別好 而且兩位來我們房間跟我們一一講解一些注意事項 真的第一次遇到這麼負責的 好評好評","The room is spacious.

Facilities: The swimming pool was clean and fun. Although the water park was under renovation, the smaller pool was also enjoyable and made for great photos.

Environment: Very clean, and the room was large and luxurious.

Service: Ms. Kwang was especially diligent and responsible. Her Chinese was very fluent, allowing for normal communication, sometimes with a little English interspersed. Overall, the communication was very smooth, and she even arranged for two adjacent rooms for us. Mr. Ken was also very responsible, helping us bring more than ten pieces of luggage up from the first floor. This is the first time I've encountered such dedicated service. Both Ms. Kwang and Mr. Ken accompanied us throughout the check-in process, which was fantastic. Moreover, they both came to our room to explain all the important details one by one. I've truly never encountered such attentive service. Highly recommend!",True,True,0,0,False,尊敬的客人，非常感謝您對我們的正面評價。很高興得知您對房間的寬敞舒適、乾淨整潔的環境以及游泳池設施感到滿意。雖然水上樂園暫時維修，但我們也非常欣慰小泳池能為您帶來愉快的體驗。同時，非常感謝您對 Kwang 小姐與 Ken 先生服務的高度評價。我們深感榮幸。 我們會繼續努力，期待您下次到訪澳門時再次入住銀河酒店！ 此致 銀河酒店,2026-02-14T00:00:00,"# Galaxy Hotel review (Trip.com)

**Rating:** 5.0/5 ★★★★★
**Travel type:** Family

## Review
房間面積大，
設施：游泳池乾淨 好玩 雖然水上樂園在維修 但是那個小泳池也很好玩 很出片
環境：很乾凈 房間很大 豪華
服務：kwang小姐特別認真負責 中文很流利 可以正常交流 有時候要穿插一點英文 總體交流很順利 也給我們安排了兩個挨着的房間 ken先生也很負責 幫我們把十多件行李從一樓拉上來了 第一次遇到這麼負責的 kwang和ken兩位check in期間全程陪同 特別好 而且兩位來我們房間跟我們一一講解一些注意事項 真的第一次遇到這麼負責的 好評好評

## Translation
The room is spacious.

Facilities: The swimming pool was clean and fun. Although the water park was under renovation, the smaller pool was also enjoyable and made for great photos.

Environment: Very clean, and the room was large and luxurious.

Service: Ms. Kwang was especially diligent and responsible. Her Chinese was very fluent, allowing for normal communication, sometimes with a little English interspersed. Overall, the communication was very smooth, and she even arranged for two adjacent rooms for us. Mr. Ken was also very responsible, helping us bring more than ten pieces of luggage up from the first floor. This is the first time I've encountered such dedicated service. Both Ms. Kwang and Mr. Ken accompanied us throughout the check-in process, which was fantastic. Moreover, they both came to our room to explain all the important details one by one. I've truly never encountered such attentive service. Highly recommend!

## Hotel response
尊敬的客人，非常感謝您對我們的正面評價。很高興得知您對房間的寬敞舒適、乾淨整潔的環境以及游泳池設施感到滿意。雖然水上樂園暫時維修，但我們也非常欣慰小泳池能為您帶來愉快的體驗。同時，非常感謝您對 Kwang 小姐與 Ken 先生服務的高度評價。我們深感榮幸。 我們會繼續努力，期待您下次到訪澳門時再次入住銀河酒店！ 此致 銀河酒店",https://www.trip.com/hotels/macau-hotel-detail-344983/galaxy-hotel/
1847573237,344983,Galaxy Hotel,trip,2026-02-17T08:42:43,2026-02,natasha-029,26,Review Specialist,False,,Family,Deluxe City King,zh,5,Outstanding,Cleanliness: 5.0; Location: 5.0; Service: 5.0; Facilities: 5.0,酒店前台服務熱情，辦完入住送我們到房間，介紹環境。行李小哥老遠就接手幫我們提行李。定了兩間房，專門分配的聯通式客房。可惜時間緊，沒有機會體驗小童樂園。,"The hotel reception staff were really friendly and enthusiastic. After we checked in, they personally escorted us to our rooms and showed us around. The porter came from quite a distance to help us with our luggage. We booked two rooms and they specially allocated connecting rooms for us. It's a shame we were short on time and didn't get to experience the kids' club.",True,True,0,0,False,尊敬的客人， 非常感謝您對我們的正面評價。很高興看到您對酒店的喜愛，收到您對酒店前台熱情招待的肯定，我們深感榮幸。 我們會繼續努力，期待您下次到訪澳門時再次入住銀河酒店！ 此致 銀河酒店,2026-02-17T00:00:00,"# Galaxy Hotel review (Trip.com)

**Rating:** 5.0/5 ★★★★★
**Travel type:** Family

## Review
酒店前台服務熱情，辦完入住送我們到房間，介紹環境。行李小哥老遠就接手幫我們提行李。定了兩間房，專門分配的聯通式客房。可惜時間緊，沒有機會體驗小童樂園。

## Translation
The hotel reception staff were really friendly and enthusiastic. After we checked in, they personally escorted us to our rooms and showed us around. The porter came from quite a distance to help us with our luggage. We booked two rooms and they specially allocated connecting rooms for us. It's a shame we were short on time and didn't get to experience the kids' club.

## Hotel response
尊敬的客人， 非常感謝您對我們的正面評價。很高興看到您對酒店的喜愛，收到您對酒店前台熱情招待的肯定，我們深感榮幸。 我們會繼續努力，期待您下次到訪澳門時再次入住銀河酒店！ 此致 銀河酒店",https://www.trip.com/hotels/macau-hotel-detail-344983/galaxy-hotel/
1816754532,344983,Galaxy Hotel,trip,2026-01-16T15:45:50,2026-01,,1,Rising review star,True,,Family,Deluxe City Twin,en,5,Outstanding,Cleanliness: 5.0; Location: 5.0; Service: 5.0; Facilities: 5.0,"From the warm welcome at check-in (Allanis) to the attentive care of the room attendant( Erwin, Ron, Sam & Leo) my stay at Galaxy Hotel was seamless and truly memorable. Every detail reflected exceptional hospitality, making me feel valued and comfortable throughout my visit.  I truly enjoyed my stay and would love to extend it, but I understand the hotel is fully booked until the end of January. I look forward to returning when availability opens up—thank you for the wonderful hospitality.",,False,True,0,0,False,"Dear Valued Guest:Thank you very much for sharing your wonderful feedback regarding your recent stay at Galaxy Hotel. We are delighted to know that Alannis at check in, along with Erwin, Ron, Sam, and Leo from our housekeeping team, contributed to making your visit seamless and memorable. Your kind words are truly appreciated and will be shared with our colleagues as recognition of their exceptional service.We regret that we are fully booked until the end of January and are unable to extend your stay at this time. However, we very much look forward to welcoming you back once availability opens up. Thank you again for choosing Galaxy Hotel. We look forward to hosting you again soon.Warm Regards,Galaxy Hotel",2026-01-18T00:00:00,"# Galaxy Hotel review (Trip.com)

**Rating:** 5.0/5 ★★★★★
**Travel type:** Family

## Review
From the warm welcome at check-in (Allanis) to the attentive care of the room attendant( Erwin, Ron, Sam & Leo) my stay at Galaxy Hotel was seamless and truly memorable. Every detail reflected exceptional hospitality, making me feel valued and comfortable throughout my visit.  I truly enjoyed my stay and would love to extend it, but I understand the hotel is fully booked until the end of January. I look forward to returning when availability opens up—thank you for the wonderful hospitality.

## Hotel response
Dear Valued Guest:Thank you very much for sharing your wonderful feedback regarding your recent stay at Galaxy Hotel. We are delighted to know that Alannis at check in, along with Erwin, Ron, Sam, and Leo from our housekeeping team, contributed to making your visit seamless and memorable. Your kind words are truly appreciated and will be shared with our colleagues as recognition of their exceptional service.We regret that we are fully booked until the end of January and are unable to extend your stay at this time. However, we very much look forward to welcoming you back once availability opens up. Thank you again for choosing Galaxy Hotel. We look forward to hosting you again soon.Warm Regards,Galaxy Hotel",https://www.trip.com/hotels/macau-hotel-detail-344983/galaxy-hotel/
1566721287,344983,Galaxy Hotel,trip,2025-06-24T17:22:10,2025-06,,45,Review Expert,True,,Family,Deluxe City King,zh,5,Outstanding,Cleanliness: 5.0; Location: 5.0; Service: 5.0; Facilities: 5.0,房間還可以吧，家裡有小朋友，衝著天浪陶園去的…,"The room was decent enough. We were traveling with young children, and our main reason for staying here was the Grand Resort Deck.",True,True,0,3,False,尊敬的客人，感謝您對我們的正面評價。我們很高興聽到您在酒店有很棒的體驗並享受在天浪淘園的玩耍時光。您的評論成就我們的動力！我們希望在不久的將來再次為您們服務。此致銀河酒店,2025-06-24T00:00:00,"# Galaxy Hotel review (Trip.com)

**Rating:** 5.0/5 ★★★★★
**Travel type:** Family

## Review
房間還可以吧，家裡有小朋友，衝著天浪陶園去的…

## Translation
The room was decent enough. We were traveling with young children, and our main reason for staying here was the Grand Resort Deck.

## Hotel response
尊敬的客人，感謝您對我們的正面評價。我們很高興聽到您在酒店有很棒的體驗並享受在天浪淘園的玩耍時光。您的評論成就我們的動力！我們希望在不久的將來再次為您們服務。此致銀河酒店",https://www.trip.com/hotels/macau-hotel-detail-344983/galaxy-hotel/
1544408869,344983,Galaxy Hotel,trip,2025-06-05T16:15:22,2025-06,,1,Rising review star,True,,Family,Deluxe City King,zh,5,Outstanding,Cleanliness: 5.0; Location: 5.0; Service: 5.0; Facilities: 5.0,"2大2小天浪淘園門票 :必玩項目，超級給力
免費迷你吧:品種略少
免費使用「童」在銀河的「童」樂坊，每房限兩位成人及兩位小童:適合小朋友玩耍
設施：齊全
衞生：乾淨衞生
環境：優美
服務：服務一流
澳門銀河酒店真的是太難訂到了，能訂到已經是很不錯了，總體不錯","Grand Resort Deck tickets (2 adults, 2 children): A definite highlight, absolutely fantastic!
Complimentary minibar: Selection was a bit limited.
Free access to the Galaxy Kids' Club (limited to two adults and two children per room): Perfect for children to play.
Facilities: Comprehensive.
Cleanliness: Spotless.
Ambiance: Beautiful.
Service: Impeccable.
It's notoriously difficult to book a room at Galaxy Macau Hotel, so just managing to secure a reservation felt like a win in itself. Overall, a great experience.",True,True,2,3,False,尊敬的客人，感謝您選擇入住我們酒店，並分享這麼詳盡又温暖的回饋！我們很高興您與家人享受了包含天浪淘園與童樂坊的家庭套票，這些設施確實是深受親子旅客喜愛的亮點。能夠為您提供免費迷你吧、齊全的設施、乾淨衞生的環境與優質服務，是我們一直努力的方向。我們也瞭解澳門銀河酒店的預訂需求非常高，能夠為您提供一段愉快的住宿體驗，我們感到非常榮幸。您的肯定是對我們團隊最大的鼓勵。期待不久的將來再次歡迎您與家人蒞臨，創造更多美好回憶！此致銀河酒店,2025-06-06T00:00:00,"# Galaxy Hotel review (Trip.com)

**Rating:** 5.0/5 ★★★★★
**Travel type:** Family

## Review
2大2小天浪淘園門票 :必玩項目，超級給力
免費迷你吧:品種略少
免費使用「童」在銀河的「童」樂坊，每房限兩位成人及兩位小童:適合小朋友玩耍
設施：齊全
衞生：乾淨衞生
環境：優美
服務：服務一流
澳門銀河酒店真的是太難訂到了，能訂到已經是很不錯了，總體不錯

## Translation
Grand Resort Deck tickets (2 adults, 2 children): A definite highlight, absolutely fantastic!
Complimentary minibar: Selection was a bit limited.
Free access to the Galaxy Kids' Club (limited to two adults and two children per room): Perfect for children to play.
Facilities: Comprehensive.
Cleanliness: Spotless.
Ambiance: Beautiful.
Service: Impeccable.
It's notoriously difficult to book a room at Galaxy Macau Hotel, so just managing to secure a reservation felt like a win in itself. Overall, a great experience.

## Hotel response
尊敬的客人，感謝您選擇入住我們酒店，並分享這麼詳盡又温暖的回饋！我們很高興您與家人享受了包含天浪淘園與童樂坊的家庭套票，這些設施確實是深受親子旅客喜愛的亮點。能夠為您提供免費迷你吧、齊全的設施、乾淨衞生的環境與優質服務，是我們一直努力的方向。我們也瞭解澳門銀河酒店的預訂需求非常高，能夠為您提供一段愉快的住宿體驗，我們感到非常榮幸。您的肯定是對我們團隊最大的鼓勵。期待不久的將來再次歡迎您與家人蒞臨，創造更多美好回憶！此致銀河酒店",https://www.trip.com/hotels/macau-hotel-detail-344983/galaxy-hotel/
1807021315,344983,Galaxy Hotel,trip,2026-01-07T03:15:29,2026-01,,18,Review Specialist,True,,Couple,Deluxe City King,zh,5,Outstanding,Cleanliness: 5.0; Location: 5.0; Service: 5.0; Facilities: 5.0,入住環境乾淨整潔，服務一流，服務態度很好。,"The environment was clean and tidy, and the service was top-notch with a great attitude.",True,True,0,0,False,尊敬的客人:非常感謝您抽出時間回饋您的入住體驗。很高興看到我們的員工為您提供了優越的服務及對整體入住體驗都感到滿意。期待您下次到訪澳門時再次入住銀河酒店！此致銀河酒店。,2026-01-07T00:00:00,"# Galaxy Hotel review (Trip.com)

**Rating:** 5.0/5 ★★★★★
**Travel type:** Couple

## Review
入住環境乾淨整潔，服務一流，服務態度很好。

## Translation
The environment was clean and tidy, and the service was top-notch with a great attitude.

## Hotel response
尊敬的客人:非常感謝您抽出時間回饋您的入住體驗。很高興看到我們的員工為您提供了優越的服務及對整體入住體驗都感到滿意。期待您下次到訪澳門時再次入住銀河酒店！此致銀河酒店。",https://www.trip.com/hotels/macau-hotel-detail-344983/galaxy-hotel/
1987768584,344983,Galaxy Hotel,trip,2026-06-17T14:49:46,2026-06,,3,Rising review star,True,,Couple,Deluxe City King,zh,5,Outstanding,Cleanliness: 5.0; Location: 5.0; Service: 5.0; Facilities: 5.0,房閭寬敞，Check in流場,The room was spacious and check-in was smooth.,True,True,0,0,False,尊敬的客人:非常感謝您抽出時間回饋您的入住體驗。很高興看到我們的員工為您提供了優越的服務及對整體入住體驗都感到滿意。期待您下次到訪澳門時再次入住銀河酒店！此致銀河酒店,2026-06-17T00:00:00,"# Galaxy Hotel review (Trip.com)

**Rating:** 5.0/5 ★★★★★
**Travel type:** Couple

## Review
房閭寬敞，Check in流場

## Translation
The room was spacious and check-in was smooth.

## Hotel response
尊敬的客人:非常感謝您抽出時間回饋您的入住體驗。很高興看到我們的員工為您提供了優越的服務及對整體入住體驗都感到滿意。期待您下次到訪澳門時再次入住銀河酒店！此致銀河酒店",https://www.trip.com/hotels/macau-hotel-detail-344983/galaxy-hotel/
1529232324,344983,Galaxy Hotel,trip,2025-05-22T21:48:41,2025-05,M.A.C.,5,Review Specialist,False,,Family,Deluxe City King,en,5,Outstanding,Cleanliness: 5.0; Location: 5.0; Service: 5.0; Facilities: 5.0,"Amazing hospitality of the staffs from the reception   (alice) and the ambassadress (diane), the joyful vibes of each of them. The housekeeping (lorence) who really make effort to help us bring somethings to the room even its not his work, greetings and welcoming vibes. Thankyou galaxy for the amazing experience , a luxurious hotel indeed! From The Grand Resort Deck and Galaxy kids edutainment a very high recommended for family. You dont get bored, everything is exciting and amazing. Thankyou again for all the amenities and effort. Till our next visit.",,False,True,2,4,False,"Dear Valued Guest,Thank you so much for your heartfelt review! We’re absolutely delighted to hear that you had such a memorable stay with us.It’s wonderful to know that Alice at reception, Diane our ambassadress, and Lorence from housekeeping all contributed to making your experience so special. We’re incredibly proud of our team for delivering the warm hospitality and joyful energy that you described.We’re also thrilled that you and your family enjoyed the Grand Resort Deck and Galaxy Kidz Edutainment. Your kind words and recommendation mean the world to us, and we’re so happy to know that every moment was filled with excitement and joy.Thank you once again for choosing Galaxy. We can’t wait to welcome you back for another luxurious and unforgettable stay!Warmest regards,Galaxy Hotel",2025-05-23T00:00:00,"# Galaxy Hotel review (Trip.com)

**Rating:** 5.0/5 ★★★★★
**Travel type:** Family

## Review
Amazing hospitality of the staffs from the reception   (alice) and the ambassadress (diane), the joyful vibes of each of them. The housekeeping (lorence) who really make effort to help us bring somethings to the room even its not his work, greetings and welcoming vibes. Thankyou galaxy for the amazing experience , a luxurious hotel indeed! From The Grand Resort Deck and Galaxy kids edutainment a very high recommended for family. You dont get bored, everything is exciting and amazing. Thankyou again for all the amenities and effort. Till our next visit.

## Hotel response
Dear Valued Guest,Thank you so much for your heartfelt review! We’re absolutely delighted to hear that you had such a memorable stay with us.It’s wonderful to know that Alice at reception, Diane our ambassadress, and Lorence from housekeeping all contributed to making your experience so special. We’re incredibly proud of our team for delivering the warm hospitality and joyful energy that you described.We’re also thrilled that you and your family enjoyed the Grand Resort Deck and Galaxy Kidz Edutainment. Your kind words and recommendation mean the world to us, and we’re so happy to know that every moment was filled with excitement and joy.Thank you once again for choosing Galaxy. We can’t wait to welcome you back for another luxurious and unforgettable stay!Warmest regards,Galaxy Hotel",https://www.trip.com/hotels/macau-hotel-detail-344983/galaxy-hotel/
1526986157,344983,Galaxy Hotel,trip,2025-05-20T17:55:29,2025-05,Dakeliu,3,Rising review star,False,,Family,Deluxe City King,zh,5,Outstanding,Cleanliness: 5.0; Location: 5.0; Service: 5.0; Facilities: 5.0,設施超全，服務專業，孩子玩得超開心！,"Fully equipped facilities, professional service, and our kids absolutely loved it!",True,True,0,1,False,尊敬的客人， 非常感謝您對我們酒店的評價，您的滿意是我們最大的追求。我們很高興得知酒店的設施和服務能夠滿足您的需求，並且孩子們能夠在這裏度過愉快的時光。我們會繼續努力，為每一位入住的客人提供更加專業、温馨的服務。期待您的再次光臨！ 此致銀河酒店,2025-05-21T00:00:00,"# Galaxy Hotel review (Trip.com)

**Rating:** 5.0/5 ★★★★★
**Travel type:** Family

## Review
設施超全，服務專業，孩子玩得超開心！

## Translation
Fully equipped facilities, professional service, and our kids absolutely loved it!

## Hotel response
尊敬的客人， 非常感謝您對我們酒店的評價，您的滿意是我們最大的追求。我們很高興得知酒店的設施和服務能夠滿足您的需求，並且孩子們能夠在這裏度過愉快的時光。我們會繼續努力，為每一位入住的客人提供更加專業、温馨的服務。期待您的再次光臨！ 此致銀河酒店",https://www.trip.com/hotels/macau-hotel-detail-344983/galaxy-hotel/
1920873884,344983,Galaxy Hotel,trip,2026-04-23T14:32:05,2026-04,,38,Review Expert,True,,Couple,Deluxe City King,en,5,Outstanding,Cleanliness: 5.0; Location: 5.0; Service: 5.0; Facilities: 5.0,Very. Convenient . Room is very clean n comfortable,,False,True,0,0,False,"Dear Valued Guest,Thank you for your positive feedback. We are delighted to hear that you had a wonderful experience at our hotel. Your comments are truly our motivation!We look forward to the pleasure of serving you again in the near future.Yours sincerely,Galaxy Hotel",2026-04-23T00:00:00,"# Galaxy Hotel review (Trip.com)

**Rating:** 5.0/5 ★★★★★
**Travel type:** Couple

## Review
Very. Convenient . Room is very clean n comfortable

## Hotel response
Dear Valued Guest,Thank you for your positive feedback. We are delighted to hear that you had a wonderful experience at our hotel. Your comments are truly our motivation!We look forward to the pleasure of serving you again in the near future.Yours sincerely,Galaxy Hotel",https://www.trip.com/hotels/macau-hotel-detail-344983/galaxy-hotel/
1973565581,344983,Galaxy Hotel,trip,2026-06-05T14:51:10,2026-06,,38,Review Expert,True,,Solo traveller,Deluxe City King,zh,5,Outstanding,Cleanliness: 5.0; Location: 5.0; Service: 5.0; Facilities: 5.0,挺好的酒店，設施也不錯。,Quite a good hotel with nice facilities.,True,True,0,0,False,尊敬的客人，感謝您對我們的正面評價。我們很高興聽到您在酒店有很棒的體驗並對我們的設施配套感到滿意。我們希望在不久的將來再次為您們服務。 此致銀河酒店,2026-06-05T00:00:00,"# Galaxy Hotel review (Trip.com)

**Rating:** 5.0/5 ★★★★★
**Travel type:** Solo traveller

## Review
挺好的酒店，設施也不錯。

## Translation
Quite a good hotel with nice facilities.

## Hotel response
尊敬的客人，感謝您對我們的正面評價。我們很高興聽到您在酒店有很棒的體驗並對我們的設施配套感到滿意。我們希望在不久的將來再次為您們服務。 此致銀河酒店",https://www.trip.com/hotels/macau-hotel-detail-344983/galaxy-hotel/
1689948410,344983,Galaxy Hotel,trip,2025-10-01T10:40:39,2025-09,,9,Review Specialist,True,,Family,Deluxe City King,en,5,Outstanding,Cleanliness: 5.0; Location: 5.0; Service: 5.0; Facilities: 5.0,It was an excellent stay at the Galaxy! We had a wonderful time and the location of the hotel is excellent. The Grand deck is perfect for kids. Overall a fantastic. Would definitely stay again in the future.,,False,True,0,0,False,"Dear Valued Guest,Thank you so much for your kind feedback! We're thrilled to hear that you had an excellent stay at Galaxy and that you and your family enjoyed the Grand Deck and our convenient location.It’s always a pleasure to know our facilities and services contributed to a memorable experience. We truly appreciate your support and look forward to welcoming you back for another fantastic stay in the future.Warm Regards,Galaxy Hotel",2025-10-02T00:00:00,"# Galaxy Hotel review (Trip.com)

**Rating:** 5.0/5 ★★★★★
**Travel type:** Family

## Review
It was an excellent stay at the Galaxy! We had a wonderful time and the location of the hotel is excellent. The Grand deck is perfect for kids. Overall a fantastic. Would definitely stay again in the future.

## Hotel response
Dear Valued Guest,Thank you so much for your kind feedback! We're thrilled to hear that you had an excellent stay at Galaxy and that you and your family enjoyed the Grand Deck and our convenient location.It’s always a pleasure to know our facilities and services contributed to a memorable experience. We truly appreciate your support and look forward to welcoming you back for another fantastic stay in the future.Warm Regards,Galaxy Hotel",https://www.trip.com/hotels/macau-hotel-detail-344983/galaxy-hotel/
1743180781,344983,Galaxy Hotel,trip,2025-11-07T13:00:57,2025-09,,11,Review Specialist,True,,Family,Deluxe City King,zh,5,Outstanding,Cleanliness: 5.0; Location: 5.0; Service: 5.0; Facilities: 5.0,非常好，服務貼心，空調温度合適，這次是全家一起來旅遊的，感覺前台服務態度也很好，體驗感滿滿，非常推薦大家來入住澳門銀河酒店,"Excellent service and thoughtful staff. The air conditioning temperature was just right. This time, our whole family came to travel, and we felt the front desk staff had a great attitude. It was a wonderful experience all around. I highly recommend everyone to stay at the Galaxy Macau Hotel.",True,True,0,0,False,尊敬的客人： 非常感謝您分享寶貴的入住體驗！ 得知您和家人在澳門銀河酒店度過了愉快的旅程，我們感到非常欣慰。感謝您對服務細節、空調舒適度以及前台團隊態度的認可，您的推薦是對我們最大的鼓勵。 我們將繼續秉持貼心周到的服務理念，期待未來再次為您和家人帶來美好的回憶！ 此致 銀河酒店,2025-11-08T00:00:00,"# Galaxy Hotel review (Trip.com)

**Rating:** 5.0/5 ★★★★★
**Travel type:** Family

## Review
非常好，服務貼心，空調温度合適，這次是全家一起來旅遊的，感覺前台服務態度也很好，體驗感滿滿，非常推薦大家來入住澳門銀河酒店

## Translation
Excellent service and thoughtful staff. The air conditioning temperature was just right. This time, our whole family came to travel, and we felt the front desk staff had a great attitude. It was a wonderful experience all around. I highly recommend everyone to stay at the Galaxy Macau Hotel.

## Hotel response
尊敬的客人： 非常感謝您分享寶貴的入住體驗！ 得知您和家人在澳門銀河酒店度過了愉快的旅程，我們感到非常欣慰。感謝您對服務細節、空調舒適度以及前台團隊態度的認可，您的推薦是對我們最大的鼓勵。 我們將繼續秉持貼心周到的服務理念，期待未來再次為您和家人帶來美好的回憶！ 此致 銀河酒店",https://www.trip.com/hotels/macau-hotel-detail-344983/galaxy-hotel/
1864069704,344983,Galaxy Hotel,trip,2026-03-03T03:00:10,2026-02,TAIFENG,8,Review Specialist,False,,Couple,Deluxe City King,en,5,Outstanding,Cleanliness: 5.0; Location: 5.0; Service: 5.0; Facilities: 5.0,"Very nice view, good pool area, perfect location",,False,True,0,0,False,"Dear Guest,Thank you for your positive review. We are delighted to hear that you had a wonderful experience at our hotel and were satisfied with our facilities and the view. Your feedback is our greatest motivation! We look forward to serving you again in the near future.Sincerely,Galaxy Hotel",2026-03-04T00:00:00,"# Galaxy Hotel review (Trip.com)

**Rating:** 5.0/5 ★★★★★
**Travel type:** Couple

## Review
Very nice view, good pool area, perfect location

## Hotel response
Dear Guest,Thank you for your positive review. We are delighted to hear that you had a wonderful experience at our hotel and were satisfied with our facilities and the view. Your feedback is our greatest motivation! We look forward to serving you again in the near future.Sincerely,Galaxy Hotel",https://www.trip.com/hotels/macau-hotel-detail-344983/galaxy-hotel/
1902726162,344983,Galaxy Hotel,trip,2026-04-07T22:27:53,2026-04,,1,Rising review star,True,,Travelling with friends,Deluxe City King,en,5,Outstanding,Cleanliness: 5.0; Location: 5.0; Service: 5.0; Facilities: 5.0,Great service with great staff,,False,True,0,0,False,"Dear Valued Guest,Thank you for your positive feedback. We are delighted to hear that you had a wonderful experience at our hotel and that you were satisfied with our facilities. Your comments are truly our motivation!We look forward to the pleasure of serving you again in the near future.Yours sincerely,Galaxy Hotel",2026-04-08T00:00:00,"# Galaxy Hotel review (Trip.com)

**Rating:** 5.0/5 ★★★★★
**Travel type:** Travelling with friends

## Review
Great service with great staff

## Hotel response
Dear Valued Guest,Thank you for your positive feedback. We are delighted to hear that you had a wonderful experience at our hotel and that you were satisfied with our facilities. Your comments are truly our motivation!We look forward to the pleasure of serving you again in the near future.Yours sincerely,Galaxy Hotel",https://www.trip.com/hotels/macau-hotel-detail-344983/galaxy-hotel/
1512869894,344983,Galaxy Hotel,trip,2025-05-08T22:01:14,2025-05,,2,Rising review star,True,,Couple,Deluxe City King,en,5,Outstanding,Cleanliness: 5.0; Location: 5.0; Service: 5.0; Facilities: 5.0,It was an unforgettable experience and one of our most beautiful memories from all the vacations we have had so far!!! We will definitely come back here a second time with the kids😉,,False,True,1,0,False,"Dear Valued Guest,Thank you for choosing to stay at Galaxy Hotel. We are very glad to hear that you and your children enjoyed your stay and that you are satisfied with the children's activities and amenities we provided. We are committed to maintaining the five-star level of supplies and service facilities for different age level of guests. We hope to serve you again in the near future.Best Regards,Galaxy Hotel",2025-05-09T00:00:00,"# Galaxy Hotel review (Trip.com)

**Rating:** 5.0/5 ★★★★★
**Travel type:** Couple

## Review
It was an unforgettable experience and one of our most beautiful memories from all the vacations we have had so far!!! We will definitely come back here a second time with the kids😉

## Hotel response
Dear Valued Guest,Thank you for choosing to stay at Galaxy Hotel. We are very glad to hear that you and your children enjoyed your stay and that you are satisfied with the children's activities and amenities we provided. We are committed to maintaining the five-star level of supplies and service facilities for different age level of guests. We hope to serve you again in the near future.Best Regards,Galaxy Hotel",https://www.trip.com/hotels/macau-hotel-detail-344983/galaxy-hotel/
1846571208,344983,Galaxy Hotel,trip,2026-02-15T17:48:29,2026-02,,2,Rising review star,True,,Couple,Deluxe City King,en,5,Outstanding,Cleanliness: 5.0; Location: 5.0; Service: 5.0; Facilities: 5.0,Great stay and nice service.,,False,True,0,0,False,"Dear Valued Guest, Thank you for your positive feedback. We are delighted to hear that you had a wonderful experience at our hotel and that you were satisfied with our service and facilities. Your comments are truly our motivation! We look forward to the pleasure of serving you again in the near future. Yours sincerely, Galaxy Hotel",2026-02-15T00:00:00,"# Galaxy Hotel review (Trip.com)

**Rating:** 5.0/5 ★★★★★
**Travel type:** Couple

## Review
Great stay and nice service.

## Hotel response
Dear Valued Guest, Thank you for your positive feedback. We are delighted to hear that you had a wonderful experience at our hotel and that you were satisfied with our service and facilities. Your comments are truly our motivation! We look forward to the pleasure of serving you again in the near future. Yours sincerely, Galaxy Hotel",https://www.trip.com/hotels/macau-hotel-detail-344983/galaxy-hotel/
1772102102,344983,Galaxy Hotel,trip,2025-12-05T17:35:13,2025-10,Liza Voyage,27,Review Specialist,False,,Couple,Deluxe City King,en,5,Outstanding,Cleanliness: 5.0; Location: 5.0; Service: 5.0; Facilities: 5.0,Convenient and wide range of food choices.,,False,True,0,0,False,"Dear Valued Guest, Thank you for sharing your feedback with us. We are delighted to know that you enjoyed the convenience of our location and the wide variety of food choices available during your stay. It is our pleasure to provide diverse dining options that cater to different tastes and preferences, and we are glad this added to your overall experience. Your kind words are truly appreciated and will be shared with our team as encouragement to continue delivering exceptional service. We look forward to welcoming you back soon and offering you even more memorable moments.Warm Regards,Galaxy Hotel",2025-12-06T00:00:00,"# Galaxy Hotel review (Trip.com)

**Rating:** 5.0/5 ★★★★★
**Travel type:** Couple

## Review
Convenient and wide range of food choices.

## Hotel response
Dear Valued Guest, Thank you for sharing your feedback with us. We are delighted to know that you enjoyed the convenience of our location and the wide variety of food choices available during your stay. It is our pleasure to provide diverse dining options that cater to different tastes and preferences, and we are glad this added to your overall experience. Your kind words are truly appreciated and will be shared with our team as encouragement to continue delivering exceptional service. We look forward to welcoming you back soon and offering you even more memorable moments.Warm Regards,Galaxy Hotel",https://www.trip.com/hotels/macau-hotel-detail-344983/galaxy-hotel/
1710136802,344983,Galaxy Hotel,trip,2025-10-14T00:02:33,2025-09,,43,Review Expert,True,,Solo traveller,Deluxe City King,en,5,Outstanding,Cleanliness: 5.0; Location: 5.0; Service: 5.0; Facilities: 5.0,Always very good feelings,,False,True,0,0,False,"Dear Valued Guest, thank you for your positive review! We are delighted to hear that you had a pleasant stay at Galaxy Hotel. Your satisfaction is our greatest motivation, and we will continue striving to provide thoughtful service to every guest. We look forward to welcoming you again in the near future! Sincerely, Galaxy Hotel",2025-10-14T00:00:00,"# Galaxy Hotel review (Trip.com)

**Rating:** 5.0/5 ★★★★★
**Travel type:** Solo traveller

## Review
Always very good feelings

## Hotel response
Dear Valued Guest, thank you for your positive review! We are delighted to hear that you had a pleasant stay at Galaxy Hotel. Your satisfaction is our greatest motivation, and we will continue striving to provide thoughtful service to every guest. We look forward to welcoming you again in the near future! Sincerely, Galaxy Hotel",https://www.trip.com/hotels/macau-hotel-detail-344983/galaxy-hotel/
1154709051,344983,Galaxy Hotel,trip,2024-06-24T15:29:25,2024-03,,12,Review Specialist,True,,Family,Deluxe City King,en,5,Outstanding,Cleanliness: 5.0; Location: 5.0; Service: 5.0; Facilities: 5.0,Excellent service and family friendly hotel!! Will definitely come again!,,False,True,0,1,False,"Dear Valued Guest,It was our greatest pleasure to have you here and thank you for taking time to share your valuable staying experience with us. We are happy to read that you and your family had spent a great time with us and we are looking forward to see you again soon in the nearest future!Best regards, Galaxy Hotel",2024-06-24T00:00:00,"# Galaxy Hotel review (Trip.com)

**Rating:** 5.0/5 ★★★★★
**Travel type:** Family

## Review
Excellent service and family friendly hotel!! Will definitely come again!

## Hotel response
Dear Valued Guest,It was our greatest pleasure to have you here and thank you for taking time to share your valuable staying experience with us. We are happy to read that you and your family had spent a great time with us and we are looking forward to see you again soon in the nearest future!Best regards, Galaxy Hotel",https://www.trip.com/hotels/macau-hotel-detail-344983/galaxy-hotel/
1335994957,344983,Galaxy Hotel,trip,2024-11-27T00:47:39,2024-09,,16,Review Specialist,True,,Family,Deluxe City King,en,5,Outstanding,Cleanliness: 5.0; Location: 5.0; Service: 5.0; Facilities: 5.0,Very nice and convenient hotel. Definitely will come back in next time,,False,True,0,0,False,"Dear Valued Guest,Thank you for your positive comments towards Galaxy Hotel. It is a pleasure to know that our location brings you convenience and makes your experience more perfect and memorable. Your comment encourages us to continue to do better, hoping to make every guest have a happy and memorable experience in our hotel. Thanks again and have a great day.Best Regards,Galaxy Hotel",2024-11-27T00:00:00,"# Galaxy Hotel review (Trip.com)

**Rating:** 5.0/5 ★★★★★
**Travel type:** Family

## Review
Very nice and convenient hotel. Definitely will come back in next time

## Hotel response
Dear Valued Guest,Thank you for your positive comments towards Galaxy Hotel. It is a pleasure to know that our location brings you convenience and makes your experience more perfect and memorable. Your comment encourages us to continue to do better, hoping to make every guest have a happy and memorable experience in our hotel. Thanks again and have a great day.Best Regards,Galaxy Hotel",https://www.trip.com/hotels/macau-hotel-detail-344983/galaxy-hotel/
1005157685,344983,Galaxy Hotel,trip,2023-12-27T16:15:32,2023-12,Jtori12,11,Review Specialist,False,,Solo traveller,Deluxe City King,en,5,Outstanding,Cleanliness: 5.0; Location: 5.0; Service: 5.0; Facilities: 5.0,Slice of heaven. The service was amazing. I felt completely at home. I came during the holidays so the little touches of the daily gifts and advent calendar was heartwarming. The location was perfect. I got lost in of Taipa every day. Would definitely recommend.,,False,True,1,7,False,"Dear Valued Guest,Thanks for choosing our hotel for your visit, we are very glad to hear that you enjoy our daily gifts and advent calendar we offered, we will definitely keep up our offerings and service up to 5-stars standard level, we hope to welcome you again in the nearest future.Best Regards,Galaxy Hotel",2023-12-28T00:00:00,"# Galaxy Hotel review (Trip.com)

**Rating:** 5.0/5 ★★★★★
**Travel type:** Solo traveller

## Review
Slice of heaven. The service was amazing. I felt completely at home. I came during the holidays so the little touches of the daily gifts and advent calendar was heartwarming. The location was perfect. I got lost in of Taipa every day. Would definitely recommend.

## Hotel response
Dear Valued Guest,Thanks for choosing our hotel for your visit, we are very glad to hear that you enjoy our daily gifts and advent calendar we offered, we will definitely keep up our offerings and service up to 5-stars standard level, we hope to welcome you again in the nearest future.Best Regards,Galaxy Hotel",https://www.trip.com/hotels/macau-hotel-detail-344983/galaxy-hotel/
989749979,344983,Galaxy Hotel,trip,2023-12-06T15:55:00,2023-12,,10,Review Specialist,True,,Other,Deluxe City King,en,5,Outstanding,Cleanliness: 5.0; Location: 5.0; Service: 5.0; Facilities: 5.0,Clean and spacious room but can smell smoke at lift level even though it’s on a non smoking floor. Very polite and helpful staff. Love that the mini bar is included as well. Breakfast is not buffet style.,,False,True,1,5,False,"Dear Valued Guest,Thank you for taking time to share your valuable feedback with us. It was our pleasure to have you here at Galaxy Hotel and we are delighted to read that overall our hotel is to your liking. However, we regret that the smoking smell at non smoking floor made your experience imperfect. Please accept our sincere apology. We attach great importance to your opinions and have immediately shared your feedback with the relevant management for immediate investigation and look on the best way to enhance the air condition in room even hotel.At the same time, we will continue to look for ways to improve our service, and do our best to prevent the same thing from happening again in the future. Thank you again for your correction and we hope to have the opportunity to serve you again in the near future. Best Regards,Galaxy Hotel",2023-12-07T00:00:00,"# Galaxy Hotel review (Trip.com)

**Rating:** 5.0/5 ★★★★★
**Travel type:** Other

## Review
Clean and spacious room but can smell smoke at lift level even though it’s on a non smoking floor. Very polite and helpful staff. Love that the mini bar is included as well. Breakfast is not buffet style.

## Hotel response
Dear Valued Guest,Thank you for taking time to share your valuable feedback with us. It was our pleasure to have you here at Galaxy Hotel and we are delighted to read that overall our hotel is to your liking. However, we regret that the smoking smell at non smoking floor made your experience imperfect. Please accept our sincere apology. We attach great importance to your opinions and have immediately shared your feedback with the relevant management for immediate investigation and look on the best way to enhance the air condition in room even hotel.At the same time, we will continue to look for ways to improve our service, and do our best to prevent the same thing from happening again in the future. Thank you again for your correction and we hope to have the opportunity to serve you again in the near future. Best Regards,Galaxy Hotel",https://www.trip.com/hotels/macau-hotel-detail-344983/galaxy-hotel/
985044861,344983,Galaxy Hotel,trip,2023-11-30T10:35:55,2023-11,TheHowards,5,Review Specialist,False,,Couple,Deluxe City King,en,5,Outstanding,Cleanliness: 5.0; Location: 5.0; Service: 5.0; Facilities: 5.0,"ABSOLUTELY AMAZING HOTEL.
The room was immaculate so many little touches to make this stay great, included a pillow menu of choice. All the concierge staff were very helpful. 
As we visited in the low season, some of the pools were closed, though I thoroughly enjoyed the pool and hot hub! 
Thank you Jason for welcoming us and very helpful throughout our stay!
Would recommend for anyone visiting this area!",,False,True,1,5,False,"Dear Valued Guest,Thank you for taking time to share your positive feedback with us, we are so happy to see you had an overall wonderful staying experience at Galaxy Hotel, while we are proud to learn that our team member Jason provided great service to you during your visit. We hope to welcome you back again soon!Best Regards,Galaxy Hotel",2023-11-30T00:00:00,"# Galaxy Hotel review (Trip.com)

**Rating:** 5.0/5 ★★★★★
**Travel type:** Couple

## Review
ABSOLUTELY AMAZING HOTEL.
The room was immaculate so many little touches to make this stay great, included a pillow menu of choice. All the concierge staff were very helpful. 
As we visited in the low season, some of the pools were closed, though I thoroughly enjoyed the pool and hot hub! 
Thank you Jason for welcoming us and very helpful throughout our stay!
Would recommend for anyone visiting this area!

## Hotel response
Dear Valued Guest,Thank you for taking time to share your positive feedback with us, we are so happy to see you had an overall wonderful staying experience at Galaxy Hotel, while we are proud to learn that our team member Jason provided great service to you during your visit. We hope to welcome you back again soon!Best Regards,Galaxy Hotel",https://www.trip.com/hotels/macau-hotel-detail-344983/galaxy-hotel/
1151925957,344983,Galaxy Hotel,trip,2024-06-21T23:06:39,2024-06,,1,Rising review star,True,,Couple,Deluxe City King,en,5,Outstanding,Cleanliness: 5.0; Location: 5.0; Service: 5.0; Facilities: 5.0,Hotel staffs are very polite. Rooms are clean. There are many restaurant options in the hotel.,,False,True,0,0,False,"Dear Valued Guest,Thank you for taking time to share your positive feedback with us, we are so happy to see you had an overall wonderful staying experience at Galaxy Hotel, while we are proud to learn that our team member provided great service to you during your visit. We hope to welcome you back again soon!Best Regards,Galaxy Hotel",2024-06-22T00:00:00,"# Galaxy Hotel review (Trip.com)

**Rating:** 5.0/5 ★★★★★
**Travel type:** Couple

## Review
Hotel staffs are very polite. Rooms are clean. There are many restaurant options in the hotel.

## Hotel response
Dear Valued Guest,Thank you for taking time to share your positive feedback with us, we are so happy to see you had an overall wonderful staying experience at Galaxy Hotel, while we are proud to learn that our team member provided great service to you during your visit. We hope to welcome you back again soon!Best Regards,Galaxy Hotel",https://www.trip.com/hotels/macau-hotel-detail-344983/galaxy-hotel/
978420311,344983,Galaxy Hotel,trip,2023-11-21T00:33:24,2023-11,,9,Review Specialist,True,,Family,Deluxe City King,en,5,Outstanding,Cleanliness: 5.0; Location: 5.0; Service: 5.0; Facilities: 5.0,"Wonderful hotel, free amenities during our stay and even a complimentary birthday cake for my mum! Top notch service from all the staff as well. Very satisfied stay.",,False,True,0,2,False,"Dear Valued Guest,Thank you very much for choosing Galaxy Hotel. It is an honor to have you stay in our hotel and you are satisfied and pleasantly surprised by the hotel's birthday arrangements and amenities. We will continue to keep our service up and strive to create unforgettable memories for each guest on their special day. Happy birthday to your mother again! Looking forward to your next visit to Macau and continue to choose to stay at Galaxy Hotel!Sincerely,Galaxy Hotel",2023-11-21T00:00:00,"# Galaxy Hotel review (Trip.com)

**Rating:** 5.0/5 ★★★★★
**Travel type:** Family

## Review
Wonderful hotel, free amenities during our stay and even a complimentary birthday cake for my mum! Top notch service from all the staff as well. Very satisfied stay.

## Hotel response
Dear Valued Guest,Thank you very much for choosing Galaxy Hotel. It is an honor to have you stay in our hotel and you are satisfied and pleasantly surprised by the hotel's birthday arrangements and amenities. We will continue to keep our service up and strive to create unforgettable memories for each guest on their special day. Happy birthday to your mother again! Looking forward to your next visit to Macau and continue to choose to stay at Galaxy Hotel!Sincerely,Galaxy Hotel",https://www.trip.com/hotels/macau-hotel-detail-344983/galaxy-hotel/
1946385848,344983,Galaxy Hotel,trip,2026-05-13T14:43:35,2026-02,もりいかずみ,3,Rising review star,False,,Travelling with friends,Deluxe City Twin,en,5,Outstanding,Cleanliness: 5.0; Location: 5.0; Service: 5.0; Facilities: 5.0,Luxury!!,,False,True,0,0,False,"Dear Valued Guest, thank you for your positive feedback. We are delighted to hear that you had a wonderful experience at our hotel. Your comments are truly our motivation! We look forward to the pleasure of serving you again in the near future. Yours sincerely, Galaxy Hotel",2026-05-13T00:00:00,"# Galaxy Hotel review (Trip.com)

**Rating:** 5.0/5 ★★★★★
**Travel type:** Travelling with friends

## Review
Luxury!!

## Hotel response
Dear Valued Guest, thank you for your positive feedback. We are delighted to hear that you had a wonderful experience at our hotel. Your comments are truly our motivation! We look forward to the pleasure of serving you again in the near future. Yours sincerely, Galaxy Hotel",https://www.trip.com/hotels/macau-hotel-detail-344983/galaxy-hotel/
1262869585,344983,Galaxy Hotel,trip,2024-09-18T08:45:10,2024-09,HAPPYdexiaoyi,3,Rising review star,False,,Business traveller,Deluxe City King,en,5,Outstanding,Cleanliness: 5.0; Location: 5.0; Service: 5.0; Facilities: 5.0,very good，very very good👍🏻👍🏻👍🏻👍🏻👍🏻👍🏻👍🏻👍🏻👍🏻👍🏻👍🏻👍🏻👍🏻👍🏻,,False,True,0,0,False,"Dear Valued Guest,Thank you for your positive feedback. We are so happy to see you had an overall good stay with us. It was our pleasure having you with us and we hope to welcome you back soon.Best Regards,Galaxy Hotel",2024-09-19T00:00:00,"# Galaxy Hotel review (Trip.com)

**Rating:** 5.0/5 ★★★★★
**Travel type:** Business traveller

## Review
very good，very very good👍🏻👍🏻👍🏻👍🏻👍🏻👍🏻👍🏻👍🏻👍🏻👍🏻👍🏻👍🏻👍🏻👍🏻

## Hotel response
Dear Valued Guest,Thank you for your positive feedback. We are so happy to see you had an overall good stay with us. It was our pleasure having you with us and we hope to welcome you back soon.Best Regards,Galaxy Hotel",https://www.trip.com/hotels/macau-hotel-detail-344983/galaxy-hotel/
954108688,344983,Galaxy Hotel,trip,2023-10-18T14:38:55,2023-10,,1,Rising review star,True,,Family,Deluxe City King,en,5,Outstanding,Cleanliness: 5.0; Location: 5.0; Service: 5.0; Facilities: 5.0,"Great location, Clean, Easy to travel. Good swimming pool with beach and waves.",,False,True,0,1,False,"Dear Valued Guest,Thank you for your positive feedback and choosing Galaxy Hotel. We are glad to know that our environment, location and Grand Resort Deck  made you feel amazing and joyful. Your kind words encourage us to continue doing our best to make sure every guest's experience is a memorable one. Thanks again, and have a wonderful day.Best Regards,Galaxy Hotel",2023-10-19T00:00:00,"# Galaxy Hotel review (Trip.com)

**Rating:** 5.0/5 ★★★★★
**Travel type:** Family

## Review
Great location, Clean, Easy to travel. Good swimming pool with beach and waves.

## Hotel response
Dear Valued Guest,Thank you for your positive feedback and choosing Galaxy Hotel. We are glad to know that our environment, location and Grand Resort Deck  made you feel amazing and joyful. Your kind words encourage us to continue doing our best to make sure every guest's experience is a memorable one. Thanks again, and have a wonderful day.Best Regards,Galaxy Hotel",https://www.trip.com/hotels/macau-hotel-detail-344983/galaxy-hotel/
930482134,344983,Galaxy Hotel,trip,2023-09-19T15:27:06,2023-09,Archyfate,12,Review Specialist,False,,Family,Deluxe Resort King,en,5,Outstanding,Cleanliness: 5.0; Location: 5.0; Service: 5.0; Facilities: 5.0,Third time staying in this hotel. Fantastic service and facilities. Even after covid the place improved.,,False,True,0,2,False,"Dear Valued Guest, Thank you for sharing your positive review with us. We're so happy to hear you had a great experience at Galaxy Hotel and satisfied with our facility. Your review made our day! We hope to see you again in the nearest future. Best Regards,Galaxy Hotel",2023-09-20T00:00:00,"# Galaxy Hotel review (Trip.com)

**Rating:** 5.0/5 ★★★★★
**Travel type:** Family

## Review
Third time staying in this hotel. Fantastic service and facilities. Even after covid the place improved.

## Hotel response
Dear Valued Guest, Thank you for sharing your positive review with us. We're so happy to hear you had a great experience at Galaxy Hotel and satisfied with our facility. Your review made our day! We hope to see you again in the nearest future. Best Regards,Galaxy Hotel",https://www.trip.com/hotels/macau-hotel-detail-344983/galaxy-hotel/
916007040,344983,Galaxy Hotel,trip,2023-09-01T15:10:18,2023-08,,1,Rising review star,True,,Solo traveller,Deluxe Resort King,en,5,Outstanding,Cleanliness: 5.0; Location: 5.0; Service: 5.0; Facilities: 5.0,"Absolutely perfect, 100/100, nothing else to say. Just book, dont hesitate.

Facilities are perfect.",,False,True,0,1,False,"Dear Valued Guest, Thank you for sharing your positive review with us. We're so happy to hear you had a great experience at Galaxy Hotel and satisfied with our facility. Your review made our day! We hope to see you again in the nearest future. Best Regards,Galaxy Hotel",2023-09-03T00:00:00,"# Galaxy Hotel review (Trip.com)

**Rating:** 5.0/5 ★★★★★
**Travel type:** Solo traveller

## Review
Absolutely perfect, 100/100, nothing else to say. Just book, dont hesitate.

Facilities are perfect.

## Hotel response
Dear Valued Guest, Thank you for sharing your positive review with us. We're so happy to hear you had a great experience at Galaxy Hotel and satisfied with our facility. Your review made our day! We hope to see you again in the nearest future. Best Regards,Galaxy Hotel",https://www.trip.com/hotels/macau-hotel-detail-344983/galaxy-hotel/
1049602956,344983,Galaxy Hotel,trip,2024-02-24T22:38:02,2024-02,huiqin3,33,Review Expert,False,,Couple,Deluxe City King,en,5,Outstanding,Cleanliness: 5.0; Location: 5.0; Service: 5.0; Facilities: 5.0,"Room is big and spacious , services is good with lots of service provided , location is good and near to mrt",,False,True,0,0,False,"Dear Valued Guest,Thank you for your positive comments towards Galaxy Hotel. It is a pleasure to know that our location brings you convenience and makes your experience more perfect and memorable. Your comment encourages us to continue to do better, hoping to make every guest have a happy and memorable experience in our hotel. Thanks again and have a great day.Best Regards,Galaxy Hotel",2024-02-25T00:00:00,"# Galaxy Hotel review (Trip.com)

**Rating:** 5.0/5 ★★★★★
**Travel type:** Couple

## Review
Room is big and spacious , services is good with lots of service provided , location is good and near to mrt

## Hotel response
Dear Valued Guest,Thank you for your positive comments towards Galaxy Hotel. It is a pleasure to know that our location brings you convenience and makes your experience more perfect and memorable. Your comment encourages us to continue to do better, hoping to make every guest have a happy and memorable experience in our hotel. Thanks again and have a great day.Best Regards,Galaxy Hotel",https://www.trip.com/hotels/macau-hotel-detail-344983/galaxy-hotel/
1048927354,344983,Galaxy Hotel,trip,2024-02-24T05:56:56,2024-01,,6,Review Specialist,True,,Family,Deluxe City Twin,en,5,Outstanding,Cleanliness: 5.0; Location: 5.0; Service: 5.0; Facilities: 5.0,"We’ve stayed at this hotel several times before and I can say it is always improving. From the smallest details, to each member of the staff that make you feel like VIP guest. We had once again a perfect stayI.",,False,True,0,0,False,"Dear Valued Guest,Thank you for taking time to share your positive feedback with us, we are so happy to see you had an overall wonderful staying dining experience at Galaxy Hotel, while we are proud to learn that our team member provided great service to you during your visit. We hope to welcome you back again soon!Best Regards,Galaxy Hotel",2024-02-24T00:00:00,"# Galaxy Hotel review (Trip.com)

**Rating:** 5.0/5 ★★★★★
**Travel type:** Family

## Review
We’ve stayed at this hotel several times before and I can say it is always improving. From the smallest details, to each member of the staff that make you feel like VIP guest. We had once again a perfect stayI.

## Hotel response
Dear Valued Guest,Thank you for taking time to share your positive feedback with us, we are so happy to see you had an overall wonderful staying dining experience at Galaxy Hotel, while we are proud to learn that our team member provided great service to you during your visit. We hope to welcome you back again soon!Best Regards,Galaxy Hotel",https://www.trip.com/hotels/macau-hotel-detail-344983/galaxy-hotel/
1022000897,344983,Galaxy Hotel,trip,2024-01-18T21:42:24,2024-01,,2,Rising review star,True,,Couple,Deluxe City King,en,5,Outstanding,Cleanliness: 5.0; Location: 5.0; Service: 5.0; Facilities: 5.0,"We are absolutely delighted with our stay at this hotel; it boasts impeccable cleanliness and a pleasant ambiance. It is our 33rd wedding anniversary, and the service provided is truly exceptional, with unexpected arrangements that made our stay at Galaxy Hotel unforgettable. We must commend the front desk staff, particularly Denny Wong, for his outstanding assistance and arrangements. Denny's helpful and caring demeanor, coupled with his enthusiastic approach towards guests, left a lasting impression on us. We sincerely appreciate Denny's excellent service and, without a doubt, plan to choose this hotel for our future stays.""",,False,True,0,0,False,"Dear Valued Guest,Thank you very much for choosing Galaxy Hotel. It is an honor to have you stay in our hotel and you are satisfied and pleasantly surprised by the hotel's anniversary arrangements and amenities. We will continue to keep our service up and strive to create unforgettable memories for each guest on their special day. Happy anniversary to you again! Looking forward to your next visit to Macau and continue to choose to stay at Galaxy Hotel!Best Regards,Galaxy Hotel",2024-01-19T00:00:00,"# Galaxy Hotel review (Trip.com)

**Rating:** 5.0/5 ★★★★★
**Travel type:** Couple

## Review
We are absolutely delighted with our stay at this hotel; it boasts impeccable cleanliness and a pleasant ambiance. It is our 33rd wedding anniversary, and the service provided is truly exceptional, with unexpected arrangements that made our stay at Galaxy Hotel unforgettable. We must commend the front desk staff, particularly Denny Wong, for his outstanding assistance and arrangements. Denny's helpful and caring demeanor, coupled with his enthusiastic approach towards guests, left a lasting impression on us. We sincerely appreciate Denny's excellent service and, without a doubt, plan to choose this hotel for our future stays.""

## Hotel response
Dear Valued Guest,Thank you very much for choosing Galaxy Hotel. It is an honor to have you stay in our hotel and you are satisfied and pleasantly surprised by the hotel's anniversary arrangements and amenities. We will continue to keep our service up and strive to create unforgettable memories for each guest on their special day. Happy anniversary to you again! Looking forward to your next visit to Macau and continue to choose to stay at Galaxy Hotel!Best Regards,Galaxy Hotel",https://www.trip.com/hotels/macau-hotel-detail-344983/galaxy-hotel/
860481310,344983,Galaxy Hotel,trip,2023-07-09T12:21:38,2023-07,,3,Rising review star,True,,Family,Deluxe City King,en,5,Outstanding,Cleanliness: 5.0; Location: 5.0; Service: 5.0; Facilities: 5.0,"Came here for a anniversary trip with two kids. Wonderful stay and facilities. Our kids loved it and were sad to leave. 

Particularly wanted to thank Alex at the front desk who checked us in and helped bring us to our room. He saw we had kids and rushed to get them kids welcome pack, chocs and water. He was also thoughtful to ask us what was the occasion and arranged a cake to be brought to the room. This really made our welcome to the hotel extra special. 

Would definitely recommend and come again.",,False,True,0,2,False,"Dear Valued Guest,Thanks so much for your kind words towards Galaxy Hotel. We are glad to know that our staff Alex enhanced your staying experience. Our hotel would like to make our guests and little guests happy during the stay. We look forward to serving your family again in the nearest future. Best Regards,Galaxy Hotel",2023-07-10T00:00:00,"# Galaxy Hotel review (Trip.com)

**Rating:** 5.0/5 ★★★★★
**Travel type:** Family

## Review
Came here for a anniversary trip with two kids. Wonderful stay and facilities. Our kids loved it and were sad to leave. 

Particularly wanted to thank Alex at the front desk who checked us in and helped bring us to our room. He saw we had kids and rushed to get them kids welcome pack, chocs and water. He was also thoughtful to ask us what was the occasion and arranged a cake to be brought to the room. This really made our welcome to the hotel extra special. 

Would definitely recommend and come again.

## Hotel response
Dear Valued Guest,Thanks so much for your kind words towards Galaxy Hotel. We are glad to know that our staff Alex enhanced your staying experience. Our hotel would like to make our guests and little guests happy during the stay. We look forward to serving your family again in the nearest future. Best Regards,Galaxy Hotel",https://www.trip.com/hotels/macau-hotel-detail-344983/galaxy-hotel/
873618964,344983,Galaxy Hotel,trip,2023-07-23T23:06:44,2023-06,Lovelycat,5,Review Specialist,False,,Other,Deluxe City King,en,5,Outstanding,Cleanliness: 5.0; Location: 5.0; Service: 5.0; Facilities: 5.0,"Excellent services.  The hotel arranged a complimentary cake for celebrating our wedding anniversary.  We got an unforgettable and precious staying experience.  Lastly, special thanks to the hotel front desk Henry, conceige Joe and butler Jose, you all assisted a lot.",,False,True,0,1,False,"Dear Valued Guest,Thank you for taking time to share your positive feedback with us, I am so happy to see you had an overall wonderful staying experience with us, while we are proud to learn that Joe and Jose provided great service to you during your visit. We hope to welcome you back again soon! happy anniversary again.Best regards,Galaxy Hotel",2023-07-24T00:00:00,"# Galaxy Hotel review (Trip.com)

**Rating:** 5.0/5 ★★★★★
**Travel type:** Other

## Review
Excellent services.  The hotel arranged a complimentary cake for celebrating our wedding anniversary.  We got an unforgettable and precious staying experience.  Lastly, special thanks to the hotel front desk Henry, conceige Joe and butler Jose, you all assisted a lot.

## Hotel response
Dear Valued Guest,Thank you for taking time to share your positive feedback with us, I am so happy to see you had an overall wonderful staying experience with us, while we are proud to learn that Joe and Jose provided great service to you during your visit. We hope to welcome you back again soon! happy anniversary again.Best regards,Galaxy Hotel",https://www.trip.com/hotels/macau-hotel-detail-344983/galaxy-hotel/
996106229,344983,Galaxy Hotel,trip,2023-12-15T14:26:09,2023-12,,1,Rising review star,True,,Family,Deluxe City King,en,5,Outstanding,Cleanliness: 5.0; Location: 5.0; Service: 5.0; Facilities: 5.0,gooddd,,False,True,0,3,False,尊敬的客人:感謝您對澳門銀河的正面反饋，很高興看到您在我們這裏度過了愉快的時光。很榮幸有您選擇銀河酒店，我們希望很快能再為您服務。此致銀河酒店,2023-12-16T00:00:00,"# Galaxy Hotel review (Trip.com)

**Rating:** 5.0/5 ★★★★★
**Travel type:** Family

## Review
gooddd

## Hotel response
尊敬的客人:感謝您對澳門銀河的正面反饋，很高興看到您在我們這裏度過了愉快的時光。很榮幸有您選擇銀河酒店，我們希望很快能再為您服務。此致銀河酒店",https://www.trip.com/hotels/macau-hotel-detail-344983/galaxy-hotel/
984329437,344983,Galaxy Hotel,trip,2023-11-29T08:55:34,2023-11,맏며느리,11,Review Specialist,False,,Family,Deluxe Resort King,en,5,Outstanding,Cleanliness: 5.0; Location: 5.0; Service: 5.0; Facilities: 5.0,One of the best hotel in my life👍🏻👍🏻 The staff is friendly and the amenities are especially good~!!!!,,False,True,0,0,False,"Dear Valued Guest,Thank you so much for your valuable feedback to us. We are pleasant to hear that our excellent service made you day and overall experience was worth for money. Delivering outstanding service to guest is our aim and goal. We look forward to serving you in the nearest future at Galaxy Macau!Best Regards,Galaxy Hotel",2023-11-29T00:00:00,"# Galaxy Hotel review (Trip.com)

**Rating:** 5.0/5 ★★★★★
**Travel type:** Family

## Review
One of the best hotel in my life👍🏻👍🏻 The staff is friendly and the amenities are especially good~!!!!

## Hotel response
Dear Valued Guest,Thank you so much for your valuable feedback to us. We are pleasant to hear that our excellent service made you day and overall experience was worth for money. Delivering outstanding service to guest is our aim and goal. We look forward to serving you in the nearest future at Galaxy Macau!Best Regards,Galaxy Hotel",https://www.trip.com/hotels/macau-hotel-detail-344983/galaxy-hotel/
1005733923,344983,Galaxy Hotel,trip,2023-12-28T12:06:34,2023-10,The Wandering Architects,32,Review Expert,False,,Couple,Deluxe Resort King,en,5,Outstanding,Cleanliness: 5.0; Location: 5.0; Service: 5.0; Facilities: 5.0,"One of the best hotels we’ve ever stayed at. Spacious, excellent service and the pool was amazing! Really luxurious vibe 👏🏻",,False,True,0,0,False,"Dear Valued Guest, Thank you for sharing your positive review with us. We're so happy to hear you had a great experience at Galaxy Hotel and satisfied with our swimming pool and service. Your review made our day! We hope to see you again in the nearest future. Best Regards,Galaxy Hotel",2023-12-29T00:00:00,"# Galaxy Hotel review (Trip.com)

**Rating:** 5.0/5 ★★★★★
**Travel type:** Couple

## Review
One of the best hotels we’ve ever stayed at. Spacious, excellent service and the pool was amazing! Really luxurious vibe 👏🏻

## Hotel response
Dear Valued Guest, Thank you for sharing your positive review with us. We're so happy to hear you had a great experience at Galaxy Hotel and satisfied with our swimming pool and service. Your review made our day! We hope to see you again in the nearest future. Best Regards,Galaxy Hotel",https://www.trip.com/hotels/macau-hotel-detail-344983/galaxy-hotel/
1019971989,344983,Galaxy Hotel,trip,2024-01-16T10:21:40,2024-01,Rahayu_01,9,Review Specialist,False,,Couple,Deluxe City King,en,5,Outstanding,Cleanliness: 5.0; Location: 5.0; Service: 5.0; Facilities: 5.0,"Very nice the hotel my friend say, because I booked for my friend",,False,True,0,0,False,"Dear Valued Guest, Thank you for your positive feedback. We are so happy to see you had an overall good stay with us. It was our pleasure having you with us and we hope to welcome you back soon. Best Regards, Galaxy Hotel",2024-01-17T00:00:00,"# Galaxy Hotel review (Trip.com)

**Rating:** 5.0/5 ★★★★★
**Travel type:** Couple

## Review
Very nice the hotel my friend say, because I booked for my friend

## Hotel response
Dear Valued Guest, Thank you for your positive feedback. We are so happy to see you had an overall good stay with us. It was our pleasure having you with us and we hope to welcome you back soon. Best Regards, Galaxy Hotel",https://www.trip.com/hotels/macau-hotel-detail-344983/galaxy-hotel/
1012998371,344983,Galaxy Hotel,trip,2024-01-06T14:15:33,2024-01,,7,Review Specialist,True,,Couple,Deluxe Resort King,en,5,Outstanding,Cleanliness: 5.0; Location: 5.0; Service: 5.0; Facilities: 5.0,"Very nice view and location, and nearby tourist attraction",,False,True,0,0,False,"Dear Valued Guest,Thank you for your positive comments towards Galaxy Hotel. It is a pleasure to know that our location brings you convenience and makes your experience more perfect and memorable. Your comment encourages us to continue to do better, hoping to make every guest have a happy and memorable experience in our hotel. Thanks again and have a great day.Best Regards,Galaxy Hotel",2024-01-07T00:00:00,"# Galaxy Hotel review (Trip.com)

**Rating:** 5.0/5 ★★★★★
**Travel type:** Couple

## Review
Very nice view and location, and nearby tourist attraction

## Hotel response
Dear Valued Guest,Thank you for your positive comments towards Galaxy Hotel. It is a pleasure to know that our location brings you convenience and makes your experience more perfect and memorable. Your comment encourages us to continue to do better, hoping to make every guest have a happy and memorable experience in our hotel. Thanks again and have a great day.Best Regards,Galaxy Hotel",https://www.trip.com/hotels/macau-hotel-detail-344983/galaxy-hotel/
987085941,344983,Galaxy Hotel,trip,2023-12-03T07:29:10,2023-11,lee Gunchea,3,Rising review star,False,,Solo traveller,Deluxe City King,en,5,Outstanding,Cleanliness: 5.0; Location: 5.0; Service: 5.0; Facilities: 5.0,It's very nice and very  comfortable.  Everybody also very kind.,,False,True,0,0,False,"Dear Valued Guest,Thank you for your positive feedback and choosing Galaxy Hotel. We are glad to know that our environment made you feel comfort and joyful. Your kind words encourage us to continue doing our best to make sure every guest's experience is a memorable one. Thanks again, and have a wonderful day.Best Regards,Galaxy Hotel",2023-12-03T00:00:00,"# Galaxy Hotel review (Trip.com)

**Rating:** 5.0/5 ★★★★★
**Travel type:** Solo traveller

## Review
It's very nice and very  comfortable.  Everybody also very kind.

## Hotel response
Dear Valued Guest,Thank you for your positive feedback and choosing Galaxy Hotel. We are glad to know that our environment made you feel comfort and joyful. Your kind words encourage us to continue doing our best to make sure every guest's experience is a memorable one. Thanks again, and have a wonderful day.Best Regards,Galaxy Hotel",https://www.trip.com/hotels/macau-hotel-detail-344983/galaxy-hotel/
874478724,344983,Galaxy Hotel,trip,2023-07-24T18:41:47,2023-07,,1,Rising review star,True,,Family,Deluxe City Twin,en,5,Outstanding,Cleanliness: 5.0; Location: 5.0; Service: 5.0; Facilities: 5.0,Very friendly staff and beautiful  hotel . Their staff there is very supportive and friendly . I would like to revisit again !!,,False,True,0,0,False,"Dear Valued Guest,Thank you for taking time to share your positive feedback with us, I am so happy to see you had an overall wonderful staying experience with us, while we are proud to learn that our team member provided great service to you during your visit. We hope to welcome you back again soon!Best regards,Galaxy Hotel",2023-07-25T00:00:00,"# Galaxy Hotel review (Trip.com)

**Rating:** 5.0/5 ★★★★★
**Travel type:** Family

## Review
Very friendly staff and beautiful  hotel . Their staff there is very supportive and friendly . I would like to revisit again !!

## Hotel response
Dear Valued Guest,Thank you for taking time to share your positive feedback with us, I am so happy to see you had an overall wonderful staying experience with us, while we are proud to learn that our team member provided great service to you during your visit. We hope to welcome you back again soon!Best regards,Galaxy Hotel",https://www.trip.com/hotels/macau-hotel-detail-344983/galaxy-hotel/
987475491,344983,Galaxy Hotel,trip,2023-12-03T14:27:01,2023-11,GEOLegends,5,Review Specialist,False,,Couple,Deluxe City King,en,5,Outstanding,Cleanliness: 5.0; Location: 5.0; Service: 5.0; Facilities: 5.0,Wonderful place will stay again great service free drinks,,False,True,0,0,False,"Dear Valued Guest,Thank you for your positive feedback. We are so happy to see you had an overall good stay with us. It was our pleasure having you with us and we hope to welcome you back soon.Best Regards,Galaxy Hotel",2023-12-04T00:00:00,"# Galaxy Hotel review (Trip.com)

**Rating:** 5.0/5 ★★★★★
**Travel type:** Couple

## Review
Wonderful place will stay again great service free drinks

## Hotel response
Dear Valued Guest,Thank you for your positive feedback. We are so happy to see you had an overall good stay with us. It was our pleasure having you with us and we hope to welcome you back soon.Best Regards,Galaxy Hotel",https://www.trip.com/hotels/macau-hotel-detail-344983/galaxy-hotel/
1006982141,344983,Galaxy Hotel,trip,2023-12-29T23:25:38,2023-10,,4,Rising review star,True,,Family,Deluxe City Twin,en,5,Outstanding,Cleanliness: 5.0; Location: 5.0; Service: 5.0; Facilities: 5.0,"It's the best hotel ever !!!
Good location near old town village",,False,True,0,0,False,"Dear Valued Guest,Thank you for your positive comments towards Galaxy Hotel. It is a pleasure to know that our location brings you convenience and makes your experience more perfect and memorable. Your comment encourages us to continue to do better, hoping to make every guest have a happy and memorable experience in our hotel. Thanks again and have a great day.Best Regards,Galaxy Hotel",2023-12-30T00:00:00,"# Galaxy Hotel review (Trip.com)

**Rating:** 5.0/5 ★★★★★
**Travel type:** Family

## Review
It's the best hotel ever !!!
Good location near old town village

## Hotel response
Dear Valued Guest,Thank you for your positive comments towards Galaxy Hotel. It is a pleasure to know that our location brings you convenience and makes your experience more perfect and memorable. Your comment encourages us to continue to do better, hoping to make every guest have a happy and memorable experience in our hotel. Thanks again and have a great day.Best Regards,Galaxy Hotel",https://www.trip.com/hotels/macau-hotel-detail-344983/galaxy-hotel/
1000894985,344983,Galaxy Hotel,trip,2023-12-22T14:36:31,2023-12,Barry’s Journey,16,Review Specialist,False,,Family,Deluxe City King,en,5,Outstanding,Cleanliness: 5.0; Location: 5.0; Service: 5.0; Facilities: 5.0,"We had much fun.
Definitely will come back",,False,True,0,0,False,"Dear Valued Guest,Thank you for your positive feedback. We are so happy to see you had an overall good stay with us. It was our pleasure having you with us and we hope to welcome you back soon.Best Regards,Galaxy Hotel",2023-12-27T00:00:00,"# Galaxy Hotel review (Trip.com)

**Rating:** 5.0/5 ★★★★★
**Travel type:** Family

## Review
We had much fun.
Definitely will come back

## Hotel response
Dear Valued Guest,Thank you for your positive feedback. We are so happy to see you had an overall good stay with us. It was our pleasure having you with us and we hope to welcome you back soon.Best Regards,Galaxy Hotel",https://www.trip.com/hotels/macau-hotel-detail-344983/galaxy-hotel/
934886559,344983,Galaxy Hotel,trip,2023-09-25T13:44:15,2023-06,,39,Review Expert,True,,Couple,Deluxe City King,en,5,Outstanding,Cleanliness: 5.0; Location: 5.0; Service: 5.0; Facilities: 5.0,excellent hotel nice stay next trip surely will choose this hotel again,,False,True,0,0,False,"Dear Valued Guest,Thank you for your positive feedback. We are so happy to see you had an overall good stay with us. It was our pleasure having you with us and we hope to welcome you back soon.Best Regards,Galaxy Hotel",2023-09-25T00:00:00,"# Galaxy Hotel review (Trip.com)

**Rating:** 5.0/5 ★★★★★
**Travel type:** Couple

## Review
excellent hotel nice stay next trip surely will choose this hotel again

## Hotel response
Dear Valued Guest,Thank you for your positive feedback. We are so happy to see you had an overall good stay with us. It was our pleasure having you with us and we hope to welcome you back soon.Best Regards,Galaxy Hotel",https://www.trip.com/hotels/macau-hotel-detail-344983/galaxy-hotel/
875467438,344983,Galaxy Hotel,trip,2023-07-25T19:33:36,2023-07,Madam Review,16,Review Specialist,False,,Travelling with friends,Deluxe City King,en,5,Outstanding,Cleanliness: 5.0; Location: 5.0; Service: 5.0; Facilities: 5.0,"Very luxury hotel , good service ,good location , very impressive",,False,True,0,0,False,"Dear Valued Guest,Thank you for taking time to share your positive feedback with us, I am so happy to see you had an overall wonderful staying experience with us, while we are proud to learn that our team member provided great service to you during your visit. We hope to welcome you back again soon!Best regards,Galaxy Hotel",2023-07-26T00:00:00,"# Galaxy Hotel review (Trip.com)

**Rating:** 5.0/5 ★★★★★
**Travel type:** Travelling with friends

## Review
Very luxury hotel , good service ,good location , very impressive

## Hotel response
Dear Valued Guest,Thank you for taking time to share your positive feedback with us, I am so happy to see you had an overall wonderful staying experience with us, while we are proud to learn that our team member provided great service to you during your visit. We hope to welcome you back again soon!Best regards,Galaxy Hotel",https://www.trip.com/hotels/macau-hotel-detail-344983/galaxy-hotel/
1005037367,344983,Galaxy Hotel,trip,2023-12-27T14:25:32,2023-12,,1,Rising review star,True,,Family,Deluxe City King,en,5,Outstanding,Cleanliness: 5.0; Location: 5.0; Service: 5.0; Facilities: 5.0,Excellent hotel and great service,,False,True,0,0,False,"Dear Valued Guest,Thank you for taking time to share your positive feedback with us, we are so happy to see you had an overall wonderful staying experience at Galaxy Hotel, while we are proud to learn that our team member provided great service to you during your visit. We hope to welcome you back again soon!Best Regards,Galaxy Hotel",2023-12-28T00:00:00,"# Galaxy Hotel review (Trip.com)

**Rating:** 5.0/5 ★★★★★
**Travel type:** Family

## Review
Excellent hotel and great service

## Hotel response
Dear Valued Guest,Thank you for taking time to share your positive feedback with us, we are so happy to see you had an overall wonderful staying experience at Galaxy Hotel, while we are proud to learn that our team member provided great service to you during your visit. We hope to welcome you back again soon!Best Regards,Galaxy Hotel",https://www.trip.com/hotels/macau-hotel-detail-344983/galaxy-hotel/
995354167,344983,Galaxy Hotel,trip,2023-12-14T14:06:53,2023-12,RITATA💕,6,Review Specialist,False,,Travelling with friends,Deluxe City King,en,5,Outstanding,Cleanliness: 5.0; Location: 5.0; Service: 5.0; Facilities: 5.0,Marco offers good service.😉👍🏻,,False,True,0,0,False,"Dear Valued Guest,Thank you for taking time to share your positive feedback with us, we are so happy to see you had an overall wonderful staying experience at Galaxy Hotel, while we are proud to learn that our team member Marco provided great service to you during your visit. We hope to welcome you back again soon!Best Regards,Galaxy Hotel",2023-12-14T00:00:00,"# Galaxy Hotel review (Trip.com)

**Rating:** 5.0/5 ★★★★★
**Travel type:** Travelling with friends

## Review
Marco offers good service.😉👍🏻

## Hotel response
Dear Valued Guest,Thank you for taking time to share your positive feedback with us, we are so happy to see you had an overall wonderful staying experience at Galaxy Hotel, while we are proud to learn that our team member Marco provided great service to you during your visit. We hope to welcome you back again soon!Best Regards,Galaxy Hotel",https://www.trip.com/hotels/macau-hotel-detail-344983/galaxy-hotel/
938385516,344983,Galaxy Hotel,trip,2023-09-30T16:20:37,2023-09,,10,Review Specialist,True,,Family,Deluxe City Twin,en,5,Outstanding,Cleanliness: 5.0; Location: 5.0; Service: 5.0; Facilities: 5.0,Excellent service for my kids!,,False,True,0,0,False,"Dear Valued Guest,Thank you for taking time to share your positive feedback with us, we are so happy to see you had an overall wonderful staying experience at Galaxy Hotel, while we are proud to learn that our team member provided great service to you during your visit. We hope to welcome you back again soon!Best Regards,Galaxy Hotel",2023-10-05T00:00:00,"# Galaxy Hotel review (Trip.com)

**Rating:** 5.0/5 ★★★★★
**Travel type:** Family

## Review
Excellent service for my kids!

## Hotel response
Dear Valued Guest,Thank you for taking time to share your positive feedback with us, we are so happy to see you had an overall wonderful staying experience at Galaxy Hotel, while we are proud to learn that our team member provided great service to you during your visit. We hope to welcome you back again soon!Best Regards,Galaxy Hotel",https://www.trip.com/hotels/macau-hotel-detail-344983/galaxy-hotel/
984413205,344983,Galaxy Hotel,trip,2023-11-29T12:38:08,2023-11,,3,Rising review star,True,,Couple,Deluxe City King,en,5,Outstanding,Cleanliness: 5.0; Location: 5.0; Service: 5.0; Facilities: 5.0,Excellent CS services,,False,True,0,0,False,"Dear Valued Guest,Thank you for taking time to share your positive feedback with us, we are so happy to see you had an overall wonderful staying experience at Galaxy Hotel, while we are proud to learn that our team member provided great service to you during your visit. We hope to welcome you back again soon!Best Regards,Galaxy Hotel",2023-11-29T00:00:00,"# Galaxy Hotel review (Trip.com)

**Rating:** 5.0/5 ★★★★★
**Travel type:** Couple

## Review
Excellent CS services

## Hotel response
Dear Valued Guest,Thank you for taking time to share your positive feedback with us, we are so happy to see you had an overall wonderful staying experience at Galaxy Hotel, while we are proud to learn that our team member provided great service to you during your visit. We hope to welcome you back again soon!Best Regards,Galaxy Hotel",https://www.trip.com/hotels/macau-hotel-detail-344983/galaxy-hotel/
1058001982,344983,Galaxy Hotel,trip,2024-03-07T11:28:01,2023-12,,1,Rising review star,True,,Business traveller,Deluxe City King,en,5,Outstanding,Cleanliness: 5.0; Location: 5.0; Service: 5.0; Facilities: 5.0,was nice,,False,True,0,0,False,"Dear Valued Guest,Thank you for your positive feedback. We are so happy to see you had an overall good stay with us. It was our pleasure having you with us and we hope to welcome you back soon.Best Regards,Galaxy Hotel",2024-03-08T00:00:00,"# Galaxy Hotel review (Trip.com)

**Rating:** 5.0/5 ★★★★★
**Travel type:** Business traveller

## Review
was nice

## Hotel response
Dear Valued Guest,Thank you for your positive feedback. We are so happy to see you had an overall good stay with us. It was our pleasure having you with us and we hope to welcome you back soon.Best Regards,Galaxy Hotel",https://www.trip.com/hotels/macau-hotel-detail-344983/galaxy-hotel/
933599736,344983,Galaxy Hotel,trip,2023-09-23T22:06:47,2023-09,,2,Rising review star,True,,Travelling with friends,Deluxe City Twin,en,5,Outstanding,Cleanliness: 5.0; Location: 5.0; Service: 5.0; Facilities: 5.0,Good good,,False,True,0,0,False,"Dear Valued Guest,Thank you for your positive feedback. We are so happy to see you had an overall good stay with us. It was our pleasure having you with us and we hope to welcome you back soon.Best Regards,Galaxy Hotel",2023-09-24T00:00:00,"# Galaxy Hotel review (Trip.com)

**Rating:** 5.0/5 ★★★★★
**Travel type:** Travelling with friends

## Review
Good good

## Hotel response
Dear Valued Guest,Thank you for your positive feedback. We are so happy to see you had an overall good stay with us. It was our pleasure having you with us and we hope to welcome you back soon.Best Regards,Galaxy Hotel",https://www.trip.com/hotels/macau-hotel-detail-344983/galaxy-hotel/
1971126720,344983,Galaxy Hotel,trip,2026-06-03T10:56:32,2026-05,,1,Rising review star,True,,Family,Deluxe City Twin,ko,5,Outstanding,Cleanliness: 5.0; Location: 5.0; Service: 5.0; Facilities: 5.0,"예전에 친구랑 다녀오고 좋았어서
이번에 가족여행으로 다녀왔는데~
역시나 좋았습니다~
키즈 프랜들리하고~ 위치도 청결도 서비스도 매우 만족스러웠어요~
아이들이 물놀이하기도 편하고
키즈시설도 좋고~ 청소도 너무 깨끗하게 잘해주셔서 머무는 동안 만족스러웠습니다.
아이들텐트랑 어메니티 등도 배려깊고 좋았어요^^","I visited with a friend before and had a great time, so I went back for a family trip this time. It was just as good as I expected. It is kid-friendly, and I was very satisfied with the location, cleanliness, and service. It was convenient for the kids to play in the water, the kids' facilities were great, and the cleaning was done so thoroughly that I was very satisfied during my stay.

The kids' tents and amenities were also thoughtful and nice.",True,True,1,2,False,"Dear Valued Guest,Thank you for choosing to stay at Galaxy Macau. We are delighted to hear that you and your children had an enjoyable stay and enjoyed your time playing at Grand Resort Deck. We are committed to maintaining the provision of amenities and services for guests of all ages at a five-star exceptional standard, and we hope to have the opportunity to serve you again in the near future.Yours sincerely,Galaxy Hotel",2026-06-03T00:00:00,"# Galaxy Hotel review (Trip.com)

**Rating:** 5.0/5 ★★★★★
**Travel type:** Family

## Review
예전에 친구랑 다녀오고 좋았어서
이번에 가족여행으로 다녀왔는데~
역시나 좋았습니다~
키즈 프랜들리하고~ 위치도 청결도 서비스도 매우 만족스러웠어요~
아이들이 물놀이하기도 편하고
키즈시설도 좋고~ 청소도 너무 깨끗하게 잘해주셔서 머무는 동안 만족스러웠습니다.
아이들텐트랑 어메니티 등도 배려깊고 좋았어요^^

## Translation
I visited with a friend before and had a great time, so I went back for a family trip this time. It was just as good as I expected. It is kid-friendly, and I was very satisfied with the location, cleanliness, and service. It was convenient for the kids to play in the water, the kids' facilities were great, and the cleaning was done so thoroughly that I was very satisfied during my stay.

The kids' tents and amenities were also thoughtful and nice.

## Hotel response
Dear Valued Guest,Thank you for choosing to stay at Galaxy Macau. We are delighted to hear that you and your children had an enjoyable stay and enjoyed your time playing at Grand Resort Deck. We are committed to maintaining the provision of amenities and services for guests of all ages at a five-star exceptional standard, and we hope to have the opportunity to serve you again in the near future.Yours sincerely,Galaxy Hotel",https://www.trip.com/hotels/macau-hotel-detail-344983/galaxy-hotel/
1954923346,344983,Galaxy Hotel,trip,2026-05-20T21:42:35,2026-05,vivian sen,1,Rising review star,False,,Family,Deluxe City King,zh,5,Outstanding,Cleanliness: 5.0; Location: 5.0; Service: 5.0; Facilities: 5.0,飯店房間乾淨舒適，服務員的態度非常和善，酒店有美食街和許多商店，還有天浪淘園可以玩水，整天待在裡面也不會無聊。,"The hotel rooms are clean and comfortable, the staff are very friendly, the hotel has a food street and many shops, and there is also a water park where you can play in the water, so you won't be bored even if you stay there all day.",True,True,1,7,False,尊敬的客人，感謝您對我們的正面評價。我們很高興聽到您在酒店有很棒的體驗並對我們的設施配套及員工的服務態度感到滿意。您的評論成就我們的動力！我們希望在不久的將來再次為您服務。此致銀河酒店,2026-05-21T00:00:00,"# Galaxy Hotel review (Trip.com)

**Rating:** 5.0/5 ★★★★★
**Travel type:** Family

## Review
飯店房間乾淨舒適，服務員的態度非常和善，酒店有美食街和許多商店，還有天浪淘園可以玩水，整天待在裡面也不會無聊。

## Translation
The hotel rooms are clean and comfortable, the staff are very friendly, the hotel has a food street and many shops, and there is also a water park where you can play in the water, so you won't be bored even if you stay there all day.

## Hotel response
尊敬的客人，感謝您對我們的正面評價。我們很高興聽到您在酒店有很棒的體驗並對我們的設施配套及員工的服務態度感到滿意。您的評論成就我們的動力！我們希望在不久的將來再次為您服務。此致銀河酒店",https://www.trip.com/hotels/macau-hotel-detail-344983/galaxy-hotel/
1940313020,344983,Galaxy Hotel,trip,2026-05-08T00:57:24,2026-04,,2,Rising review star,True,,Family,Deluxe City King,ko,5,Outstanding,Cleanliness: 5.0; Location: 5.0; Service: 5.0; Facilities: 5.0,수영장 이용 및 샤워만 하는용으로 당일 급으로 예악해서 숙박은 안 했습니다만 직원분들도 친절하고 룸 상태도 깔끔했습니다 커플들이 이용하기에는 위치도 좋고 가격도 저렴해서 좋을 것 같아요,"I made a last-minute reservation on the same day just to use the pool and shower, so I didn't stay overnight, but the staff were friendly and the room was clean. I think it would be good for couples because the location is good and the price is affordable.",True,True,0,1,False,"Dear Valued Guest,Thank you for your positive feedback. We are delighted to hear that you had a wonderful experience at our hotel and that you satisfied with our pool facilities. Your comments are truly our motivation!We look forward to the pleasure of serving you again in the near future.Yours sincerely,Galaxy Hotel",2026-05-08T00:00:00,"# Galaxy Hotel review (Trip.com)

**Rating:** 5.0/5 ★★★★★
**Travel type:** Family

## Review
수영장 이용 및 샤워만 하는용으로 당일 급으로 예악해서 숙박은 안 했습니다만 직원분들도 친절하고 룸 상태도 깔끔했습니다 커플들이 이용하기에는 위치도 좋고 가격도 저렴해서 좋을 것 같아요

## Translation
I made a last-minute reservation on the same day just to use the pool and shower, so I didn't stay overnight, but the staff were friendly and the room was clean. I think it would be good for couples because the location is good and the price is affordable.

## Hotel response
Dear Valued Guest,Thank you for your positive feedback. We are delighted to hear that you had a wonderful experience at our hotel and that you satisfied with our pool facilities. Your comments are truly our motivation!We look forward to the pleasure of serving you again in the near future.Yours sincerely,Galaxy Hotel",https://www.trip.com/hotels/macau-hotel-detail-344983/galaxy-hotel/
1873441535,344983,Galaxy Hotel,trip,2026-03-12T17:15:51,2026-03,Shandaimoshengren,76,Review Expert,False,,Family,Deluxe City King,zh,5,Outstanding,Cleanliness: 5.0; Location: 5.0; Service: 5.0; Facilities: 5.0,銀河酒店，服務絕對一流，前台接待我是一個靚仔，知道我帶孩子家人出來玩，給我升級一套，豪華套房，非常有禮貌，定完房間一個美女把我們送到房間，安排好後離開，洗漱用品都是寶格麗，礦泉水放了十多瓶，冰箱裏麪薯條巧克力蘇打水等都是免費的，入住感覺非常好，再來一定還是銀河續住沒有房間了，爆滿帥哥，名字想不起來了，美女經理也忘了，他倆讓我記住了銀河,"The Galaxy Hotel's service was absolutely top-notch. The receptionist was a handsome young man who, knowing I was traveling with family and children, upgraded me to a deluxe suite. He was incredibly polite. After booking, a beautiful woman escorted us to our room, settled us in, and then left. The toiletries were all Bulgari, and there were over ten bottles of mineral water. The refrigerator was stocked with complimentary fries, chocolate, soda, and other drinks. My stay was excellent, and I'll definitely stay at the Galaxy again next time. They were always full, though I can't remember the names of the handsome men there, and I've also forgotten the beautiful manager. Those two are what made me remember the Galaxy.",True,True,1,4,False,尊敬的客人，衷心感謝您給予我們的正面評價。我們很高興得知您和家人在入住期間感受到貼心的服務與舒適的環境。前台同事的細心安排以及周到陪同，能夠為您帶來愉快的體驗，是我們最大的榮幸。您的評論成就我們的動力！我們希望在不久的將來再次為您服務。此致銀河酒店,2026-03-12T00:00:00,"# Galaxy Hotel review (Trip.com)

**Rating:** 5.0/5 ★★★★★
**Travel type:** Family

## Review
銀河酒店，服務絕對一流，前台接待我是一個靚仔，知道我帶孩子家人出來玩，給我升級一套，豪華套房，非常有禮貌，定完房間一個美女把我們送到房間，安排好後離開，洗漱用品都是寶格麗，礦泉水放了十多瓶，冰箱裏麪薯條巧克力蘇打水等都是免費的，入住感覺非常好，再來一定還是銀河續住沒有房間了，爆滿帥哥，名字想不起來了，美女經理也忘了，他倆讓我記住了銀河

## Translation
The Galaxy Hotel's service was absolutely top-notch. The receptionist was a handsome young man who, knowing I was traveling with family and children, upgraded me to a deluxe suite. He was incredibly polite. After booking, a beautiful woman escorted us to our room, settled us in, and then left. The toiletries were all Bulgari, and there were over ten bottles of mineral water. The refrigerator was stocked with complimentary fries, chocolate, soda, and other drinks. My stay was excellent, and I'll definitely stay at the Galaxy again next time. They were always full, though I can't remember the names of the handsome men there, and I've also forgotten the beautiful manager. Those two are what made me remember the Galaxy.

## Hotel response
尊敬的客人，衷心感謝您給予我們的正面評價。我們很高興得知您和家人在入住期間感受到貼心的服務與舒適的環境。前台同事的細心安排以及周到陪同，能夠為您帶來愉快的體驗，是我們最大的榮幸。您的評論成就我們的動力！我們希望在不久的將來再次為您服務。此致銀河酒店",https://www.trip.com/hotels/macau-hotel-detail-344983/galaxy-hotel/
1913641642,344983,Galaxy Hotel,trip,2026-04-17T16:03:26,2026-04,ИННАБЕЛИКОВА,3,Rising review star,False,,Couple,Deluxe City King,ru,5,Outstanding,Cleanliness: 5.0; Location: 5.0; Service: 5.0; Facilities: 5.0,Очень крутой отель. Особенно овился  басмйн,Very cool hotel. The swimming pool was especially great.,True,True,0,1,False,"Dear Valued Guest,Thank you for your positive feedback. We are delighted to hear that you had a wonderful experience at our hotel and that you satisfied with our pool facilities. Your comments are truly our motivation!We look forward to the pleasure of serving you again in the near future.Yours sincerely,Galaxy Hotel",2026-04-17T00:00:00,"# Galaxy Hotel review (Trip.com)

**Rating:** 5.0/5 ★★★★★
**Travel type:** Couple

## Review
Очень крутой отель. Особенно овился  басмйн

## Translation
Very cool hotel. The swimming pool was especially great.

## Hotel response
Dear Valued Guest,Thank you for your positive feedback. We are delighted to hear that you had a wonderful experience at our hotel and that you satisfied with our pool facilities. Your comments are truly our motivation!We look forward to the pleasure of serving you again in the near future.Yours sincerely,Galaxy Hotel",https://www.trip.com/hotels/macau-hotel-detail-344983/galaxy-hotel/
1690273328,344983,Galaxy Hotel,trip,2025-10-01T14:42:52,2025-09,,6,Review Specialist,True,,Family,Deluxe City King,ko,5,Outstanding,Cleanliness: 5.0; Location: 5.0; Service: 5.0; Facilities: 5.0,"가족들의 여행으로는 정말 즐거운 시간을 보낼수 있었습니다.
체크인시의 william의 친절함은 어느 호텔에서도 경험하기 어려운 친절함이었습니다.",We had a truly enjoyable time as a family trip. William's kindness at check-in was something I've rarely experienced at any other hotel.,True,True,0,2,False,"Dear Valued Guest,Thank you so much for choosing Galaxy Hotel Macau and for sharing your kind words with us.We’re truly delighted to hear that you and your family had an enjoyable stay. Your special mention of William’s exceptional hospitality during check-in means a lot to us. We’ll be sure to pass along your compliments to him. It’s always our goal to create memorable experiences through genuine care and service. We look forward to welcoming you and your loved ones back again soon for another wonderful visit.Warm Regards,Galaxy Hotel",2025-10-02T00:00:00,"# Galaxy Hotel review (Trip.com)

**Rating:** 5.0/5 ★★★★★
**Travel type:** Family

## Review
가족들의 여행으로는 정말 즐거운 시간을 보낼수 있었습니다.
체크인시의 william의 친절함은 어느 호텔에서도 경험하기 어려운 친절함이었습니다.

## Translation
We had a truly enjoyable time as a family trip. William's kindness at check-in was something I've rarely experienced at any other hotel.

## Hotel response
Dear Valued Guest,Thank you so much for choosing Galaxy Hotel Macau and for sharing your kind words with us.We’re truly delighted to hear that you and your family had an enjoyable stay. Your special mention of William’s exceptional hospitality during check-in means a lot to us. We’ll be sure to pass along your compliments to him. It’s always our goal to create memorable experiences through genuine care and service. We look forward to welcoming you and your loved ones back again soon for another wonderful visit.Warm Regards,Galaxy Hotel",https://www.trip.com/hotels/macau-hotel-detail-344983/galaxy-hotel/
1712020018,344983,Galaxy Hotel,trip,2025-10-15T10:55:29,2025-09,,1,Rising review star,True,,Family,Deluxe City Twin,zh,5,Outstanding,Cleanliness: 5.0; Location: 5.0; Service: 5.0; Facilities: 5.0,上網見到呢間酒店配套唔錯，有天浪淘園同兒童樂園，啱哂同女女去玩。在登記入住時，前台員工Jim非常熱情及細心，一邊詢問我們這次出遊目的、吃過午餐未、介紹酒店餐廳及設施、以及接駁巴士資訊等等，一邊幫我們檢查房間準備好沒有。然後再詢問是否需要搭帳篷，又給了小朋友一本填色册。因為我們比check in時間早到達，所以問他是否可以先去兒童樂園玩，還主動提出帶我們到2樓童樂坊，稍後再去取房間，完全表現出殷勤而又專業嘅服務態度。這次我們一家人玩得非常開心，下次一定會再次入住。,"I saw on the internet that this hotel has good facilities. There are Tianlang Taoyuan and a children's paradise, so I can go there with my daughter. At check-in, the front desk employee Jim was very enthusiastic and attentive, helping us check whether the room was ready while asking us about the purpose of our trip, whether we had lunch, introducing the hotel restaurants and facilities, and shuttle bus information. Then again inquired if a tent was needed, and a coloring book was given to the children. Because we arrived earlier than check in time, we asked him if we could go to the children's playground to play first, and offered to take us to the children's playground on the 2nd floor and pick up the room later, completely showing attentive and professional service attitude. Our family had a great time this time and will definitely stay again next time.",True,True,0,5,False,尊敬的客人：非常感謝您抽出寶貴時間分享您在銀河酒店的入住體驗。很高興得知您和女兒在天浪淘園及童樂坊度過了愉快的時光，並對我們的設施感到滿意。特別感謝您對前台員工Jim的讚賞，他的熱情接待與細心安排讓您留下深刻印象，這正是我們一直努力追求的服務標準。看到您一家人玩得開心，並表示願意再次入住，我們感到非常欣慰。我們會繼續努力，為每位賓客提供貼心而專業的服務，期待您下次到訪澳門時再次選擇銀河酒店！此致 銀河酒店,2025-10-15T00:00:00,"# Galaxy Hotel review (Trip.com)

**Rating:** 5.0/5 ★★★★★
**Travel type:** Family

## Review
上網見到呢間酒店配套唔錯，有天浪淘園同兒童樂園，啱哂同女女去玩。在登記入住時，前台員工Jim非常熱情及細心，一邊詢問我們這次出遊目的、吃過午餐未、介紹酒店餐廳及設施、以及接駁巴士資訊等等，一邊幫我們檢查房間準備好沒有。然後再詢問是否需要搭帳篷，又給了小朋友一本填色册。因為我們比check in時間早到達，所以問他是否可以先去兒童樂園玩，還主動提出帶我們到2樓童樂坊，稍後再去取房間，完全表現出殷勤而又專業嘅服務態度。這次我們一家人玩得非常開心，下次一定會再次入住。

## Translation
I saw on the internet that this hotel has good facilities. There are Tianlang Taoyuan and a children's paradise, so I can go there with my daughter. At check-in, the front desk employee Jim was very enthusiastic and attentive, helping us check whether the room was ready while asking us about the purpose of our trip, whether we had lunch, introducing the hotel restaurants and facilities, and shuttle bus information. Then again inquired if a tent was needed, and a coloring book was given to the children. Because we arrived earlier than check in time, we asked him if we could go to the children's playground to play first, and offered to take us to the children's playground on the 2nd floor and pick up the room later, completely showing attentive and professional service attitude. Our family had a great time this time and will definitely stay again next time.

## Hotel response
尊敬的客人：非常感謝您抽出寶貴時間分享您在銀河酒店的入住體驗。很高興得知您和女兒在天浪淘園及童樂坊度過了愉快的時光，並對我們的設施感到滿意。特別感謝您對前台員工Jim的讚賞，他的熱情接待與細心安排讓您留下深刻印象，這正是我們一直努力追求的服務標準。看到您一家人玩得開心，並表示願意再次入住，我們感到非常欣慰。我們會繼續努力，為每位賓客提供貼心而專業的服務，期待您下次到訪澳門時再次選擇銀河酒店！此致 銀河酒店",https://www.trip.com/hotels/macau-hotel-detail-344983/galaxy-hotel/
1683388888,344983,Galaxy Hotel,trip,2025-09-24T18:07:11,2025-09,D.D Lee,22,Review Specialist,False,,Family,Deluxe City King,zh,5,Outstanding,Cleanliness: 5.0; Location: 5.0; Service: 5.0; Facilities: 5.0,設施保持新淨，可見有定期保養及翻新，房間乾淨整潔，沒有異味。前枱服務員表現專業，態度親切有禮，並主動帶領到房間。泳池非常之大，唯健身室設備略少，空間亦不足夠。￼￼￼￼￼￼,"The facilities are kept pristine, showing regular maintenance and renovations. The rooms are clean and tidy, with no odors. The front desk staff were professional, friendly, and polite, and proactively escorted us to our rooms. The swimming pool is very large, but the fitness room is a bit lacking in equipment and space.",True,True,0,3,False,尊敬的賓客，感謝您對我們設施、房間清潔及前台服務的高度評價。我們很高興您在入住期間享受到貼心舒適的服務。期待不久的將來再次為您服務，為您帶來更完美的住宿體驗。此致銀河酒店,2025-09-26T00:00:00,"# Galaxy Hotel review (Trip.com)

**Rating:** 5.0/5 ★★★★★
**Travel type:** Family

## Review
設施保持新淨，可見有定期保養及翻新，房間乾淨整潔，沒有異味。前枱服務員表現專業，態度親切有禮，並主動帶領到房間。泳池非常之大，唯健身室設備略少，空間亦不足夠。￼￼￼￼￼￼

## Translation
The facilities are kept pristine, showing regular maintenance and renovations. The rooms are clean and tidy, with no odors. The front desk staff were professional, friendly, and polite, and proactively escorted us to our rooms. The swimming pool is very large, but the fitness room is a bit lacking in equipment and space.

## Hotel response
尊敬的賓客，感謝您對我們設施、房間清潔及前台服務的高度評價。我們很高興您在入住期間享受到貼心舒適的服務。期待不久的將來再次為您服務，為您帶來更完美的住宿體驗。此致銀河酒店",https://www.trip.com/hotels/macau-hotel-detail-344983/galaxy-hotel/
1675757361,344983,Galaxy Hotel,trip,2025-09-17T16:41:01,2025-09,,109,Review Expert,True,,Couple,Deluxe City King,zh,5,Outstanding,Cleanliness: 5.0; Location: 5.0; Service: 5.0; Facilities: 5.0,攜程看到銀河有房可以定就嘗試了一下，之前都覺得這裏比較難預訂。房間大小還算可以，配套的差距比較喜歡，泡茶很方便。開夜床，迷你吧免費。在銀河玩的話，銀河酒店算是性價比高的，其他幾家都很貴，萬豪又不太好。,"I saw on Ctrip that Galaxy Hotel had rooms available, so I gave it a try. Previously, I'd found it difficult to book. The room was a decent size, and I liked the amenities. The tea maker was very convenient. They made the bed at night, and the minibar was free. For a trip to Galaxy, the Galaxy Hotel is the best value; the others are quite expensive, and the Marriott isn't as good.",True,True,2,1,False,尊敬的客人，感謝您對我們的正面評價。我們很高興聽到您在酒店有很棒的體驗。我們希望在不久的將來再次為您們服務。 此致銀河酒店。,2025-09-18T00:00:00,"# Galaxy Hotel review (Trip.com)

**Rating:** 5.0/5 ★★★★★
**Travel type:** Couple

## Review
攜程看到銀河有房可以定就嘗試了一下，之前都覺得這裏比較難預訂。房間大小還算可以，配套的差距比較喜歡，泡茶很方便。開夜床，迷你吧免費。在銀河玩的話，銀河酒店算是性價比高的，其他幾家都很貴，萬豪又不太好。

## Translation
I saw on Ctrip that Galaxy Hotel had rooms available, so I gave it a try. Previously, I'd found it difficult to book. The room was a decent size, and I liked the amenities. The tea maker was very convenient. They made the bed at night, and the minibar was free. For a trip to Galaxy, the Galaxy Hotel is the best value; the others are quite expensive, and the Marriott isn't as good.

## Hotel response
尊敬的客人，感謝您對我們的正面評價。我們很高興聽到您在酒店有很棒的體驗。我們希望在不久的將來再次為您們服務。 此致銀河酒店。",https://www.trip.com/hotels/macau-hotel-detail-344983/galaxy-hotel/
1684848585,344983,Galaxy Hotel,trip,2025-09-26T12:24:43,2025-09,,2,Rising review star,True,,Travelling with friends,Deluxe City King,zh,5,Outstanding,Cleanliness: 5.0; Location: 5.0; Service: 5.0; Facilities: 5.0,"挺好的，環境不錯
免費迷你吧:可免費續","Very good, nice environment. Free minibar: free refills",True,True,0,3,False,尊敬的客人，感謝您對我們的正面評價。我們很高興聽到您在酒店有很好的體驗。我們希望在不久的將來再次為您們服務。 此致銀河酒店。,2025-09-26T00:00:00,"# Galaxy Hotel review (Trip.com)

**Rating:** 5.0/5 ★★★★★
**Travel type:** Travelling with friends

## Review
挺好的，環境不錯
免費迷你吧:可免費續

## Translation
Very good, nice environment. Free minibar: free refills

## Hotel response
尊敬的客人，感謝您對我們的正面評價。我們很高興聽到您在酒店有很好的體驗。我們希望在不久的將來再次為您們服務。 此致銀河酒店。",https://www.trip.com/hotels/macau-hotel-detail-344983/galaxy-hotel/
1683560767,344983,Galaxy Hotel,trip,2025-09-24T23:33:03,2025-09,Terry liang,2,Rising review star,False,,Other,Deluxe City King,zh,5,Outstanding,Cleanliness: 5.0; Location: 5.0; Service: 5.0; Facilities: 5.0,很好，特別好！非常推薦,"Very good, very good! Highly recommended",True,True,0,1,False,尊敬的客人，感謝您對我們的正面評價。我們很高興聽到您在酒店有很棒的體驗。我們希望在不久的將來再次為您們服務。 此致銀河酒店。,2025-09-26T00:00:00,"# Galaxy Hotel review (Trip.com)

**Rating:** 5.0/5 ★★★★★
**Travel type:** Other

## Review
很好，特別好！非常推薦

## Translation
Very good, very good! Highly recommended

## Hotel response
尊敬的客人，感謝您對我們的正面評價。我們很高興聽到您在酒店有很棒的體驗。我們希望在不久的將來再次為您們服務。 此致銀河酒店。",https://www.trip.com/hotels/macau-hotel-detail-344983/galaxy-hotel/
1543991361,344983,Galaxy Hotel,trip,2025-06-05T11:42:29,2025-06,,36,Review Expert,True,,Family,Deluxe City Twin,zh,5,Outstanding,Cleanliness: 5.0; Location: 5.0; Service: 5.0; Facilities: 5.0,連續5年入住銀河了，一直保持的非常好。硬件也部分升級了，新增的水枕頭非常適合喜歡軟一點的朋友。小孩的浴袍很可愛，天浪淘園很好玩，童樂坊直接解放大人雙手，很滿意會繼續入住。,"I have stayed at Galaxy for 5 consecutive years and it has been kept very well. The hardware has also been partially upgraded, and the newly added water pillows are very suitable for friends who like softer ones. The children's bathrobe is very cute, Tianlang Taoyuan is very fun, and the Children's Playground directly frees adults' hands. I am very satisfied and will continue to stay.",True,True,4,6,False,尊敬的客人 您好！首先非常感謝您連續五年對銀河酒店的青睞與支持，您的滿意與認可是我們不斷進步的最大動力。 我們很高興聽到您對酒店硬件升級的認可，特別是新增的水枕頭得到了您的喜愛，這讓我們倍感欣慰。同時，我們也非常高興得知孩子們喜歡天浪淘園及童樂坊的娛樂設施。我們會繼續努力，提供更優質的服務，期待您的再次光臨！ 此致銀河酒店,2025-06-05T00:00:00,"# Galaxy Hotel review (Trip.com)

**Rating:** 5.0/5 ★★★★★
**Travel type:** Family

## Review
連續5年入住銀河了，一直保持的非常好。硬件也部分升級了，新增的水枕頭非常適合喜歡軟一點的朋友。小孩的浴袍很可愛，天浪淘園很好玩，童樂坊直接解放大人雙手，很滿意會繼續入住。

## Translation
I have stayed at Galaxy for 5 consecutive years and it has been kept very well. The hardware has also been partially upgraded, and the newly added water pillows are very suitable for friends who like softer ones. The children's bathrobe is very cute, Tianlang Taoyuan is very fun, and the Children's Playground directly frees adults' hands. I am very satisfied and will continue to stay.

## Hotel response
尊敬的客人 您好！首先非常感謝您連續五年對銀河酒店的青睞與支持，您的滿意與認可是我們不斷進步的最大動力。 我們很高興聽到您對酒店硬件升級的認可，特別是新增的水枕頭得到了您的喜愛，這讓我們倍感欣慰。同時，我們也非常高興得知孩子們喜歡天浪淘園及童樂坊的娛樂設施。我們會繼續努力，提供更優質的服務，期待您的再次光臨！ 此致銀河酒店",https://www.trip.com/hotels/macau-hotel-detail-344983/galaxy-hotel/
1511253701,344983,Galaxy Hotel,trip,2025-05-07T14:38:30,2025-05,,1,Rising review star,True,,Family,Deluxe City Twin,zh,5,Outstanding,Cleanliness: 5.0; Location: 5.0; Service: 5.0; Facilities: 5.0,首先要點贊辦理入住的Alice 服務熱情 很親切 給了小朋友許多小禮物還為我們準備了小帳篷 房間也特別好 視野開闊 洗護用品都貼心的準備了專屬小朋友的 很適合家庭出遊。下次來澳門還會入住銀河。,"First of all, I want to praise Alice who checked me in. She was very friendly and gave the children many small gifts and prepared a small tent for us. The room was also very good with a wide view. The toiletries were thoughtfully prepared for the children. It is very suitable for family travel. I will stay at Galaxy again when I come to Macau next time.",True,True,2,3,False,尊敬的客人: 非常感謝您抽出時間反饋您的入住體驗。很高興看到我們的員工 Alice 為您提供了優越的服務及對於能提供小朋友的用品而感到貼心。令您對整體入住體驗都得以昇華。期待您下次到訪澳門時再次入住銀河酒店！ 此致銀河酒店,2025-05-08T00:00:00,"# Galaxy Hotel review (Trip.com)

**Rating:** 5.0/5 ★★★★★
**Travel type:** Family

## Review
首先要點贊辦理入住的Alice 服務熱情 很親切 給了小朋友許多小禮物還為我們準備了小帳篷 房間也特別好 視野開闊 洗護用品都貼心的準備了專屬小朋友的 很適合家庭出遊。下次來澳門還會入住銀河。

## Translation
First of all, I want to praise Alice who checked me in. She was very friendly and gave the children many small gifts and prepared a small tent for us. The room was also very good with a wide view. The toiletries were thoughtfully prepared for the children. It is very suitable for family travel. I will stay at Galaxy again when I come to Macau next time.

## Hotel response
尊敬的客人: 非常感謝您抽出時間反饋您的入住體驗。很高興看到我們的員工 Alice 為您提供了優越的服務及對於能提供小朋友的用品而感到貼心。令您對整體入住體驗都得以昇華。期待您下次到訪澳門時再次入住銀河酒店！ 此致銀河酒店",https://www.trip.com/hotels/macau-hotel-detail-344983/galaxy-hotel/
1869011477,344983,Galaxy Hotel,trip,2026-03-08T10:31:54,2026-03,,1,Rising review star,True,,Solo traveller,Deluxe City King,zh,5,Outstanding,Cleanliness: 5.0; Location: 5.0; Service: 5.0; Facilities: 5.0,"衞生：乾淨.出行方便
服務：很好",Hygiene: Clean. Convenient transportation. Service: Excellent.,True,True,2,0,False,尊敬的客人，感謝您對我們的正面評價。我們很高興聽到您在酒店有很棒的體驗。我們希望在不久的將來再次為您們服務。 此致銀河酒店。,2026-03-08T00:00:00,"# Galaxy Hotel review (Trip.com)

**Rating:** 5.0/5 ★★★★★
**Travel type:** Solo traveller

## Review
衞生：乾淨.出行方便
服務：很好

## Translation
Hygiene: Clean. Convenient transportation. Service: Excellent.

## Hotel response
尊敬的客人，感謝您對我們的正面評價。我們很高興聽到您在酒店有很棒的體驗。我們希望在不久的將來再次為您們服務。 此致銀河酒店。",https://www.trip.com/hotels/macau-hotel-detail-344983/galaxy-hotel/
1849722800,344983,Galaxy Hotel,trip,2026-02-19T20:02:18,2026-02,,5,Review Specialist,True,,Couple,Deluxe City King,ko,5,Outstanding,Cleanliness: 5.0; Location: 5.0; Service: 5.0; Facilities: 5.0,마카오 가면 여기만가면 모든걸 해결가능해요,"If you go to Macau, you can solve everything by just coming here.",True,True,0,0,False,"Dear Valued Guest, Thank you for your positive feedback. We are delighted to hear that you had a wonderful experience at our hotel and that you were satisfied with our facilities and the service provided by our staff. Your comments are truly our motivation! We look forward to welcoming you back to Galaxy Hotel on your next visit to Macau! Sincerely,Galaxy Hotel",2026-02-20T00:00:00,"# Galaxy Hotel review (Trip.com)

**Rating:** 5.0/5 ★★★★★
**Travel type:** Couple

## Review
마카오 가면 여기만가면 모든걸 해결가능해요

## Translation
If you go to Macau, you can solve everything by just coming here.

## Hotel response
Dear Valued Guest, Thank you for your positive feedback. We are delighted to hear that you had a wonderful experience at our hotel and that you were satisfied with our facilities and the service provided by our staff. Your comments are truly our motivation! We look forward to welcoming you back to Galaxy Hotel on your next visit to Macau! Sincerely,Galaxy Hotel",https://www.trip.com/hotels/macau-hotel-detail-344983/galaxy-hotel/
1690218264,344983,Galaxy Hotel,trip,2025-10-01T14:02:06,2025-09,Alex,364,Review Expert,False,,Family,Deluxe City Twin,ru,5,Outstanding,Cleanliness: 5.0; Location: 5.0; Service: 5.0; Facilities: 5.0,"Конечно! Вот восхитительный отзыв, наполненный эмоциями и деталями, который идеально подойдет для сайта-отзовика или социальных сетей.

---

Не просто отель, а космическое путешествие! ❤️

Хочется начать с того, что словами всего не передать — это нужно видеть, чувствовать и проживать! Наш отпуск в Galaxy Hotel Macau превратился в самую настоящую сказку, от которой не хотелось возвращаться на Землю.

Первый взгляд и восторг:
С того момента,как мы переступили порог лобби, нас накрыла волна изумления. Это не просто холл, это грандиозное пространство с высокими потолками, сияющими люстрами и футуристичным дизайном, который оправдывает название «Galaxy». Воздух наполнен лёгким изысканным ароматом, а улыбки сотрудников встречают вас сразу. Заселение прошло мгновенно, и нас проводили в номер с таким вниманием, как будто мы самые важные гости на свете.

Номер — обитель роскоши:
Мы жили в номере с видом на город,и это было зрелище! Панорамные окна от пола до потока, сквозь которые ночью открывалось невероятное световое шоу. Сам номер — это воплощение элегантности и технологий. Безупречно чисто, огромная кровать с постельным бельем, в котором тонешь, как в облаке, и отдельная ванная комната с тропическим душем. Каждый вечер возвращаться сюда было настоящим ритуалом наслаждения.

Гастрономическая вселенная:
Это отдельная тема для восхищения!Рестораны и кафе на территории отеля — это путешествие по кухням мира. Мы пробовали:

· Завтраки в «Urban Kitchen» — это феерия! От традиционной китайской димсам до идеальных европейских десертов. Всё свежее, разнообразное и безумно вкусное.
· Ужин в одном из стейк-хаусов поразил качеством мяса и уровнем сервиса.
· А количество баров и лаунж-зон просто сбивает с толку — от уютного кофе с потрясающей выпечкой до коктейлей вечером под живую музыку.

Территория чудес:
Легендарный Grand Resort Deck — это то, ради чего, кажется, в этот отель едут со всего мира. Искусственный пляж с белым песком, волновой бассейн, где можно покататься на серфе, и самое незабываемое — гигантский бассейн с прозрачным стеклянным дном на высоте! Лежать и смотреть сквозь воду на город внизу — это ощущение, которое невозможно забыть. Для детей — отдельный аквапарк, так что скучно не будет никому.

Сервис, который покоряет:
Персонал отеля— это его главное сокровище. Вежливые, предупредительные, всегда готовые помочь. От горничной, оставлявшей каждый день милые фигурки из полотенец, до консьержа, который помог нам забронировать столик в сложном ресторане, — все работают как один отлаженный механизм заботы.

Итог:
Galaxy Hotel Macau— это не место для ночлега. Это вселенная комфорта, развлечений и безупречного сервиса. Это отель, в который хочется возвращаться снова и снова. Если вы ищете идеальный отдых, где каждая деталь доведена до совершенства, ваш выбор — однозначно Galaxy!

Спасибо вам за незабываемые дни! Мы уже мечтаем о следующем визите! ✨","Of course! This is a delightful review, full of emotion and detail, perfect for a review site or social media.

---

Not just a hotel, but a cosmic journey! ❤️

I'd like to start by saying that words can't describe it—it needs to be seen, felt, and experienced! Our vacation at the Galaxy Hotel Macau turned into a true fairy tale, leaving us wanting to stay on Earth.

First glance and delight:
From the moment we stepped into the lobby, we were overwhelmed by a wave of amazement. This isn't just a lobby; it's a grand space with high ceilings, sparkling chandeliers, and a futuristic design that truly lives up to the name ""Galaxy."" The air is filled with a light, refined aroma, and the staff's smiles greet you immediately. Check-in was instant, and we were escorted to our room with such attention as if we were the most important guests in the world.

A room immersed in luxury:
We stayed in a room with a city view, and it was a sight to behold! Floor-to-ceiling windows revealed an incredible light show at night. The room itself is the epitome of elegance and technology. It's spotlessly clean, with a huge bed with linens that make you feel like you're drowning in a cloud, and a private bathroom with a rain shower. Returning here every evening was a true ritual of pleasure.

Gastronomic Universe:
This is a whole other story to behold! The on-site restaurants and cafes offer a journey through the cuisines of the world. We tried:

Breakfast at ""Urban Kitchen"" is a true delight! From traditional Chinese dim sum to perfect European desserts. Everything is fresh, varied, and incredibly delicious.
Dinner at one of the steakhouses amazed us with the quality of the meat and the level of service.
The number of bars and lounges is simply mind-boggling—from cozy coffee with amazing pastries to evening cocktails accompanied by live music.

A Land of Wonders:
The legendary Grand Resort Deck is what people seem to come to this hotel for. An artificial white-sand beach, a wave pool where you can surf, and most unforgettable of all—a gigantic, glass-bottomed pool at the top! Lie there and gaze through the water at the city below—an unforgettable experience. There's a separate water park for children, so no one will be bored.

Service that Captivates:
The hotel staff is its greatest asset. Polite, attentive, and always ready to help. From the maid, who left cute towel figurines every day, to the concierge, who helped us book a table at a challenging restaurant, everyone works like a well-oiled machine. Bottom Line:
Galaxy Hotel Macau isn't just a place to sleep. It's a universe of comfort, entertainment, and impeccable service. This is a hotel you'll want to return to again and again. If you're looking for the perfect vacation, where every detail is perfect, Galaxy is definitely your choice!

Thank you for an unforgettable stay! We're already dreaming of our next visit! ✨",True,True,1,0,False,"Dear Valued Guest,Thank you so much for sharing such a heartfelt and beautifully written review. We’re truly honored to have been part of your unforgettable journey at Galaxy Hotel Macau.It brings us immense joy to know that every aspect of your stay. Your kind words about our team’s service mean the world to us, and we’re thrilled that their care and attention made your visit even more special.Galaxy Hotel Macau is dedicated to creating extraordinary moments for every guest, and your feedback inspires us to continue striving for excellence. We can’t wait to welcome you back for another cosmic escape filled with comfort, joy, and discovery.Warm Regards,Galaxy Hotel",2025-10-02T00:00:00,"# Galaxy Hotel review (Trip.com)

**Rating:** 5.0/5 ★★★★★
**Travel type:** Family

## Review
Конечно! Вот восхитительный отзыв, наполненный эмоциями и деталями, который идеально подойдет для сайта-отзовика или социальных сетей.

---

Не просто отель, а космическое путешествие! ❤️

Хочется начать с того, что словами всего не передать — это нужно видеть, чувствовать и проживать! Наш отпуск в Galaxy Hotel Macau превратился в самую настоящую сказку, от которой не хотелось возвращаться на Землю.

Первый взгляд и восторг:
С того момента,как мы переступили порог лобби, нас накрыла волна изумления. Это не просто холл, это грандиозное пространство с высокими потолками, сияющими люстрами и футуристичным дизайном, который оправдывает название «Galaxy». Воздух наполнен лёгким изысканным ароматом, а улыбки сотрудников встречают вас сразу. Заселение прошло мгновенно, и нас проводили в номер с таким вниманием, как будто мы самые важные гости на свете.

Номер — обитель роскоши:
Мы жили в номере с видом на город,и это было зрелище! Панорамные окна от пола до потока, сквозь которые ночью открывалось невероятное световое шоу. Сам номер — это воплощение элегантности и технологий. Безупречно чисто, огромная кровать с постельным бельем, в котором тонешь, как в облаке, и отдельная ванная комната с тропическим душем. Каждый вечер возвращаться сюда было настоящим ритуалом наслаждения.

Гастрономическая вселенная:
Это отдельная тема для восхищения!Рестораны и кафе на территории отеля — это путешествие по кухням мира. Мы пробовали:

· Завтраки в «Urban Kitchen» — это феерия! От традиционной китайской димсам до идеальных европейских десертов. Всё свежее, разнообразное и безумно вкусное.
· Ужин в одном из стейк-хаусов поразил качеством мяса и уровнем сервиса.
· А количество баров и лаунж-зон просто сбивает с толку — от уютного кофе с потрясающей выпечкой до коктейлей вечером под живую музыку.

Территория чудес:
Легендарный Grand Resort Deck — это то, ради чего, кажется, в этот отель едут со всего мира. Искусственный пляж с белым песком, волновой бассейн, где можно покататься на серфе, и самое незабываемое — гигантский бассейн с прозрачным стеклянным дном на высоте! Лежать и смотреть сквозь воду на город внизу — это ощущение, которое невозможно забыть. Для детей — отдельный аквапарк, так что скучно не будет никому.

Сервис, который покоряет:
Персонал отеля— это его главное сокровище. Вежливые, предупредительные, всегда готовые помочь. От горничной, оставлявшей каждый день милые фигурки из полотенец, до консьержа, который помог нам забронировать столик в сложном ресторане, — все работают как один отлаженный механизм заботы.

Итог:
Galaxy Hotel Macau— это не место для ночлега. Это вселенная комфорта, развлечений и безупречного сервиса. Это отель, в который хочется возвращаться снова и снова. Если вы ищете идеальный отдых, где каждая деталь доведена до совершенства, ваш выбор — однозначно Galaxy!

Спасибо вам за незабываемые дни! Мы уже мечтаем о следующем визите! ✨

## Translation
Of course! This is a delightful review, full of emotion and detail, perfect for a review site or social media.

---

Not just a hotel, but a cosmic journey! ❤️

I'd like to start by saying that words can't describe it—it needs to be seen, felt, and experienced! Our vacation at the Galaxy Hotel Macau turned into a true fairy tale, leaving us wanting to stay on Earth.

First glance and delight:
From the moment we stepped into the lobby, we were overwhelmed by a wave of amazement. This isn't just a lobby; it's a grand space with high ceilings, sparkling chandeliers, and a futuristic design that truly lives up to the name ""Galaxy."" The air is filled with a light, refined aroma, and the staff's smiles greet you immediately. Check-in was instant, and we were escorted to our room with such attention as if we were the most important guests in the world.

A room immersed in luxury:
We stayed in a room with a city view, and it was a sight to behold! Floor-to-ceiling windows revealed an incredible light show at night. The room itself is the epitome of elegance and technology. It's spotlessly clean, with a huge bed with linens that make you feel like you're drowning in a cloud, and a private bathroom with a rain shower. Returning here every evening was a true ritual of pleasure.

Gastronomic Universe:
This is a whole other story to behold! The on-site restaurants and cafes offer a journey through the cuisines of the world. We tried:

Breakfast at ""Urban Kitchen"" is a true delight! From traditional Chinese dim sum to perfect European desserts. Everything is fresh, varied, and incredibly delicious.
Dinner at one of the steakhouses amazed us with the quality of the meat and the level of service.
The number of bars and lounges is simply mind-boggling—from cozy coffee with amazing pastries to evening cocktails accompanied by live music.

A Land of Wonders:
The legendary Grand Resort Deck is what people seem to come to this hotel for. An artificial white-sand beach, a wave pool where you can surf, and most unforgettable of all—a gigantic, glass-bottomed pool at the top! Lie there and gaze through the water at the city below—an unforgettable experience. There's a separate water park for children, so no one will be bored.

Service that Captivates:
The hotel staff is its greatest asset. Polite, attentive, and always ready to help. From the maid, who left cute towel figurines every day, to the concierge, who helped us book a table at a challenging restaurant, everyone works like a well-oiled machine. Bottom Line:
Galaxy Hotel Macau isn't just a place to sleep. It's a universe of comfort, entertainment, and impeccable service. This is a hotel you'll want to return to again and again. If you're looking for the perfect vacation, where every detail is perfect, Galaxy is definitely your choice!

Thank you for an unforgettable stay! We're already dreaming of our next visit! ✨

## Hotel response
Dear Valued Guest,Thank you so much for sharing such a heartfelt and beautifully written review. We’re truly honored to have been part of your unforgettable journey at Galaxy Hotel Macau.It brings us immense joy to know that every aspect of your stay. Your kind words about our team’s service mean the world to us, and we’re thrilled that their care and attention made your visit even more special.Galaxy Hotel Macau is dedicated to creating extraordinary moments for every guest, and your feedback inspires us to continue striving for excellence. We can’t wait to welcome you back for another cosmic escape filled with comfort, joy, and discovery.Warm Regards,Galaxy Hotel",https://www.trip.com/hotels/macau-hotel-detail-344983/galaxy-hotel/
1454215777,344983,Galaxy Hotel,trip,2025-03-18T15:45:19,2025-03,,8,Review Specialist,True,,Other,Deluxe City King,zh,5,Outstanding,Cleanliness: 5.0; Location: 5.0; Service: 5.0; Facilities: 5.0,"👍在網上看到別人對銀河的好評，自己也親身體驗到了他們的友好、善意和速度效率。真的是讓人感到非常棒
服務：非常好！
衞生：很注重細節！
環境：舒適
設施：方便，細緻！","👍I saw other people's good reviews about Galaxy on the Internet, and I also experienced their friendliness, kindness and speed and efficiency in person. It really makes people feel great
Service: Very good!
Hygiene: Pay attention to details!
Environment: Comfortable
Facilities: Convenient and meticulous!",True,True,3,4,False,尊敬的客人: 非常感謝您的正價，我們團隊深感榮幸能得到您的認可。您的滿意即是我們前進的動力。 我們堅信，通過持續的努力和投入，銀河將不僅成為您旅途中的一站，更將成為您心中的一個温馨之選。期待再次為您服務，讓您的下一次體驗更加出色。如有任何需要或建議，歡迎隨時聯繫我們。感謝您選擇銀河，感謝您的支持與信任。 此致銀河酒店,2025-03-20T00:00:00,"# Galaxy Hotel review (Trip.com)

**Rating:** 5.0/5 ★★★★★
**Travel type:** Other

## Review
👍在網上看到別人對銀河的好評，自己也親身體驗到了他們的友好、善意和速度效率。真的是讓人感到非常棒
服務：非常好！
衞生：很注重細節！
環境：舒適
設施：方便，細緻！

## Translation
👍I saw other people's good reviews about Galaxy on the Internet, and I also experienced their friendliness, kindness and speed and efficiency in person. It really makes people feel great
Service: Very good!
Hygiene: Pay attention to details!
Environment: Comfortable
Facilities: Convenient and meticulous!

## Hotel response
尊敬的客人: 非常感謝您的正價，我們團隊深感榮幸能得到您的認可。您的滿意即是我們前進的動力。 我們堅信，通過持續的努力和投入，銀河將不僅成為您旅途中的一站，更將成為您心中的一個温馨之選。期待再次為您服務，讓您的下一次體驗更加出色。如有任何需要或建議，歡迎隨時聯繫我們。感謝您選擇銀河，感謝您的支持與信任。 此致銀河酒店",https://www.trip.com/hotels/macau-hotel-detail-344983/galaxy-hotel/
1680560723,344983,Galaxy Hotel,trip,2025-09-22T08:26:18,2025-09,XIAOWEI,1,Rising review star,False,,Family,Deluxe City King,zh,5,Outstanding,Cleanliness: 5.0; Location: 5.0; Service: 5.0; Facilities: 5.0,"還不錯，住好幾次了，
2大2小天浪淘園門票 :免費
免費迷你吧:免費
免費使用「童」在銀河的「童」樂坊，每房限兩位成人及兩位小童:免費
服務：隨叫隨到，需求都儘量滿足
環境：方便，對面就是官也街
衞生：房間很乾凈，打掃認真仔細","It's quite good, I've stayed here several times.

Tickets for two adults and two children to the Tianlang Taoyuan are free.

Free minibar is free.

Free use of the ""Kids"" entertainment area at Galaxy Entertainment Group (limited to two adults and two children per room).

Service: On-call and always attentive.

Environment: Convenient, across from Guanye Street.

Cleanliness: The room was very clean and thoroughly cleaned.",True,True,0,0,False,尊敬的客人:感謝您選擇入住澳門銀河酒店 ，很高興聽到您與小朋友入住愉快並享受在天浪淘園和童樂坊的玩耍時光。我們希望在不久的將來再次為您們服務。 此致銀河酒店。,2025-09-26T00:00:00,"# Galaxy Hotel review (Trip.com)

**Rating:** 5.0/5 ★★★★★
**Travel type:** Family

## Review
還不錯，住好幾次了，
2大2小天浪淘園門票 :免費
免費迷你吧:免費
免費使用「童」在銀河的「童」樂坊，每房限兩位成人及兩位小童:免費
服務：隨叫隨到，需求都儘量滿足
環境：方便，對面就是官也街
衞生：房間很乾凈，打掃認真仔細

## Translation
It's quite good, I've stayed here several times.

Tickets for two adults and two children to the Tianlang Taoyuan are free.

Free minibar is free.

Free use of the ""Kids"" entertainment area at Galaxy Entertainment Group (limited to two adults and two children per room).

Service: On-call and always attentive.

Environment: Convenient, across from Guanye Street.

Cleanliness: The room was very clean and thoroughly cleaned.

## Hotel response
尊敬的客人:感謝您選擇入住澳門銀河酒店 ，很高興聽到您與小朋友入住愉快並享受在天浪淘園和童樂坊的玩耍時光。我們希望在不久的將來再次為您們服務。 此致銀河酒店。",https://www.trip.com/hotels/macau-hotel-detail-344983/galaxy-hotel/
1669035898,344983,Galaxy Hotel,trip,2025-09-11T17:30:05,2025-09,,1,Rising review star,True,,Travelling with friends,Deluxe City Twin,zh,5,Outstanding,Cleanliness: 5.0; Location: 5.0; Service: 5.0; Facilities: 5.0,可能是平日，在前台登記入住時要求延遲退房，經理好好，特別給予安排下午4點退房，比我哋第2日有充足時間玩天浪淘園設施。真是值得讚許👍🏻👍🏻👍🏻👍🏻下次一定會再入住的,"Maybe it was a weekday and requested a late check-out when checking in at the front desk, the manager was kind and specially gave arrangements for check-out at 4pm, giving us ample time to play with the Sky Waves Taoyuan facilities on the 2nd day. Really worthy of praise 👍🏻👍🏻👍🏻👍🏻 Will definitely stay again next time",True,True,1,0,False,尊敬的客人，感謝您對我們服務的讚賞！很高興得知延遲退房的安排讓您能充分享受天浪淘園的設施。希望在不久的將來能夠再次為您服務。 此致銀河酒店。,2025-09-13T00:00:00,"# Galaxy Hotel review (Trip.com)

**Rating:** 5.0/5 ★★★★★
**Travel type:** Travelling with friends

## Review
可能是平日，在前台登記入住時要求延遲退房，經理好好，特別給予安排下午4點退房，比我哋第2日有充足時間玩天浪淘園設施。真是值得讚許👍🏻👍🏻👍🏻👍🏻下次一定會再入住的

## Translation
Maybe it was a weekday and requested a late check-out when checking in at the front desk, the manager was kind and specially gave arrangements for check-out at 4pm, giving us ample time to play with the Sky Waves Taoyuan facilities on the 2nd day. Really worthy of praise 👍🏻👍🏻👍🏻👍🏻 Will definitely stay again next time

## Hotel response
尊敬的客人，感謝您對我們服務的讚賞！很高興得知延遲退房的安排讓您能充分享受天浪淘園的設施。希望在不久的將來能夠再次為您服務。 此致銀河酒店。",https://www.trip.com/hotels/macau-hotel-detail-344983/galaxy-hotel/
1670660802,344983,Galaxy Hotel,trip,2025-09-13T10:29:11,2025-09,花o雪瀅,25,Review Specialist,False,,Couple,Deluxe Resort King,zh,5,Outstanding,Cleanliness: 5.0; Location: 5.0; Service: 5.0; Facilities: 5.0,前檯服務員親切友善。主動關懷客人。笑容很暖，房間景觀很好,The front desk staff is friendly and attentive to guests. Their smiles are warm and the room view is great.,True,True,0,0,False,尊敬的客人，非常感謝您對前台服務和房間景觀的好評。我們很高興您有愉快的入住體驗，期待不久的將來再次為您服務。此致銀河酒店。,2025-09-13T00:00:00,"# Galaxy Hotel review (Trip.com)

**Rating:** 5.0/5 ★★★★★
**Travel type:** Couple

## Review
前檯服務員親切友善。主動關懷客人。笑容很暖，房間景觀很好

## Translation
The front desk staff is friendly and attentive to guests. Their smiles are warm and the room view is great.

## Hotel response
尊敬的客人，非常感謝您對前台服務和房間景觀的好評。我們很高興您有愉快的入住體驗，期待不久的將來再次為您服務。此致銀河酒店。",https://www.trip.com/hotels/macau-hotel-detail-344983/galaxy-hotel/
1668171783,344983,Galaxy Hotel,trip,2025-09-10T22:03:01,2025-09,,2,Rising review star,True,,Business traveller,Deluxe City Twin,zh,5,Outstanding,Cleanliness: 5.0; Location: 5.0; Service: 5.0; Facilities: 5.0,"銀河酒店吳經理（女）態度優秀 👍
處理事情能力強👍
早餐好吃👍","Manager Wu (female) at the Galaxy Hotel has an excellent attitude 👍
Great handling skills 👍
Delicious breakfast 👍",True,True,0,0,False,尊敬的客人，非常感謝您抽出時間回饋您的入住體驗。很高興看到您喜歡我們的早餐，以及吳經理為您提供了優越的服務，讓您留下深刻的印象，得到您的認可我們感到非常的欣慰。我們會繼續努力，期待您下次到訪澳門時再次入住銀河酒店！此致銀河酒店,2025-09-12T00:00:00,"# Galaxy Hotel review (Trip.com)

**Rating:** 5.0/5 ★★★★★
**Travel type:** Business traveller

## Review
銀河酒店吳經理（女）態度優秀 👍
處理事情能力強👍
早餐好吃👍

## Translation
Manager Wu (female) at the Galaxy Hotel has an excellent attitude 👍
Great handling skills 👍
Delicious breakfast 👍

## Hotel response
尊敬的客人，非常感謝您抽出時間回饋您的入住體驗。很高興看到您喜歡我們的早餐，以及吳經理為您提供了優越的服務，讓您留下深刻的印象，得到您的認可我們感到非常的欣慰。我們會繼續努力，期待您下次到訪澳門時再次入住銀河酒店！此致銀河酒店",https://www.trip.com/hotels/macau-hotel-detail-344983/galaxy-hotel/
1660291750,344983,Galaxy Hotel,trip,2025-09-03T16:05:17,2025-09,,4,Rising review star,True,,Couple,Deluxe City King,zh,5,Outstanding,Cleanliness: 5.0; Location: 5.0; Service: 5.0; Facilities: 5.0,"very nice , 前台kwang 及bill 好helpful 有禮 , 浴袍好舒服，但晚上想要多張被但就被告知無晒存貨😅","Very nice, Kwang and Bill at the front desk were very helpful and polite, the bathrobes were very comfortable, but I wanted more blankets at night but was told they were out of stock 😅",True,True,0,0,False,尊敬的客人，非常感謝您抽出時間回饋您的入住體驗。很高興看到我們的員工 Kwang 及Bill 為您提供了優越的服務，讓您留下深刻的印象，得到您的認可我們感到非常的欣慰。很遺憾得知當晚未能為您提供多張被子，請接受我們真誠的道歉。我們會繼續努力，期待您下次到訪澳門時再次入住銀河酒店！此致銀河酒店,2025-09-12T00:00:00,"# Galaxy Hotel review (Trip.com)

**Rating:** 5.0/5 ★★★★★
**Travel type:** Couple

## Review
very nice , 前台kwang 及bill 好helpful 有禮 , 浴袍好舒服，但晚上想要多張被但就被告知無晒存貨😅

## Translation
Very nice, Kwang and Bill at the front desk were very helpful and polite, the bathrobes were very comfortable, but I wanted more blankets at night but was told they were out of stock 😅

## Hotel response
尊敬的客人，非常感謝您抽出時間回饋您的入住體驗。很高興看到我們的員工 Kwang 及Bill 為您提供了優越的服務，讓您留下深刻的印象，得到您的認可我們感到非常的欣慰。很遺憾得知當晚未能為您提供多張被子，請接受我們真誠的道歉。我們會繼續努力，期待您下次到訪澳門時再次入住銀河酒店！此致銀河酒店",https://www.trip.com/hotels/macau-hotel-detail-344983/galaxy-hotel/
1658192051,344983,Galaxy Hotel,trip,2025-09-01T16:27:50,2025-08,,3,Rising review star,True,,Business traveller,Deluxe City King,zh,5,Outstanding,Cleanliness: 5.0; Location: 5.0; Service: 5.0; Facilities: 5.0,"設施：非常好
衞生：乾淨整潔
環境：很滿意
服務：特別好","Facilities: Excellent
Cleanliness: Clean and tidy
Environment: Very satisfactory
Service: Excellent",True,True,0,0,False,尊敬的客人，感謝您對我們的正面評價。我們很高興聽到您在酒店有很棒的體驗。我們希望在不久的將來再次為您們服務。 此致銀河酒店,2025-09-12T00:00:00,"# Galaxy Hotel review (Trip.com)

**Rating:** 5.0/5 ★★★★★
**Travel type:** Business traveller

## Review
設施：非常好
衞生：乾淨整潔
環境：很滿意
服務：特別好

## Translation
Facilities: Excellent
Cleanliness: Clean and tidy
Environment: Very satisfactory
Service: Excellent

## Hotel response
尊敬的客人，感謝您對我們的正面評價。我們很高興聽到您在酒店有很棒的體驗。我們希望在不久的將來再次為您們服務。 此致銀河酒店",https://www.trip.com/hotels/macau-hotel-detail-344983/galaxy-hotel/
1940819556,344983,Galaxy Hotel,trip,2026-05-08T15:14:18,2026-05,,2,Rising review star,True,,Family,Deluxe City King,zh,5,Outstanding,Cleanliness: 5.0; Location: 5.0; Service: 5.0; Facilities: 5.0,Reception 人員非常好,The reception staff were excellent.,True,True,0,0,False,尊敬的客人:非常感謝您抽出時間回饋您的入住體驗。很高興看到我們的員工為您提供了優越的服務及對整體入住體驗都感到滿意。期待您下次到訪澳門時再次入住銀河酒店！此致銀河酒店,2026-05-08T00:00:00,"# Galaxy Hotel review (Trip.com)

**Rating:** 5.0/5 ★★★★★
**Travel type:** Family

## Review
Reception 人員非常好

## Translation
The reception staff were excellent.

## Hotel response
尊敬的客人:非常感謝您抽出時間回饋您的入住體驗。很高興看到我們的員工為您提供了優越的服務及對整體入住體驗都感到滿意。期待您下次到訪澳門時再次入住銀河酒店！此致銀河酒店",https://www.trip.com/hotels/macau-hotel-detail-344983/galaxy-hotel/
1410389693,344983,Galaxy Hotel,trip,2025-02-03T19:21:31,2025-01,,16,Review Specialist,True,,Family,Deluxe City King,zh,5,Outstanding,Cleanliness: 5.0; Location: 5.0; Service: 5.0; Facilities: 5.0,這個酒店服務好，樓下也非常好逛，餐廳好多，下次還住這裏👍,"This hotel has good service, and it is very convenient to go shopping downstairs. There are many restaurants. I will stay here next time👍",True,True,0,2,False,"尊敬的客人, 非常感謝您的好評與肯定，我們深感榮幸。您的滿意是我們最大的動力。我們盡最大的能力確保所有設施和服務都能給您帶來舒適體驗。感謝您的支持。期待再次為您提供卓越的服務，歡迎下次光臨，您的滿意就是我們最好的回饋！ 此致銀河酒店",2025-02-04T00:00:00,"# Galaxy Hotel review (Trip.com)

**Rating:** 5.0/5 ★★★★★
**Travel type:** Family

## Review
這個酒店服務好，樓下也非常好逛，餐廳好多，下次還住這裏👍

## Translation
This hotel has good service, and it is very convenient to go shopping downstairs. There are many restaurants. I will stay here next time👍

## Hotel response
尊敬的客人, 非常感謝您的好評與肯定，我們深感榮幸。您的滿意是我們最大的動力。我們盡最大的能力確保所有設施和服務都能給您帶來舒適體驗。感謝您的支持。期待再次為您提供卓越的服務，歡迎下次光臨，您的滿意就是我們最好的回饋！ 此致銀河酒店",https://www.trip.com/hotels/macau-hotel-detail-344983/galaxy-hotel/
1427376031,344983,Galaxy Hotel,trip,2025-02-19T21:19:41,2025-01,R7KU,6,Review Specialist,False,,Family,Deluxe City King,zh,5,Outstanding,Cleanliness: 5.0; Location: 5.0; Service: 5.0; Facilities: 5.0,服務特別棒，辦理入住後會親自送客到房間，並且介紹房間佈局，吃掉的糖果和水果轉眼又給補齊，晚上回來發現還貼心地幫忙拉上窗簾了，體會到了賓至如歸的感覺。,"The service was excellent. After checking in, they personally escorted me to my room and introduced the room layout. The candies and fruits I had eaten were replenished in no time. When I came back at night, I found that they had thoughtfully helped me close the curtains. I felt very at home.",True,True,0,5,False,尊敬的客人:非常感謝您抽空回饋您的入住體驗。很高興看到我們的員工 為您提供了優越的服務及對整體入住體驗都感到滿意。期待您下次造訪澳門時再次入住銀河酒店！此致銀河酒店,2025-02-20T00:00:00,"# Galaxy Hotel review (Trip.com)

**Rating:** 5.0/5 ★★★★★
**Travel type:** Family

## Review
服務特別棒，辦理入住後會親自送客到房間，並且介紹房間佈局，吃掉的糖果和水果轉眼又給補齊，晚上回來發現還貼心地幫忙拉上窗簾了，體會到了賓至如歸的感覺。

## Translation
The service was excellent. After checking in, they personally escorted me to my room and introduced the room layout. The candies and fruits I had eaten were replenished in no time. When I came back at night, I found that they had thoughtfully helped me close the curtains. I felt very at home.

## Hotel response
尊敬的客人:非常感謝您抽空回饋您的入住體驗。很高興看到我們的員工 為您提供了優越的服務及對整體入住體驗都感到滿意。期待您下次造訪澳門時再次入住銀河酒店！此致銀河酒店",https://www.trip.com/hotels/macau-hotel-detail-344983/galaxy-hotel/
1409368308,344983,Galaxy Hotel,trip,2025-02-02T23:28:49,2025-01,Tripremember,16,Review Specialist,False,,Family,Deluxe City King,ko,5,Outstanding,Cleanliness: 5.0; Location: 5.0; Service: 5.0; Facilities: 5.0,"춘절 때 가족과 여행을 하고 싶어서 가게 되었어요. 호텔버스를 타고 무료로 호텔 다이아몬드 로비로 도착하게 되었어요. 여행 첫 날이 원래 제일 기분이 좋을 때라 신 나서 호텔 로비 앞에서 사진을 찍으며 들어가려고 했어요. 바로 그때 호텔 직원 분이 오셔서 체크인을 도와 주셨어요. 아이들에게 초코렛과 색칠북을 선물해 주시고, 질문에 친절하게 답해주셨어요. 

갤럭시 호텔의 장점은 호텔 내 키즈카페를 여러 번 무료로 이용할 수 있는 것입니다. 키카 안에는 저희가 갔을 때는 생수병이 있어서 무료로 마실 수 있었어요. 그리고 만들기 프로그램이 있어서 신청하면, 체험할 수 있다는 것입니다. 
또한, 호텔 룸이 있는 곳에서 1층으로 나가면 타이파 빌리지를 바로 볼 수 있습니다. 물론, 육교를 넘어야하지만 쉽고 빠르게 갈 수 있어요. 
호텔 내에는 푸드코트, 각종 명품샵, 영화관, 식당, 맥도날드, 스벅, 젤리캣 등의 가게들이 있어요. 푸드코트 안에는 에그타르트 가게도 있더라고요. 

미니바와 신라면, 과자는 1회 무료로 이용할 수 있다고 해서 맛있게 잘 먹었어요. 미니바 안에는 마카오 맥주 2캔, 콜라2캔, 사이다1캔, 중국인들의 인기음료수1캔이 있어요. 
일리커피캡슐은 매일 4개씩 제공됐고, 생수도 6병씩 무료로 제공되었어요. 덕분에 물이 비싼데, 사 먹지 않았어요. 
환영의 인사로 매일 과일을 제공해 주는데, 과일 종류가 달라지더라고요. 그리고 환영 인사로 아몬드쿠키를 선물로 제공해 줍니다. 

오후에는 룸 정비 차 호텔 직원이 방문해 줍니다. 쓰레기통을 비워주고, 물을 다시 채워줍니다. 아이들에게 초콜렛과 아몬드 쿠키도 주셨어요. 오전에 이루어지는 룸 정비 때는 개인적으로 가져간 충전기 선도 타이를 사용해서 정리해 주시더라고요. 

아쉬운 점은 겨울이라 호텔 수영장을 이용하지 못했던 점이에요. 여름에 미리 예약해서 다시 또 와봐야겠습니다. 

아! 그리고 캐리어 들고 호텔 버스를 이용할 때 어떤 경우는 캐리어 내리고 싣는데, 도움 주시는 분이 없으셔서 곤란했던 적이 있었어요. 도움을 받기도 했지만, 캐리어가 너무 안 쪽에 있어서 꺼내기가 힘들기도 했었어요. 

마지막 좋았던 점 중 하나는 다이아몬드 로비에서 쇼를 볼 수 있었던 것이에요. 

팁 하나!! 다이아몬드 로비 반대편으로 가면 크리스탈로비가 더 가까워요. 다디아몬드 로비를 지나서 가면 거의 한 바퀴 돌아야 크리스털로비에 도착한다는 점을 알고 가시면 더 도움이 되실 것 같아요.","I wanted to travel with my family during the ***** New Year, so I went. I took the hotel bus and arrived at the Diamond Hotel lobby for free. The first day of my trip was when I was in the best mood, so I was excited and took pictures in front of the hotel lobby and tried to go in. Just then, a hotel staff member came and helped me check in. She gave the kids chocolates and coloring books as gifts and kindly answered my questions. 

The advantage of the Galaxy Hotel is that you can use the kids cafe in the hotel for free several times. When we went, there were bottles of water in the kids cafe, so we could drink them for free. Also, there is a crafting program, so if you apply, you can experience it. 

Also, if you go out to the first floor from where your hotel room is, you can see Taipa Village right away. Of course, you have to cross the overpass, but it is easy and fast to get there. 
There is a food court, various luxury shops, a movie theater, restaurants, McDonald's, Starbucks, Jellycat, and other stores in the hotel. There was also an egg tart shop in the food court. 

The minibar, Shin Ramyun, and snacks were free once, so we ate them deliciously. In the minibar, there are 2 cans of Macau beer, 2 cans of cola, 1 can of cider, and 1 can of a popular Chinese drink. 
Illy coffee capsules were provided 4 times a day, and 6 bottles of water were provided free of charge. Thanks to this, I didn't buy water, which is expensive. 
They provided fruit every day as a welcome greeting, and the type of fruit changed. And they gave me almond cookies as a welcome gift. 

In the afternoon, a hotel staff member came to clean the room. They emptied the trash can and refilled the water. They also gave the kids chocolate and almond cookies. When the room was cleaned in the morning, they used a tie to organize the charger cord that I personally brought. 

One thing I regret is that I couldn't use the hotel pool because it was winter. I'll have to make a reservation in advance and come back again in the summer. 

Oh! And when I was using the hotel bus with my carrier, there were times when it was difficult to get it off and on because there was no one to help. I did get help, but the carrier was too deep, so it was hard to get it out. 

One of the last good things was that I could see the show from the Diamond Lobby. 

One tip!! If you go to the other side of the Diamond Lobby, the Crystal Lobby is closer. If you go past the Diamond Lobby, you will have to go around almost once to get to the Crystal Lobby, so it would be more helpful to know that.",True,True,0,3,False,"Dear Valued Guest,Thanks for choosing our hotel for your visit, we are very glad to hear that you enjoy our welcome amenities and welcome snacks, we will definitely keep up our offerings and service up to 5-stars standard level, we hope to welcome you again in the nearest future.Best Regards,Galaxy Hotel",2025-02-03T00:00:00,"# Galaxy Hotel review (Trip.com)

**Rating:** 5.0/5 ★★★★★
**Travel type:** Family

## Review
춘절 때 가족과 여행을 하고 싶어서 가게 되었어요. 호텔버스를 타고 무료로 호텔 다이아몬드 로비로 도착하게 되었어요. 여행 첫 날이 원래 제일 기분이 좋을 때라 신 나서 호텔 로비 앞에서 사진을 찍으며 들어가려고 했어요. 바로 그때 호텔 직원 분이 오셔서 체크인을 도와 주셨어요. 아이들에게 초코렛과 색칠북을 선물해 주시고, 질문에 친절하게 답해주셨어요. 

갤럭시 호텔의 장점은 호텔 내 키즈카페를 여러 번 무료로 이용할 수 있는 것입니다. 키카 안에는 저희가 갔을 때는 생수병이 있어서 무료로 마실 수 있었어요. 그리고 만들기 프로그램이 있어서 신청하면, 체험할 수 있다는 것입니다. 
또한, 호텔 룸이 있는 곳에서 1층으로 나가면 타이파 빌리지를 바로 볼 수 있습니다. 물론, 육교를 넘어야하지만 쉽고 빠르게 갈 수 있어요. 
호텔 내에는 푸드코트, 각종 명품샵, 영화관, 식당, 맥도날드, 스벅, 젤리캣 등의 가게들이 있어요. 푸드코트 안에는 에그타르트 가게도 있더라고요. 

미니바와 신라면, 과자는 1회 무료로 이용할 수 있다고 해서 맛있게 잘 먹었어요. 미니바 안에는 마카오 맥주 2캔, 콜라2캔, 사이다1캔, 중국인들의 인기음료수1캔이 있어요. 
일리커피캡슐은 매일 4개씩 제공됐고, 생수도 6병씩 무료로 제공되었어요. 덕분에 물이 비싼데, 사 먹지 않았어요. 
환영의 인사로 매일 과일을 제공해 주는데, 과일 종류가 달라지더라고요. 그리고 환영 인사로 아몬드쿠키를 선물로 제공해 줍니다. 

오후에는 룸 정비 차 호텔 직원이 방문해 줍니다. 쓰레기통을 비워주고, 물을 다시 채워줍니다. 아이들에게 초콜렛과 아몬드 쿠키도 주셨어요. 오전에 이루어지는 룸 정비 때는 개인적으로 가져간 충전기 선도 타이를 사용해서 정리해 주시더라고요. 

아쉬운 점은 겨울이라 호텔 수영장을 이용하지 못했던 점이에요. 여름에 미리 예약해서 다시 또 와봐야겠습니다. 

아! 그리고 캐리어 들고 호텔 버스를 이용할 때 어떤 경우는 캐리어 내리고 싣는데, 도움 주시는 분이 없으셔서 곤란했던 적이 있었어요. 도움을 받기도 했지만, 캐리어가 너무 안 쪽에 있어서 꺼내기가 힘들기도 했었어요. 

마지막 좋았던 점 중 하나는 다이아몬드 로비에서 쇼를 볼 수 있었던 것이에요. 

팁 하나!! 다이아몬드 로비 반대편으로 가면 크리스탈로비가 더 가까워요. 다디아몬드 로비를 지나서 가면 거의 한 바퀴 돌아야 크리스털로비에 도착한다는 점을 알고 가시면 더 도움이 되실 것 같아요.

## Translation
I wanted to travel with my family during the ***** New Year, so I went. I took the hotel bus and arrived at the Diamond Hotel lobby for free. The first day of my trip was when I was in the best mood, so I was excited and took pictures in front of the hotel lobby and tried to go in. Just then, a hotel staff member came and helped me check in. She gave the kids chocolates and coloring books as gifts and kindly answered my questions. 

The advantage of the Galaxy Hotel is that you can use the kids cafe in the hotel for free several times. When we went, there were bottles of water in the kids cafe, so we could drink them for free. Also, there is a crafting program, so if you apply, you can experience it. 

Also, if you go out to the first floor from where your hotel room is, you can see Taipa Village right away. Of course, you have to cross the overpass, but it is easy and fast to get there. 
There is a food court, various luxury shops, a movie theater, restaurants, McDonald's, Starbucks, Jellycat, and other stores in the hotel. There was also an egg tart shop in the food court. 

The minibar, Shin Ramyun, and snacks were free once, so we ate them deliciously. In the minibar, there are 2 cans of Macau beer, 2 cans of cola, 1 can of cider, and 1 can of a popular Chinese drink. 
Illy coffee capsules were provided 4 times a day, and 6 bottles of water were provided free of charge. Thanks to this, I didn't buy water, which is expensive. 
They provided fruit every day as a welcome greeting, and the type of fruit changed. And they gave me almond cookies as a welcome gift. 

In the afternoon, a hotel staff member came to clean the room. They emptied the trash can and refilled the water. They also gave the kids chocolate and almond cookies. When the room was cleaned in the morning, they used a tie to organize the charger cord that I personally brought. 

One thing I regret is that I couldn't use the hotel pool because it was winter. I'll have to make a reservation in advance and come back again in the summer. 

Oh! And when I was using the hotel bus with my carrier, there were times when it was difficult to get it off and on because there was no one to help. I did get help, but the carrier was too deep, so it was hard to get it out. 

One of the last good things was that I could see the show from the Diamond Lobby. 

One tip!! If you go to the other side of the Diamond Lobby, the Crystal Lobby is closer. If you go past the Diamond Lobby, you will have to go around almost once to get to the Crystal Lobby, so it would be more helpful to know that.

## Hotel response
Dear Valued Guest,Thanks for choosing our hotel for your visit, we are very glad to hear that you enjoy our welcome amenities and welcome snacks, we will definitely keep up our offerings and service up to 5-stars standard level, we hope to welcome you again in the nearest future.Best Regards,Galaxy Hotel",https://www.trip.com/hotels/macau-hotel-detail-344983/galaxy-hotel/
1408496057,344983,Galaxy Hotel,trip,2025-02-02T10:04:54,2025-01,,3,Rising review star,True,,Family,Deluxe City King,zh,5,Outstanding,Cleanliness: 5.0; Location: 5.0; Service: 5.0; Facilities: 5.0,酒店很方便，樓下就是商場，有24小時的餐飲，接駁車可以到機場和澳門半島，鑽石大堂的表演很精彩，工作人員都很熱情，等浪淘沙開放了還會再帶娃來,The hotel is very convenient. There is a shopping mall downstairs. There are 24-hour restaurants. The shuttle bus can go to the airport and Macau Peninsula. The performance in the Diamond Lobby is wonderful. The staff are very enthusiastic. I will bring my children here again when Langtaosha is open.,True,True,2,5,False,尊敬的客人: 非常高興見到您對酒店的滿意和喜愛，您的肯定是我們前進的動力。感謝您提及的便利設施和服務，特別是對鑽石大堂表演和員工熱情的讚賞。對於您提到的還會再帶娃來，我們表示熱烈歡迎。酒店將持續優化服務，為您的下一次全家旅行帶來更多便利和驚喜。願未來與您和您的家人再次相遇，帶來更美好的回憶。此致銀河酒店,2025-02-03T00:00:00,"# Galaxy Hotel review (Trip.com)

**Rating:** 5.0/5 ★★★★★
**Travel type:** Family

## Review
酒店很方便，樓下就是商場，有24小時的餐飲，接駁車可以到機場和澳門半島，鑽石大堂的表演很精彩，工作人員都很熱情，等浪淘沙開放了還會再帶娃來

## Translation
The hotel is very convenient. There is a shopping mall downstairs. There are 24-hour restaurants. The shuttle bus can go to the airport and Macau Peninsula. The performance in the Diamond Lobby is wonderful. The staff are very enthusiastic. I will bring my children here again when Langtaosha is open.

## Hotel response
尊敬的客人: 非常高興見到您對酒店的滿意和喜愛，您的肯定是我們前進的動力。感謝您提及的便利設施和服務，特別是對鑽石大堂表演和員工熱情的讚賞。對於您提到的還會再帶娃來，我們表示熱烈歡迎。酒店將持續優化服務，為您的下一次全家旅行帶來更多便利和驚喜。願未來與您和您的家人再次相遇，帶來更美好的回憶。此致銀河酒店",https://www.trip.com/hotels/macau-hotel-detail-344983/galaxy-hotel/
1418011467,344983,Galaxy Hotel,trip,2025-02-10T13:47:40,2025-01,Helly2000,6,Review Specialist,False,,Family,Deluxe City Twin,zh,5,Outstanding,Cleanliness: 5.0; Location: 5.0; Service: 5.0; Facilities: 5.0,"小童樂園太太太贊啦
解放爸媽
酒店服務也不錯
有求必應","The children's playground is so awesome!
Liberate parents
Hotel service is also good
Respond to every request",True,True,0,2,False,尊敬的客人:感謝您對我們的正面評價。我們很高興聽到您在酒店有很棒的體驗並對我們的童樂坊設施感到滿意。您的評論成就我們的動力！我們希望在不久的將來再次為您服務。此致銀河酒店,2025-02-10T00:00:00,"# Galaxy Hotel review (Trip.com)

**Rating:** 5.0/5 ★★★★★
**Travel type:** Family

## Review
小童樂園太太太贊啦
解放爸媽
酒店服務也不錯
有求必應

## Translation
The children's playground is so awesome!
Liberate parents
Hotel service is also good
Respond to every request

## Hotel response
尊敬的客人:感謝您對我們的正面評價。我們很高興聽到您在酒店有很棒的體驗並對我們的童樂坊設施感到滿意。您的評論成就我們的動力！我們希望在不久的將來再次為您服務。此致銀河酒店",https://www.trip.com/hotels/macau-hotel-detail-344983/galaxy-hotel/
1412748441,344983,Galaxy Hotel,trip,2025-02-05T16:12:39,2025-01,Shangdishiwaixingren,29,Review Specialist,False,,Family,Deluxe City King,zh,5,Outstanding,Cleanliness: 5.0; Location: 5.0; Service: 5.0; Facilities: 5.0,房間乾淨衞生温馨、冰箱飲料啤酒很多、窗外景色很美、兩米大床非常舒服。下樓逛吃非常方便、**購物美食多多！離鑽石大堂真的近可以看錶演。,"The room is clean, sanitary and warm, there are a lot of drinks and beers in the refrigerator, the view outside the window is beautiful, and the two-meter bed is very comfortable. It is very convenient to go downstairs for shopping and eating, and there are a lot of shopping and food! It is really close to the Diamond Lobby and you can watch performances.",True,True,1,5,False,"尊敬的客人,感謝您的精彩點評，我們倍感欣慰！看到您對客房的設施與環境，以及對酒店地理位置的高度認可，我們深感榮幸並確保提供更優質的服務。再次感謝您的寶貴反饋，您的滿意是我們前進的動力。期待您的再次光臨，感受我們不斷提升的品質與服務。祝好銀河酒店",2025-02-06T00:00:00,"# Galaxy Hotel review (Trip.com)

**Rating:** 5.0/5 ★★★★★
**Travel type:** Family

## Review
房間乾淨衞生温馨、冰箱飲料啤酒很多、窗外景色很美、兩米大床非常舒服。下樓逛吃非常方便、**購物美食多多！離鑽石大堂真的近可以看錶演。

## Translation
The room is clean, sanitary and warm, there are a lot of drinks and beers in the refrigerator, the view outside the window is beautiful, and the two-meter bed is very comfortable. It is very convenient to go downstairs for shopping and eating, and there are a lot of shopping and food! It is really close to the Diamond Lobby and you can watch performances.

## Hotel response
尊敬的客人,感謝您的精彩點評，我們倍感欣慰！看到您對客房的設施與環境，以及對酒店地理位置的高度認可，我們深感榮幸並確保提供更優質的服務。再次感謝您的寶貴反饋，您的滿意是我們前進的動力。期待您的再次光臨，感受我們不斷提升的品質與服務。祝好銀河酒店",https://www.trip.com/hotels/macau-hotel-detail-344983/galaxy-hotel/
1587718989,344983,Galaxy Hotel,trip,2025-07-11T16:16:02,2025-07,Fujie1004,8,Review Specialist,False,,Family,Deluxe City King,zh,5,Outstanding,Cleanliness: 5.0; Location: 5.0; Service: 5.0; Facilities: 5.0,全程服務超級好，體驗絕佳，下次還會再來入住，小朋友玩的很開心，大人購物娛樂也超級方便，期待下次親子之旅了,"The service throughout the trip was excellent, the experience was fantastic, I will definitely stay here again next time. The children had a lot of fun, and it was also very convenient for adults to shop and have fun. I look forward to the next parent-child trip.",True,True,1,0,False,尊敬的客人，非常感謝您選擇入住我們酒店，並抽空分享作出正面的評價！得知您和家人在這次的旅程中度過了愉快的時光，無論是小朋友的歡樂時光，還是大人的購物與娛樂體驗，都讓我們感到無比欣慰。我們一直致力於提供貼心周到的服務與舒適的環境，讓每一位賓客都能擁有難忘的回憶。期待在不久的將來，再次歡迎您和家人蒞臨為您們服務。祝您有愉快的一天！此致銀河酒店,2025-07-14T00:00:00,"# Galaxy Hotel review (Trip.com)

**Rating:** 5.0/5 ★★★★★
**Travel type:** Family

## Review
全程服務超級好，體驗絕佳，下次還會再來入住，小朋友玩的很開心，大人購物娛樂也超級方便，期待下次親子之旅了

## Translation
The service throughout the trip was excellent, the experience was fantastic, I will definitely stay here again next time. The children had a lot of fun, and it was also very convenient for adults to shop and have fun. I look forward to the next parent-child trip.

## Hotel response
尊敬的客人，非常感謝您選擇入住我們酒店，並抽空分享作出正面的評價！得知您和家人在這次的旅程中度過了愉快的時光，無論是小朋友的歡樂時光，還是大人的購物與娛樂體驗，都讓我們感到無比欣慰。我們一直致力於提供貼心周到的服務與舒適的環境，讓每一位賓客都能擁有難忘的回憶。期待在不久的將來，再次歡迎您和家人蒞臨為您們服務。祝您有愉快的一天！此致銀河酒店",https://www.trip.com/hotels/macau-hotel-detail-344983/galaxy-hotel/
1673685722,344983,Galaxy Hotel,trip,2025-09-15T18:28:20,2025-09,,6,Review Specialist,True,,Family,Deluxe City Twin,ko,5,Outstanding,Cleanliness: 5.0; Location: 5.0; Service: 5.0; Facilities: 5.0,직원 분들 친절하고 셔툴 있어 좋고 워터파크 너무 좋았습니다,"The staff were friendly, the shuttle was nice, and the water park was great.",True,True,0,0,False,"Dear Valued Guest, Thank you for your positive review. We are delighted to hear that you had a wonderful experience at our hotel and were satisfied with our facilities and the service attitude of our staff. Your feedback is our motivation! We look forward to serving you again in the near future. Sincerely,Galaxy Hotel",2025-09-15T00:00:00,"# Galaxy Hotel review (Trip.com)

**Rating:** 5.0/5 ★★★★★
**Travel type:** Family

## Review
직원 분들 친절하고 셔툴 있어 좋고 워터파크 너무 좋았습니다

## Translation
The staff were friendly, the shuttle was nice, and the water park was great.

## Hotel response
Dear Valued Guest, Thank you for your positive review. We are delighted to hear that you had a wonderful experience at our hotel and were satisfied with our facilities and the service attitude of our staff. Your feedback is our motivation! We look forward to serving you again in the near future. Sincerely,Galaxy Hotel",https://www.trip.com/hotels/macau-hotel-detail-344983/galaxy-hotel/
1750358463,344983,Galaxy Hotel,trip,2025-11-14T13:31:42,2025-11,Guojunxi,13,Review Specialist,False,,Family,Deluxe City Twin,zh,5,Outstanding,Cleanliness: 5.0; Location: 5.0; Service: 5.0; Facilities: 5.0,前台💁🏻♀️貼心周到,The front desk staff are attentive and thoughtful.,True,True,0,0,False,"尊敬的賓客，感謝您對前台服務的肯定。很高興得知我們的團隊以貼心周到的服務為您帶來愉快的體驗。您的支持是我們不斷提升的動力，我們期待再次為您提供優質的入住體驗。敬祝 順心, 銀河酒店",2025-11-17T00:00:00,"# Galaxy Hotel review (Trip.com)

**Rating:** 5.0/5 ★★★★★
**Travel type:** Family

## Review
前台💁🏻♀️貼心周到

## Translation
The front desk staff are attentive and thoughtful.

## Hotel response
尊敬的賓客，感謝您對前台服務的肯定。很高興得知我們的團隊以貼心周到的服務為您帶來愉快的體驗。您的支持是我們不斷提升的動力，我們期待再次為您提供優質的入住體驗。敬祝 順心, 銀河酒店",https://www.trip.com/hotels/macau-hotel-detail-344983/galaxy-hotel/
1308280657,344983,Galaxy Hotel,trip,2024-10-31T20:21:51,2024-10,,21,Review Specialist,True,,Couple,Deluxe City King,zh,5,Outstanding,Cleanliness: 5.0; Location: 5.0; Service: 5.0; Facilities: 5.0,房間好大！水果糖果飲料齊全送給客人食免費！下次繼續訂,"The room is so big! A full range of fruits, candies and drinks are provided to guests for free! Continue to order next time",True,True,0,4,False,尊敬的客人:感謝您選擇入住澳門銀河酒店，很高興聽到您對酒店的格局及贈送的水果或小食都感到滿意，我們致力保持提供予客人的用品和服務達到五星級超凡的水平，貫徹亞洲心精神，我們希望在不久的將來能夠再次為您服務。此致銀河酒店,2024-11-05T00:00:00,"# Galaxy Hotel review (Trip.com)

**Rating:** 5.0/5 ★★★★★
**Travel type:** Couple

## Review
房間好大！水果糖果飲料齊全送給客人食免費！下次繼續訂

## Translation
The room is so big! A full range of fruits, candies and drinks are provided to guests for free! Continue to order next time

## Hotel response
尊敬的客人:感謝您選擇入住澳門銀河酒店，很高興聽到您對酒店的格局及贈送的水果或小食都感到滿意，我們致力保持提供予客人的用品和服務達到五星級超凡的水平，貫徹亞洲心精神，我們希望在不久的將來能夠再次為您服務。此致銀河酒店",https://www.trip.com/hotels/macau-hotel-detail-344983/galaxy-hotel/
1296731687,344983,Galaxy Hotel,trip,2024-10-19T16:10:31,2024-10,Zhencangbaobei,19,Review Specialist,False,,Travelling with friends,Deluxe City Twin,zh,5,Outstanding,Cleanliness: 5.0; Location: 5.0; Service: 5.0; Facilities: 5.0,非常滿意的一次入住。訂了2間城觀房竟拿到1間景觀房可看到二樓的天浪淘園，意外驚喜。房間的設施環保有特色，洗潄品還是木製的，房卡也是紙質的，還有送水果糖果。接待處的工作人員服務態度非常好，很是耐心周到。總之體驗感很好，下次有機會再來。,"A very satisfying stay. After booking 2 city view rooms, I got a view room with a view of Tianlang Taoyuan on the second floor, which was an unexpected surprise. The facilities in the room are environmentally friendly and unique. The toiletries are made of wood, the room card is also paper, and there are also fruit candies. The staff at the reception have a very good service attitude and are very patient and considerate. All in all, the experience was very good. I will come again next time I have the opportunity.",True,True,1,3,False,尊敬的客人:非常感謝您抽出時間反饋您的入住體驗。很高興看到我們的員工為您提供了優越的服務及對整體入住體驗都感到滿意。期待您下次到訪澳門時再次入住銀河酒店！此致銀河酒店,2024-10-21T00:00:00,"# Galaxy Hotel review (Trip.com)

**Rating:** 5.0/5 ★★★★★
**Travel type:** Travelling with friends

## Review
非常滿意的一次入住。訂了2間城觀房竟拿到1間景觀房可看到二樓的天浪淘園，意外驚喜。房間的設施環保有特色，洗潄品還是木製的，房卡也是紙質的，還有送水果糖果。接待處的工作人員服務態度非常好，很是耐心周到。總之體驗感很好，下次有機會再來。

## Translation
A very satisfying stay. After booking 2 city view rooms, I got a view room with a view of Tianlang Taoyuan on the second floor, which was an unexpected surprise. The facilities in the room are environmentally friendly and unique. The toiletries are made of wood, the room card is also paper, and there are also fruit candies. The staff at the reception have a very good service attitude and are very patient and considerate. All in all, the experience was very good. I will come again next time I have the opportunity.

## Hotel response
尊敬的客人:非常感謝您抽出時間反饋您的入住體驗。很高興看到我們的員工為您提供了優越的服務及對整體入住體驗都感到滿意。期待您下次到訪澳門時再次入住銀河酒店！此致銀河酒店",https://www.trip.com/hotels/macau-hotel-detail-344983/galaxy-hotel/
1474705469,344983,Galaxy Hotel,trip,2025-04-06T18:51:36,2025-04,,8,Review Specialist,True,,Family,Deluxe City King,zh,5,Outstanding,Cleanliness: 5.0; Location: 5.0; Service: 5.0; Facilities: 5.0,非常好，服務也很好，對小朋友也很友好。下次會再去，酒店的客房服務小哥搭帳篷很利索，還送了小朋友娃娃和拖鞋等,"Very good, good service, and very kid-friendly. I will go again next time. The hotel's room service guy set up the tent very neatly and gave the children dolls and slippers, etc.",True,True,0,0,False,尊敬的客人:感謝您選擇入住澳門銀河酒店 ，很高興聽到您與小朋友入住愉快及對我們提供的小童備品感到滿意，我們致力保持提供予不同年齡層的客人用品和提供的服務設施達到五星級超凡的水平，希望在不久的將來能夠再次為您服務。此致銀河酒店,2025-04-07T00:00:00,"# Galaxy Hotel review (Trip.com)

**Rating:** 5.0/5 ★★★★★
**Travel type:** Family

## Review
非常好，服務也很好，對小朋友也很友好。下次會再去，酒店的客房服務小哥搭帳篷很利索，還送了小朋友娃娃和拖鞋等

## Translation
Very good, good service, and very kid-friendly. I will go again next time. The hotel's room service guy set up the tent very neatly and gave the children dolls and slippers, etc.

## Hotel response
尊敬的客人:感謝您選擇入住澳門銀河酒店 ，很高興聽到您與小朋友入住愉快及對我們提供的小童備品感到滿意，我們致力保持提供予不同年齡層的客人用品和提供的服務設施達到五星級超凡的水平，希望在不久的將來能夠再次為您服務。此致銀河酒店",https://www.trip.com/hotels/macau-hotel-detail-344983/galaxy-hotel/
1278162679,344983,Galaxy Hotel,trip,2024-10-03T12:06:49,2024-09,,9,Review Specialist,True,,Family,Deluxe City King,ko,5,Outstanding,Cleanliness: 5.0; Location: 5.0; Service: 5.0; Facilities: 5.0,"호텔 컨디션 만족했고 얼리체크인해줘서 먼저 수영장 이용할수있어서 좋았어요
수영장의 규모가 아주 크지는 않았지만 파도풀장이 특히 재미있었고 호텔 메인로비에 다이아몬드쇼도 인상적이였어요","I was satisfied with the hotel condition and it was nice that I could use the swimming pool first because I checked in early. The swimming pool was not very large, but the wave pool was especially fun and the diamond show in the hotel's main lobby was impressive.",True,True,0,2,False,"Dear Valued Guest,Thank you for your positive review for us. We are happy to hear that you had a great experience at the hotel and enjoyed your time with your family at Grand Resort Deck and diamond show. Your comments motivate us to do even better! We hope to serve you again in the near future.Best Regards,Galaxy Hotel",2024-10-08T00:00:00,"# Galaxy Hotel review (Trip.com)

**Rating:** 5.0/5 ★★★★★
**Travel type:** Family

## Review
호텔 컨디션 만족했고 얼리체크인해줘서 먼저 수영장 이용할수있어서 좋았어요
수영장의 규모가 아주 크지는 않았지만 파도풀장이 특히 재미있었고 호텔 메인로비에 다이아몬드쇼도 인상적이였어요

## Translation
I was satisfied with the hotel condition and it was nice that I could use the swimming pool first because I checked in early. The swimming pool was not very large, but the wave pool was especially fun and the diamond show in the hotel's main lobby was impressive.

## Hotel response
Dear Valued Guest,Thank you for your positive review for us. We are happy to hear that you had a great experience at the hotel and enjoyed your time with your family at Grand Resort Deck and diamond show. Your comments motivate us to do even better! We hope to serve you again in the near future.Best Regards,Galaxy Hotel",https://www.trip.com/hotels/macau-hotel-detail-344983/galaxy-hotel/
1276262023,344983,Galaxy Hotel,trip,2024-10-01T11:57:35,2024-09,,56,Review Expert,True,,Family,Deluxe City King,zh,5,Outstanding,Cleanliness: 5.0; Location: 5.0; Service: 5.0; Facilities: 5.0,前台服務非常好！裏麪就是一個度假村。吃喝玩樂全部齊全。我和孩子逛街吃東西，爸爸去娛樂😂鑽石演出很出彩。,"The front desk service is very good! There is a resort inside. All food, drinks and entertainment are provided. My kids and I went shopping and had some food, and my dad went to have fun. The Diamond Show was great.",True,True,0,3,False,尊敬的客人:非常感謝您抽出時間反饋您的入住體驗。很高興看到我們的前台員工為您提供了優越的服務及對整體入住都感到滿意。期待您下次到訪澳門時再次入住銀河酒店！此致銀河酒店,2024-10-08T00:00:00,"# Galaxy Hotel review (Trip.com)

**Rating:** 5.0/5 ★★★★★
**Travel type:** Family

## Review
前台服務非常好！裏麪就是一個度假村。吃喝玩樂全部齊全。我和孩子逛街吃東西，爸爸去娛樂😂鑽石演出很出彩。

## Translation
The front desk service is very good! There is a resort inside. All food, drinks and entertainment are provided. My kids and I went shopping and had some food, and my dad went to have fun. The Diamond Show was great.

## Hotel response
尊敬的客人:非常感謝您抽出時間反饋您的入住體驗。很高興看到我們的前台員工為您提供了優越的服務及對整體入住都感到滿意。期待您下次到訪澳門時再次入住銀河酒店！此致銀河酒店",https://www.trip.com/hotels/macau-hotel-detail-344983/galaxy-hotel/
1329410079,344983,Galaxy Hotel,trip,2024-11-20T09:32:20,2024-09,공간 여행자,8,Review Specialist,False,,Family,Deluxe City King,ko,5,Outstanding,Cleanliness: 5.0; Location: 5.0; Service: 5.0; Facilities: 5.0,정말 최고의 호텔... 별 5점도 부족하다는 생각이.. 호캉스 하기엔 최고의 호텔.. 특히 수영장이 너무너무 멋진 호텔입니다.,This is truly the best hotel... I don't think 5 stars is enough... This is the best hotel for a vacation... This hotel has an especially amazing pool.,True,True,0,3,False,"Dear Valued Guest, Thank you for sharing your positive review with us. We're so happy to hear you had a great experience at Galaxy Hotel and satisfied with our Grand Resort Deck. Your review made our day! We hope to see you again in the nearest future. Best Regards,Galaxy Hotel",2024-11-20T00:00:00,"# Galaxy Hotel review (Trip.com)

**Rating:** 5.0/5 ★★★★★
**Travel type:** Family

## Review
정말 최고의 호텔... 별 5점도 부족하다는 생각이.. 호캉스 하기엔 최고의 호텔.. 특히 수영장이 너무너무 멋진 호텔입니다.

## Translation
This is truly the best hotel... I don't think 5 stars is enough... This is the best hotel for a vacation... This hotel has an especially amazing pool.

## Hotel response
Dear Valued Guest, Thank you for sharing your positive review with us. We're so happy to hear you had a great experience at Galaxy Hotel and satisfied with our Grand Resort Deck. Your review made our day! We hope to see you again in the nearest future. Best Regards,Galaxy Hotel",https://www.trip.com/hotels/macau-hotel-detail-344983/galaxy-hotel/
1299357053,344983,Galaxy Hotel,trip,2024-10-22T09:34:59,2024-09,,72,Review Expert,True,,Family,Deluxe City King,zh,5,Outstanding,Cleanliness: 5.0; Location: 5.0; Service: 5.0; Facilities: 5.0,"設施：很齊全
衞生：乾淨整潔
環境：周圍很方便 富麗堂皇
服務：服務周到 小朋友過生日送了玩偶還有蛋糕 超級棒
2大2小天浪淘園門票 
免費迷你吧
免費使用「童」在銀河的「童」樂坊
超值","Facilities: Very complete
Sanitation: Clean and tidy
Environment: Convenient and magnificent
Service: Attentive service. The child was given a doll and a cake for his birthday, which was great
Tickets for 2 adults and 2 children in Tianlang Taoyuan
Free mini bar
Free use of Tong's Fun House in Yinhe
Great value",True,True,0,5,False,尊敬的客人:感謝您選擇入住澳門銀河酒店，很高興聽到您與小朋友入住愉快及對我們提供的小童活動及對童樂坊作出高度評價，我們致力保持提供予不同年齡層的客人用品和提供的服務設施達到五星級超凡的水平，再次祝我們的小住客生日快樂！希望在不久的將來能夠再次為您服務。此致銀河酒店,2024-10-22T00:00:00,"# Galaxy Hotel review (Trip.com)

**Rating:** 5.0/5 ★★★★★
**Travel type:** Family

## Review
設施：很齊全
衞生：乾淨整潔
環境：周圍很方便 富麗堂皇
服務：服務周到 小朋友過生日送了玩偶還有蛋糕 超級棒
2大2小天浪淘園門票 
免費迷你吧
免費使用「童」在銀河的「童」樂坊
超值

## Translation
Facilities: Very complete
Sanitation: Clean and tidy
Environment: Convenient and magnificent
Service: Attentive service. The child was given a doll and a cake for his birthday, which was great
Tickets for 2 adults and 2 children in Tianlang Taoyuan
Free mini bar
Free use of Tong's Fun House in Yinhe
Great value

## Hotel response
尊敬的客人:感謝您選擇入住澳門銀河酒店，很高興聽到您與小朋友入住愉快及對我們提供的小童活動及對童樂坊作出高度評價，我們致力保持提供予不同年齡層的客人用品和提供的服務設施達到五星級超凡的水平，再次祝我們的小住客生日快樂！希望在不久的將來能夠再次為您服務。此致銀河酒店",https://www.trip.com/hotels/macau-hotel-detail-344983/galaxy-hotel/
1272380601,344983,Galaxy Hotel,trip,2024-09-27T13:48:23,2024-09,Monica翁,5,Review Specialist,False,,Business traveller,Deluxe City Twin,zh,5,Outstanding,Cleanliness: 5.0; Location: 5.0; Service: 5.0; Facilities: 5.0,前台、搬運行李及房務整理人員都很周到，房間雖然不大，但是乾淨舒適，備品齊全。走去輕軌、官也街方便。最後感謝房務人員的貼心卡片及禮物！！,"The front desk, luggage handling and housekeeping staff are all attentive. Although the room is not big, it is clean, comfortable and fully equipped. It is convenient to walk to the light rail and Guanye Street. Finally, thank you to the housekeeping staff for their thoughtful cards and gifts! !",True,True,0,1,False,尊敬的客人:非常感謝您抽空回饋您的入住體驗。很高興看到我們的員工為您提供了優越的服務及對酒店的地理位置等整體的入住都感到滿意。期待您下次造訪澳門時再次入住銀河酒店！此致銀河酒店,2024-09-27T00:00:00,"# Galaxy Hotel review (Trip.com)

**Rating:** 5.0/5 ★★★★★
**Travel type:** Business traveller

## Review
前台、搬運行李及房務整理人員都很周到，房間雖然不大，但是乾淨舒適，備品齊全。走去輕軌、官也街方便。最後感謝房務人員的貼心卡片及禮物！！

## Translation
The front desk, luggage handling and housekeeping staff are all attentive. Although the room is not big, it is clean, comfortable and fully equipped. It is convenient to walk to the light rail and Guanye Street. Finally, thank you to the housekeeping staff for their thoughtful cards and gifts! !

## Hotel response
尊敬的客人:非常感謝您抽空回饋您的入住體驗。很高興看到我們的員工為您提供了優越的服務及對酒店的地理位置等整體的入住都感到滿意。期待您下次造訪澳門時再次入住銀河酒店！此致銀河酒店",https://www.trip.com/hotels/macau-hotel-detail-344983/galaxy-hotel/
1267659727,344983,Galaxy Hotel,trip,2024-09-22T19:59:54,2024-09,,1,Rising review star,True,,Business traveller,Deluxe City King,zh,5,Outstanding,Cleanliness: 5.0; Location: 5.0; Service: 5.0; Facilities: 5.0,來澳門還是習慣住在銀河！非常的舒適👍而且還有一種特殊的香紛氣味很好聞，酒店前台入房速度也很快安排，真棒,"When you come to Macau, you are still used to living in the Galaxy! Very comfortable 👍 and there is a special fragrance that smells great. The hotel front desk arranged room check-in quickly, which is great",True,True,0,2,False,尊敬的客人:感謝您對我們酒店正面評價。很高興知悉我們的地方氣味及環境讓您的體驗更完美及難忘。您的評價鼓勵我們繼續做得更好，期望能夠令每位客人在我們酒店都有開心難忘的體驗。再次感謝，祝您有美好的一天。此致銀河酒店,2024-09-23T00:00:00,"# Galaxy Hotel review (Trip.com)

**Rating:** 5.0/5 ★★★★★
**Travel type:** Business traveller

## Review
來澳門還是習慣住在銀河！非常的舒適👍而且還有一種特殊的香紛氣味很好聞，酒店前台入房速度也很快安排，真棒

## Translation
When you come to Macau, you are still used to living in the Galaxy! Very comfortable 👍 and there is a special fragrance that smells great. The hotel front desk arranged room check-in quickly, which is great

## Hotel response
尊敬的客人:感謝您對我們酒店正面評價。很高興知悉我們的地方氣味及環境讓您的體驗更完美及難忘。您的評價鼓勵我們繼續做得更好，期望能夠令每位客人在我們酒店都有開心難忘的體驗。再次感謝，祝您有美好的一天。此致銀河酒店",https://www.trip.com/hotels/macau-hotel-detail-344983/galaxy-hotel/
1266710859,344983,Galaxy Hotel,trip,2024-09-21T22:51:16,2024-09,,27,Review Specialist,True,,Solo traveller,Deluxe City King,zh,5,Outstanding,Cleanliness: 5.0; Location: 5.0; Service: 5.0; Facilities: 5.0,我知道銀河生意最好，但一直不知道為什麼，這次住的銀河，服務真的是很不錯，房間整潔乾淨，週五中午12點多到的，辦理入住不用排隊，效率很高几分鐘就搞定，房卡直接給了都不用等，之前住其他酒店都是三四點才能拿到房卡。,"I know Galaxy has the best business, but I never knew why. The service at Galaxy this time was really good. The room was tidy and clean. I arrived at around 12 noon on Friday. I didn't have to queue up for check-in. It was very efficient and was done in a few minutes. The room card was given to me directly without me having to wait. When I stayed in other hotels before, I had to wait until three or four o'clock to get the room card.",True,True,1,4,False,尊敬的客人:感謝您抽出寶貴時間分享您對銀河酒店的正面反饋，很高興聽到酒店提供了快速的入住，使您感到滿意。我們希望很快能夠再次為您服務！此致銀河酒店,2024-09-23T00:00:00,"# Galaxy Hotel review (Trip.com)

**Rating:** 5.0/5 ★★★★★
**Travel type:** Solo traveller

## Review
我知道銀河生意最好，但一直不知道為什麼，這次住的銀河，服務真的是很不錯，房間整潔乾淨，週五中午12點多到的，辦理入住不用排隊，效率很高几分鐘就搞定，房卡直接給了都不用等，之前住其他酒店都是三四點才能拿到房卡。

## Translation
I know Galaxy has the best business, but I never knew why. The service at Galaxy this time was really good. The room was tidy and clean. I arrived at around 12 noon on Friday. I didn't have to queue up for check-in. It was very efficient and was done in a few minutes. The room card was given to me directly without me having to wait. When I stayed in other hotels before, I had to wait until three or four o'clock to get the room card.

## Hotel response
尊敬的客人:感謝您抽出寶貴時間分享您對銀河酒店的正面反饋，很高興聽到酒店提供了快速的入住，使您感到滿意。我們希望很快能夠再次為您服務！此致銀河酒店",https://www.trip.com/hotels/macau-hotel-detail-344983/galaxy-hotel/
1286271879,344983,Galaxy Hotel,trip,2024-10-08T23:28:46,2024-09,Shuishuishuishuishuishuimiaomiao,11,Review Specialist,False,,Family,Deluxe City King,zh,5,Outstanding,Cleanliness: 5.0; Location: 5.0; Service: 5.0; Facilities: 5.0,"前台很好會提前詢問需要不需要小朋友的帳篷⛺，和送畫本，雖然酒店年份有點久了但是維護的很好👌🏻
服務：很好
2大2小天浪淘園門票 :小朋友很喜歡
免費迷你吧:不錯","The front desk was very good and asked in advance if the children needed a tent⛺, and gave them picture books. Although the hotel is a bit old, it is well maintained👌🏻
Service: Very good
Tickets for 2 adults and 2 children in Tianlang Taoyuan: The children liked it very much
Free mini bar: Good",True,True,3,4,False,尊敬的客人:感謝您選擇入住澳門銀河酒店，很高興聽到您與小朋友入住愉快，並對我們提供的小童備品及天浪淘園感到滿意，我們致力保持提供予不同年齡層的客人用品和提供的服務設施達到五星級超凡的水平，希望在不久的將來能夠再次為您服務。此致銀河酒店,2024-10-09T00:00:00,"# Galaxy Hotel review (Trip.com)

**Rating:** 5.0/5 ★★★★★
**Travel type:** Family

## Review
前台很好會提前詢問需要不需要小朋友的帳篷⛺，和送畫本，雖然酒店年份有點久了但是維護的很好👌🏻
服務：很好
2大2小天浪淘園門票 :小朋友很喜歡
免費迷你吧:不錯

## Translation
The front desk was very good and asked in advance if the children needed a tent⛺, and gave them picture books. Although the hotel is a bit old, it is well maintained👌🏻
Service: Very good
Tickets for 2 adults and 2 children in Tianlang Taoyuan: The children liked it very much
Free mini bar: Good

## Hotel response
尊敬的客人:感謝您選擇入住澳門銀河酒店，很高興聽到您與小朋友入住愉快，並對我們提供的小童備品及天浪淘園感到滿意，我們致力保持提供予不同年齡層的客人用品和提供的服務設施達到五星級超凡的水平，希望在不久的將來能夠再次為您服務。此致銀河酒店",https://www.trip.com/hotels/macau-hotel-detail-344983/galaxy-hotel/
1253149751,344983,Galaxy Hotel,trip,2024-09-08T19:03:05,2024-09,,18,Review Specialist,True,,Solo traveller,Deluxe City King,zh,5,Outstanding,Cleanliness: 5.0; Location: 5.0; Service: 5.0; Facilities: 5.0,非常好的綜合體，酒店吃喝玩樂一應俱全，簡直是爽的不得了。吃的選擇特別多，東南亞等口味特別多選擇；電影院很舒服，每天有多個電影可選擇；無數個品牌購物；**很大很豪華；人間沸騰，時尚人羣很多。,"Very good complex, the hotel has everything you need for eating, drinking and entertainment, it is simply amazing. There are many choices of food, especially Southeast Asian flavors; the cinema is very comfortable, with multiple movies to choose from every day; countless brands to shop; the ** is large and luxurious; the world is boiling, and there are many fashionable people.",True,True,2,9,False,尊敬的客人:感謝您對我們銀河酒店作出正面評價。很高興知悉我們的位置為您帶來便捷及讓您的體驗更完美及難忘。在這裏可以足不出户的滿足你不同的需求，同時亦可步行到鄰近的的景點，或者透過門外的輕軌站到達橫琴口岸/澳門半島，有您的評價鼓勵我們繼續做得更好，期望能夠令每位客人在我們酒店都有開心難忘的體驗。再次感謝，祝您有美好的一天。此致銀河酒店,2024-09-09T00:00:00,"# Galaxy Hotel review (Trip.com)

**Rating:** 5.0/5 ★★★★★
**Travel type:** Solo traveller

## Review
非常好的綜合體，酒店吃喝玩樂一應俱全，簡直是爽的不得了。吃的選擇特別多，東南亞等口味特別多選擇；電影院很舒服，每天有多個電影可選擇；無數個品牌購物；**很大很豪華；人間沸騰，時尚人羣很多。

## Translation
Very good complex, the hotel has everything you need for eating, drinking and entertainment, it is simply amazing. There are many choices of food, especially Southeast Asian flavors; the cinema is very comfortable, with multiple movies to choose from every day; countless brands to shop; the ** is large and luxurious; the world is boiling, and there are many fashionable people.

## Hotel response
尊敬的客人:感謝您對我們銀河酒店作出正面評價。很高興知悉我們的位置為您帶來便捷及讓您的體驗更完美及難忘。在這裏可以足不出户的滿足你不同的需求，同時亦可步行到鄰近的的景點，或者透過門外的輕軌站到達橫琴口岸/澳門半島，有您的評價鼓勵我們繼續做得更好，期望能夠令每位客人在我們酒店都有開心難忘的體驗。再次感謝，祝您有美好的一天。此致銀河酒店",https://www.trip.com/hotels/macau-hotel-detail-344983/galaxy-hotel/
1241986065,344983,Galaxy Hotel,trip,2024-08-29T09:06:18,2024-08,,5,Review Specialist,True,,Family,Deluxe City Twin,zh,5,Outstanding,Cleanliness: 5.0; Location: 5.0; Service: 5.0; Facilities: 5.0,澳門銀河酒店度假村喺我一向澳門度假首選，交通便利就算到外邊吃飯亦非常方便，每次到訪酒店都收到熱情款待，酒店內每位員工都熱情有禮，笑容亦善真誠，今次到訪由於喺生日月份，所以酒店免費極為我免費提生日供蛋糕，我一行四人同住一房酒店業免費提供加床，我表示早上亦會帶小朋友到天陶樂園游泳，感激銀河酒為位我延交房遲服務！,"Galaxy Macau Hotel Resort is my always first choice for vacation in Macau, convenient transportation even to eat outside is also very convenient, every time I visit the hotel received warm hospitality, every employee in the hotel is warm and courteous, smile is also kind and sincere, this time The visit was in the birthday month, so the hotel was very free for me to provide free birthday cake, I was a group of four people living in a one-room hotel industry provided free extra bed, I stated that I would also take the children to Tiantao Paradise for swimming in the morning, grateful to Galaxy Wine for the place I defer room late service!",True,True,0,3,False,"尊敬的客人:非常感謝您選擇澳門銀河酒店, 很榮幸有您入住我們酒店及對酒店的生日安排和備品都感到滿意及驚喜。我們定必繼續努力, 力求為每位客人在特別的日子內有難忘的回憶，再次祝您生日快樂！期待您下次造訪澳門時繼續選擇入住銀河酒店！此致,銀河酒店",2024-08-29T00:00:00,"# Galaxy Hotel review (Trip.com)

**Rating:** 5.0/5 ★★★★★
**Travel type:** Family

## Review
澳門銀河酒店度假村喺我一向澳門度假首選，交通便利就算到外邊吃飯亦非常方便，每次到訪酒店都收到熱情款待，酒店內每位員工都熱情有禮，笑容亦善真誠，今次到訪由於喺生日月份，所以酒店免費極為我免費提生日供蛋糕，我一行四人同住一房酒店業免費提供加床，我表示早上亦會帶小朋友到天陶樂園游泳，感激銀河酒為位我延交房遲服務！

## Translation
Galaxy Macau Hotel Resort is my always first choice for vacation in Macau, convenient transportation even to eat outside is also very convenient, every time I visit the hotel received warm hospitality, every employee in the hotel is warm and courteous, smile is also kind and sincere, this time The visit was in the birthday month, so the hotel was very free for me to provide free birthday cake, I was a group of four people living in a one-room hotel industry provided free extra bed, I stated that I would also take the children to Tiantao Paradise for swimming in the morning, grateful to Galaxy Wine for the place I defer room late service!

## Hotel response
尊敬的客人:非常感謝您選擇澳門銀河酒店, 很榮幸有您入住我們酒店及對酒店的生日安排和備品都感到滿意及驚喜。我們定必繼續努力, 力求為每位客人在特別的日子內有難忘的回憶，再次祝您生日快樂！期待您下次造訪澳門時繼續選擇入住銀河酒店！此致,銀河酒店",https://www.trip.com/hotels/macau-hotel-detail-344983/galaxy-hotel/
1248177471,344983,Galaxy Hotel,trip,2024-09-03T23:08:43,2024-09,,1,Rising review star,True,,Family,Deluxe City King,zh,5,Outstanding,Cleanliness: 5.0; Location: 5.0; Service: 5.0; Facilities: 5.0,一切都很棒、設施房間整潔度都很不錯、兒童帳篷太棒了,"Everything is great, the facilities and rooms are very clean, the children's tent is great",True,True,0,2,False,尊敬的客人:感謝您選擇入住澳門銀河酒店，很高興聽到您與小朋友入住愉快及對我們提供的兒童的備品感到滿意，我們致力於保持提供予不同年齡層的客人用品和提供的服務設施達到五星級超凡的水平，希望在不久的將來能夠再次為您服務。此致銀河酒店,2024-09-04T00:00:00,"# Galaxy Hotel review (Trip.com)

**Rating:** 5.0/5 ★★★★★
**Travel type:** Family

## Review
一切都很棒、設施房間整潔度都很不錯、兒童帳篷太棒了

## Translation
Everything is great, the facilities and rooms are very clean, the children's tent is great

## Hotel response
尊敬的客人:感謝您選擇入住澳門銀河酒店，很高興聽到您與小朋友入住愉快及對我們提供的兒童的備品感到滿意，我們致力於保持提供予不同年齡層的客人用品和提供的服務設施達到五星級超凡的水平，希望在不久的將來能夠再次為您服務。此致銀河酒店",https://www.trip.com/hotels/macau-hotel-detail-344983/galaxy-hotel/
1422337856,344983,Galaxy Hotel,trip,2025-02-14T22:28:46,2025-02,,45,Review Expert,True,,Business traveller,Deluxe City King,zh,5,Outstanding,Cleanliness: 5.0; Location: 5.0; Service: 5.0; Facilities: 5.0,銀河服務一向都好好，我亦好喜歡！房間及服務最好，唯獨不好是以前不論你是不是住客，只要是遊客，放行李是免費，現在要收錢！如果可以變回以前那樣，會更開心！,"Galaxy's service is always good, I like it very much! The rooms and services are the best, but the only downside is that before, no matter whether you are a guest or not, as long as you are a tourist, you can leave your luggage for free, but now you have to pay! If I could go back to the way I was before, I would be happier!",True,True,0,0,False,"尊敬的客人, 非常感謝您的寶貴評價，很高興銀河服務能得到您的認可，尤其在房間與服務方面。瞭解關於行李寄存變化帶來的不便，我們深感歉意。我們不斷調整政策旨在優化營運效率。您的回饋已悉數收悉，我們將繼續努力，務求做到最好，使每位賓位都能夠有滿意的體驗。再次感謝您的支持與體諒。 祝好 銀河酒店",2025-02-17T00:00:00,"# Galaxy Hotel review (Trip.com)

**Rating:** 5.0/5 ★★★★★
**Travel type:** Business traveller

## Review
銀河服務一向都好好，我亦好喜歡！房間及服務最好，唯獨不好是以前不論你是不是住客，只要是遊客，放行李是免費，現在要收錢！如果可以變回以前那樣，會更開心！

## Translation
Galaxy's service is always good, I like it very much! The rooms and services are the best, but the only downside is that before, no matter whether you are a guest or not, as long as you are a tourist, you can leave your luggage for free, but now you have to pay! If I could go back to the way I was before, I would be happier!

## Hotel response
尊敬的客人, 非常感謝您的寶貴評價，很高興銀河服務能得到您的認可，尤其在房間與服務方面。瞭解關於行李寄存變化帶來的不便，我們深感歉意。我們不斷調整政策旨在優化營運效率。您的回饋已悉數收悉，我們將繼續努力，務求做到最好，使每位賓位都能夠有滿意的體驗。再次感謝您的支持與體諒。 祝好 銀河酒店",https://www.trip.com/hotels/macau-hotel-detail-344983/galaxy-hotel/
1422336109,344983,Galaxy Hotel,trip,2025-02-14T22:24:04,2025-02,,1,Rising review star,True,,Business traveller,Deluxe City King,zh,5,Outstanding,Cleanliness: 5.0; Location: 5.0; Service: 5.0; Facilities: 5.0,"房間還是比較乾淨的，特別是服務非常好，所有工作人員都非常熱情
免費迷你吧:免費的，但忘記使用了","The room was relatively clean, especially the service was very good, all the staff were very enthusiastic
Free mini bar: free, but I forgot to use it",True,True,0,0,False,尊敬的客人:感謝您抽出寶貴時間分享您對銀河酒店的正面反饋，很高興聽到酒店房間環境的整潔度滿足您的期望並令您的入住體驗昇華，我們希望很快能夠再次為您服務！此致銀河酒店,2025-02-17T00:00:00,"# Galaxy Hotel review (Trip.com)

**Rating:** 5.0/5 ★★★★★
**Travel type:** Business traveller

## Review
房間還是比較乾淨的，特別是服務非常好，所有工作人員都非常熱情
免費迷你吧:免費的，但忘記使用了

## Translation
The room was relatively clean, especially the service was very good, all the staff were very enthusiastic
Free mini bar: free, but I forgot to use it

## Hotel response
尊敬的客人:感謝您抽出寶貴時間分享您對銀河酒店的正面反饋，很高興聽到酒店房間環境的整潔度滿足您的期望並令您的入住體驗昇華，我們希望很快能夠再次為您服務！此致銀河酒店",https://www.trip.com/hotels/macau-hotel-detail-344983/galaxy-hotel/
1405851105,344983,Galaxy Hotel,trip,2025-01-30T01:20:05,2025-01,,4,Rising review star,True,,Family,Deluxe City King,zh,5,Outstanding,Cleanliness: 5.0; Location: 5.0; Service: 5.0; Facilities: 5.0,前台很熱情，客房鋪帳篷的工作人員也很好，會提醒我們帳篷裏什麼是可以免費帶走，童樂坊工作人員也很nice，整體下來就是感覺服務沒得説  講真，比內地服務意識強🤣,"The front desk was very welcoming, and the staff who laid out the tents in the guest rooms were also very nice. They reminded us what was in the tent that we could take away for free. The staff at the Children's Playground were also very nice. Overall, I felt that the service was excellent. To be honest, the service awareness was stronger than that in the mainland. 🤣",True,True,0,0,False,尊敬的客人:非常感謝您抽出時間反饋您的入住體驗。很高興看到我們的員工為您提供了優越的服務，使您留下深刻的印象。對整體入住都感到滿意。期待您下次到訪澳門時再次入住銀河酒店！此致銀河酒店,2025-02-03T00:00:00,"# Galaxy Hotel review (Trip.com)

**Rating:** 5.0/5 ★★★★★
**Travel type:** Family

## Review
前台很熱情，客房鋪帳篷的工作人員也很好，會提醒我們帳篷裏什麼是可以免費帶走，童樂坊工作人員也很nice，整體下來就是感覺服務沒得説  講真，比內地服務意識強🤣

## Translation
The front desk was very welcoming, and the staff who laid out the tents in the guest rooms were also very nice. They reminded us what was in the tent that we could take away for free. The staff at the Children's Playground were also very nice. Overall, I felt that the service was excellent. To be honest, the service awareness was stronger than that in the mainland. 🤣

## Hotel response
尊敬的客人:非常感謝您抽出時間反饋您的入住體驗。很高興看到我們的員工為您提供了優越的服務，使您留下深刻的印象。對整體入住都感到滿意。期待您下次到訪澳門時再次入住銀河酒店！此致銀河酒店",https://www.trip.com/hotels/macau-hotel-detail-344983/galaxy-hotel/
1412830793,344983,Galaxy Hotel,trip,2025-02-05T17:18:15,2025-01,,32,Review Expert,True,,Family,Deluxe City Twin,zh,5,Outstanding,Cleanliness: 5.0; Location: 5.0; Service: 5.0; Facilities: 5.0,免費迷你吧:非常的豐富多彩，飲料和啤酒都很不錯，咖啡非常的棒，還配備了薯片和方便麪供住客人食用，二樓游泳的天浪淘園非常的漂亮，太適合旅遊度假啦,"Free mini bar: Very colorful, drinks and beer are very good, coffee is very good, and there are potato chips and instant noodles for guests to eat. The Tianlang Taoyuan swimming pool on the second floor is very beautiful, it is very suitable for travel and vacation",True,True,0,0,False,尊敬的客人:感謝您選擇入住澳門銀河酒店，很高興聽到您對酒店的迷你吧設施及天浪淘園均感到滿意，我們致力保持提供予客人的用品和服務達到五星級超凡的水平，貫徹亞洲心精神，我們希望在不久的將來能夠再次為您服務。此致銀河酒店,2025-02-06T00:00:00,"# Galaxy Hotel review (Trip.com)

**Rating:** 5.0/5 ★★★★★
**Travel type:** Family

## Review
免費迷你吧:非常的豐富多彩，飲料和啤酒都很不錯，咖啡非常的棒，還配備了薯片和方便麪供住客人食用，二樓游泳的天浪淘園非常的漂亮，太適合旅遊度假啦

## Translation
Free mini bar: Very colorful, drinks and beer are very good, coffee is very good, and there are potato chips and instant noodles for guests to eat. The Tianlang Taoyuan swimming pool on the second floor is very beautiful, it is very suitable for travel and vacation

## Hotel response
尊敬的客人:感謝您選擇入住澳門銀河酒店，很高興聽到您對酒店的迷你吧設施及天浪淘園均感到滿意，我們致力保持提供予客人的用品和服務達到五星級超凡的水平，貫徹亞洲心精神，我們希望在不久的將來能夠再次為您服務。此致銀河酒店",https://www.trip.com/hotels/macau-hotel-detail-344983/galaxy-hotel/
1405661154,344983,Galaxy Hotel,trip,2025-01-29T15:29:17,2025-01,Huni Na,4,Rising review star,False,,Family,Deluxe City King,ko,5,Outstanding,Cleanliness: 5.0; Location: 5.0; Service: 5.0; Facilities: 5.0,쾌적하고 넓은 실내 객실과 투숙객을 배려한 럭셔리한 호텔비품들은 다른 호텔에서는 볼 수 없던 친환경적인 재료로 별것 아닌 것 같다고 지나칠수 있었지만 저는 이것에서 고객을 진심으로 생각하는 호텔의 서비스 마인드를 느꼈습니다.,"The comfortable and spacious indoor rooms and the luxurious hotel amenities that are considerate of guests are made of eco-friendly materials that cannot be found in other hotels, so I could pass them off as nothing special, but I felt the hotel's service mind that truly cares about its customers.",True,True,0,0,False,"Dear Valued Guest, Thank you for sharing your positive review with us. We're so happy to hear you had a great experience at Galaxy Hotel and satisfied with our facility. Your review made our day! We hope to see you again in the nearest future. Best Regards,Galaxy Hotel",2025-02-03T00:00:00,"# Galaxy Hotel review (Trip.com)

**Rating:** 5.0/5 ★★★★★
**Travel type:** Family

## Review
쾌적하고 넓은 실내 객실과 투숙객을 배려한 럭셔리한 호텔비품들은 다른 호텔에서는 볼 수 없던 친환경적인 재료로 별것 아닌 것 같다고 지나칠수 있었지만 저는 이것에서 고객을 진심으로 생각하는 호텔의 서비스 마인드를 느꼈습니다.

## Translation
The comfortable and spacious indoor rooms and the luxurious hotel amenities that are considerate of guests are made of eco-friendly materials that cannot be found in other hotels, so I could pass them off as nothing special, but I felt the hotel's service mind that truly cares about its customers.

## Hotel response
Dear Valued Guest, Thank you for sharing your positive review with us. We're so happy to hear you had a great experience at Galaxy Hotel and satisfied with our facility. Your review made our day! We hope to see you again in the nearest future. Best Regards,Galaxy Hotel",https://www.trip.com/hotels/macau-hotel-detail-344983/galaxy-hotel/
1405225616,344983,Galaxy Hotel,trip,2025-01-28T17:02:31,2025-01,,3,Rising review star,True,,Family,Deluxe City King,zh,5,Outstanding,Cleanliness: 5.0; Location: 5.0; Service: 5.0; Facilities: 5.0,接待員Carmen的服務非常好👍🏻👍🏻我們早上11:30已經到達酒店，沒想到已經可以替我和媽咪check in，而且還替我們延遲退房時間💕💕💕,"The receptionist Carmen's service is very good👍🏻👍🏻We arrived at the hotel at 11:30 in the morning. Unexpectedly, she was able to check in for my mother and I, and she also extended the check-out time for us💕💕💕",True,True,0,0,False,"Dear Valued Guest,Thank you for taking time to share your positive feedback with us, we are so happy to see you had an overall wonderful staying experience at Galaxy Hotel, while we are proud to learn that our team member Carmen provided great service to you during your visit. We hope to welcome you back again soon!Best Regards,Galaxy Hotel",2025-02-03T00:00:00,"# Galaxy Hotel review (Trip.com)

**Rating:** 5.0/5 ★★★★★
**Travel type:** Family

## Review
接待員Carmen的服務非常好👍🏻👍🏻我們早上11:30已經到達酒店，沒想到已經可以替我和媽咪check in，而且還替我們延遲退房時間💕💕💕

## Translation
The receptionist Carmen's service is very good👍🏻👍🏻We arrived at the hotel at 11:30 in the morning. Unexpectedly, she was able to check in for my mother and I, and she also extended the check-out time for us💕💕💕

## Hotel response
Dear Valued Guest,Thank you for taking time to share your positive feedback with us, we are so happy to see you had an overall wonderful staying experience at Galaxy Hotel, while we are proud to learn that our team member Carmen provided great service to you during your visit. We hope to welcome you back again soon!Best Regards,Galaxy Hotel",https://www.trip.com/hotels/macau-hotel-detail-344983/galaxy-hotel/
1179009781,344983,Galaxy Hotel,trip,2024-07-15T16:41:47,2024-07,,3,Rising review star,True,,Family,Deluxe City King,zh,5,Outstanding,Cleanliness: 5.0; Location: 5.0; Service: 5.0; Facilities: 5.0,特別棒的親子酒店 酒店從前台到客房 服務超級棒 衹是房間不太好訂到  購物 吃喝也非常方便 離官也街很近 想去老區 直接在水晶大堂門口乘坐星際穿梭巴士 出行方便,"A great family hotel. The hotel has great service from the front desk to the guest rooms. It's just that it's not easy to book a room. It's very convenient for shopping and eating. It's very close to Guanye Street. If you want to go to the old district, you can take the interstellar shuttle bus directly at the entrance of the crystal lobby. It's convenient to travel",True,True,2,3,False,尊敬的客人:感謝您對我們銀河酒店作出正面評價。很高興知悉我們的位置為您帶來便捷及讓您的體驗更完美及難忘。在這裏可以足不出户的滿足你不同的需求，同時亦可步行到鄰近的景點，或者透過門外的輕軌站到達橫琴口岸/澳門半島，能有您的評價鼓勵我們繼續做得更好，期望能夠令每位客人在我們酒店都有開心難忘的體驗。再次感謝，祝你有美好的一天。此致銀河酒店,2024-07-16T00:00:00,"# Galaxy Hotel review (Trip.com)

**Rating:** 5.0/5 ★★★★★
**Travel type:** Family

## Review
特別棒的親子酒店 酒店從前台到客房 服務超級棒 衹是房間不太好訂到  購物 吃喝也非常方便 離官也街很近 想去老區 直接在水晶大堂門口乘坐星際穿梭巴士 出行方便

## Translation
A great family hotel. The hotel has great service from the front desk to the guest rooms. It's just that it's not easy to book a room. It's very convenient for shopping and eating. It's very close to Guanye Street. If you want to go to the old district, you can take the interstellar shuttle bus directly at the entrance of the crystal lobby. It's convenient to travel

## Hotel response
尊敬的客人:感謝您對我們銀河酒店作出正面評價。很高興知悉我們的位置為您帶來便捷及讓您的體驗更完美及難忘。在這裏可以足不出户的滿足你不同的需求，同時亦可步行到鄰近的景點，或者透過門外的輕軌站到達橫琴口岸/澳門半島，能有您的評價鼓勵我們繼續做得更好，期望能夠令每位客人在我們酒店都有開心難忘的體驗。再次感謝，祝你有美好的一天。此致銀河酒店",https://www.trip.com/hotels/macau-hotel-detail-344983/galaxy-hotel/
1179553141,344983,Galaxy Hotel,trip,2024-07-16T10:34:02,2024-07,Genzhuoxiaomidaguaiguai～～,7,Review Specialist,False,,Family,Deluxe City King,zh,5,Outstanding,Cleanliness: 5.0; Location: 5.0; Service: 5.0; Facilities: 5.0,"晚上7點左右到澳門，在酒店大巴處坐銀河酒店的**車，到銀河的水晶大堂下了車，走到鑽石大堂辦理入住手續，接待我們的是一個很漂亮的女士，非常熱情，一看到小朋友就問要不要吃巧克力，要不要喝水，巧克力是明治的，很好吃～入住手續全部辦完，帳篷和小童用具拖鞋也全部到位！並且給我小小的升級了房型，變成了泳池景觀豪華大床房。進房一看確實風景好很多啊～～

房間裏的mini吧裏的飲料和抽屜裏的薯片都是免費的，房間內還有特色的小零食，水果每天給2個蘋果，第2天還送了2顆鐵盒裝的巧克力。

這裏要特別表揚一下銀河，插座是不需要轉換的，直接就能用！並且！房間內放了專門的充電數據線，什麼頭都有，各種手機都能用！

銀河裡最大的好玩地方就是2樓的天浪淘園，娃在裏面泡了一天，沖浪嗨的不行，一天下來頓時身上有了黑白交界線！沖浪池和游泳池邊都有免費的防曬噴霧！小朋友的也有！還有免費的水！游泳圈也是免費拿來玩的！服務的很周到！","We arrived in Macau around 7pm. We took the Galaxy Hotel's ** bus at the hotel bus station, got off at the Galaxy's Crystal Lobby, and walked to the Diamond Lobby to check in. We were greeted by a very beautiful lady, who was very enthusiastic. As soon as she saw the children, she asked if they wanted to eat chocolate or drink water. The chocolate was Meiji, and it was delicious. All the check-in procedures were completed, and the tents and children's slippers were all in place! And I was slightly upgraded to a pool view deluxe king-size bed room. When I entered the room, I saw that the scenery was indeed much better~~

The drinks in the mini bar in the room and the potato chips in the drawer were free. There were also special snacks in the room. The fruit was given 2 apples every day, and 2 iron boxes of chocolate were given on the second day.

I have to give special praise to Galaxy here. The socket does not need to be converted and can be used directly! And! There is a special charging data cable in the room, with all kinds of heads, and all kinds of mobile phones can be used!

The most fun place in Galaxy is the Tianlang Taoyuan on the 2nd floor. The baby soaked in it for a day, surfing and having fun. After a day, there was a black and white boundary line on his body! There is free sunscreen spray at the surfing pool and swimming pool! There is also one for children! There is also free water! The swimming ring is also free to play with! The service is very thoughtful!",True,True,3,6,False,尊敬的客人:感謝您選擇入住澳門銀河酒店，很高興聽到您與小朋友入住愉快及對我們提供的小童活動及備品感到滿意，我們致力保持提供予不同年齡層的客人用品和提供的服務設施達到五星級超凡的水平，希望在不久的將來能夠再次為您服務。此致銀河酒店,2024-07-16T00:00:00,"# Galaxy Hotel review (Trip.com)

**Rating:** 5.0/5 ★★★★★
**Travel type:** Family

## Review
晚上7點左右到澳門，在酒店大巴處坐銀河酒店的**車，到銀河的水晶大堂下了車，走到鑽石大堂辦理入住手續，接待我們的是一個很漂亮的女士，非常熱情，一看到小朋友就問要不要吃巧克力，要不要喝水，巧克力是明治的，很好吃～入住手續全部辦完，帳篷和小童用具拖鞋也全部到位！並且給我小小的升級了房型，變成了泳池景觀豪華大床房。進房一看確實風景好很多啊～～

房間裏的mini吧裏的飲料和抽屜裏的薯片都是免費的，房間內還有特色的小零食，水果每天給2個蘋果，第2天還送了2顆鐵盒裝的巧克力。

這裏要特別表揚一下銀河，插座是不需要轉換的，直接就能用！並且！房間內放了專門的充電數據線，什麼頭都有，各種手機都能用！

銀河裡最大的好玩地方就是2樓的天浪淘園，娃在裏面泡了一天，沖浪嗨的不行，一天下來頓時身上有了黑白交界線！沖浪池和游泳池邊都有免費的防曬噴霧！小朋友的也有！還有免費的水！游泳圈也是免費拿來玩的！服務的很周到！

## Translation
We arrived in Macau around 7pm. We took the Galaxy Hotel's ** bus at the hotel bus station, got off at the Galaxy's Crystal Lobby, and walked to the Diamond Lobby to check in. We were greeted by a very beautiful lady, who was very enthusiastic. As soon as she saw the children, she asked if they wanted to eat chocolate or drink water. The chocolate was Meiji, and it was delicious. All the check-in procedures were completed, and the tents and children's slippers were all in place! And I was slightly upgraded to a pool view deluxe king-size bed room. When I entered the room, I saw that the scenery was indeed much better~~

The drinks in the mini bar in the room and the potato chips in the drawer were free. There were also special snacks in the room. The fruit was given 2 apples every day, and 2 iron boxes of chocolate were given on the second day.

I have to give special praise to Galaxy here. The socket does not need to be converted and can be used directly! And! There is a special charging data cable in the room, with all kinds of heads, and all kinds of mobile phones can be used!

The most fun place in Galaxy is the Tianlang Taoyuan on the 2nd floor. The baby soaked in it for a day, surfing and having fun. After a day, there was a black and white boundary line on his body! There is free sunscreen spray at the surfing pool and swimming pool! There is also one for children! There is also free water! The swimming ring is also free to play with! The service is very thoughtful!

## Hotel response
尊敬的客人:感謝您選擇入住澳門銀河酒店，很高興聽到您與小朋友入住愉快及對我們提供的小童活動及備品感到滿意，我們致力保持提供予不同年齡層的客人用品和提供的服務設施達到五星級超凡的水平，希望在不久的將來能夠再次為您服務。此致銀河酒店",https://www.trip.com/hotels/macau-hotel-detail-344983/galaxy-hotel/
1158855515,344983,Galaxy Hotel,trip,2024-06-28T21:33:18,2024-06,,6,Review Specialist,True,,Family,Deluxe City King,zh,5,Outstanding,Cleanliness: 5.0; Location: 5.0; Service: 5.0; Facilities: 5.0,真的是澳門親子酒店的天花板了，前台給升級了度假城景觀房，房間就能看到天浪淘園。酒店還給小朋友送了一堆東西，畫板，小拖鞋，小玩偶，洗護套裝，下次來澳門一定還住銀河酒店,"It's really the ceiling of Macau's family hotels. The front desk upgraded me to a resort view room, and I can see the Grand Resort Deck from the room. The hotel also gave the children a bunch of things, such as drawing boards, small slippers, small dolls, and toiletries sets. I will definitely stay at Galaxy Hotel next time I come to Macau.",True,True,3,8,False,尊敬的客人:感謝您選擇入住澳門銀河酒店，很高興聽到您與小朋友入住愉快及對我們提供的小童活動及備品感到滿意，我們致力保持提供予不同年齡層的客人用品和提供的服務設施達到五星級超凡的水平，希望在不久的將來能夠再次為您服務。此致銀河酒店,2024-07-01T00:00:00,"# Galaxy Hotel review (Trip.com)

**Rating:** 5.0/5 ★★★★★
**Travel type:** Family

## Review
真的是澳門親子酒店的天花板了，前台給升級了度假城景觀房，房間就能看到天浪淘園。酒店還給小朋友送了一堆東西，畫板，小拖鞋，小玩偶，洗護套裝，下次來澳門一定還住銀河酒店

## Translation
It's really the ceiling of Macau's family hotels. The front desk upgraded me to a resort view room, and I can see the Grand Resort Deck from the room. The hotel also gave the children a bunch of things, such as drawing boards, small slippers, small dolls, and toiletries sets. I will definitely stay at Galaxy Hotel next time I come to Macau.

## Hotel response
尊敬的客人:感謝您選擇入住澳門銀河酒店，很高興聽到您與小朋友入住愉快及對我們提供的小童活動及備品感到滿意，我們致力保持提供予不同年齡層的客人用品和提供的服務設施達到五星級超凡的水平，希望在不久的將來能夠再次為您服務。此致銀河酒店",https://www.trip.com/hotels/macau-hotel-detail-344983/galaxy-hotel/
1676677203,344983,Galaxy Hotel,trip,2025-09-18T14:59:35,2025-09,,1,Rising review star,True,,Family,Deluxe City King,zh,5,Outstanding,Cleanliness: 5.0; Location: 5.0; Service: 5.0; Facilities: 5.0,非常滿意 親子酒店,Very satisfied with the family hotel,True,True,0,0,False,尊敬的客人，感謝您對我們的正面評價。我們很高興聽到您在酒店有很棒的體驗。我們希望在不久的將來再次為您們服務。 此致銀河酒店。,2025-09-18T00:00:00,"# Galaxy Hotel review (Trip.com)

**Rating:** 5.0/5 ★★★★★
**Travel type:** Family

## Review
非常滿意 親子酒店

## Translation
Very satisfied with the family hotel

## Hotel response
尊敬的客人，感謝您對我們的正面評價。我們很高興聽到您在酒店有很棒的體驗。我們希望在不久的將來再次為您們服務。 此致銀河酒店。",https://www.trip.com/hotels/macau-hotel-detail-344983/galaxy-hotel/
1144988867,344983,Galaxy Hotel,trip,2024-06-14T16:40:03,2024-06,,18,Review Specialist,True,,Family,Deluxe City King,zh,5,Outstanding,Cleanliness: 5.0; Location: 5.0; Service: 5.0; Facilities: 5.0,在網上看人家説酒店怎麼樣怎麼樣這不行那不好，入住了才覺得不能聽信網上的人，酒店前台態度非常好，有送玩具，話本，父親節卡片塗鴉，還給我升級了房間非常感謝，22樓視野非常漂亮，還有孩子玩的帳篷，小屋子，被子，玩偶，拖鞋之類的。總之體驗非常滿意，推薦推薦！,"I read people's comments about the hotel online, but after checking in, I realized that I shouldn't trust people on the Internet. The hotel front desk was very friendly, and gave me toys, storybooks, Father's Day card doodles, and upgraded my room. Thank you very much. The view on the 22nd floor is very beautiful, and there are tents, small houses, quilts, dolls, slippers, etc. for children to play. In short, I am very satisfied with the experience and recommend it!",True,True,4,3,False,尊敬的客人:感謝您選擇入住澳門銀河酒店，很高興聽到您與小朋友入住愉快及對我們提供的小童備品感到滿意，我們致力保持提供予不同年齡層的客人用品和提供的服務設施達到五星級超凡的水平，希望在不久的將來能夠再次為您服務。感謝您的推薦。此致銀河酒店,2024-06-14T00:00:00,"# Galaxy Hotel review (Trip.com)

**Rating:** 5.0/5 ★★★★★
**Travel type:** Family

## Review
在網上看人家説酒店怎麼樣怎麼樣這不行那不好，入住了才覺得不能聽信網上的人，酒店前台態度非常好，有送玩具，話本，父親節卡片塗鴉，還給我升級了房間非常感謝，22樓視野非常漂亮，還有孩子玩的帳篷，小屋子，被子，玩偶，拖鞋之類的。總之體驗非常滿意，推薦推薦！

## Translation
I read people's comments about the hotel online, but after checking in, I realized that I shouldn't trust people on the Internet. The hotel front desk was very friendly, and gave me toys, storybooks, Father's Day card doodles, and upgraded my room. Thank you very much. The view on the 22nd floor is very beautiful, and there are tents, small houses, quilts, dolls, slippers, etc. for children to play. In short, I am very satisfied with the experience and recommend it!

## Hotel response
尊敬的客人:感謝您選擇入住澳門銀河酒店，很高興聽到您與小朋友入住愉快及對我們提供的小童備品感到滿意，我們致力保持提供予不同年齡層的客人用品和提供的服務設施達到五星級超凡的水平，希望在不久的將來能夠再次為您服務。感謝您的推薦。此致銀河酒店",https://www.trip.com/hotels/macau-hotel-detail-344983/galaxy-hotel/
1144315291,344983,Galaxy Hotel,trip,2024-06-13T21:34:54,2024-06,,3,Rising review star,True,,Family,Deluxe City King,zh,5,Outstanding,Cleanliness: 5.0; Location: 5.0; Service: 5.0; Facilities: 5.0,"第一次入住銀河酒店 服務真的很好很貼心
特別讚揚check-in counter Eason 用心服務 知道我第一次入住 特別詳細介紹 
還為小朋友安排到帳幕 
天浪濤園設施不算很多 但夠玩
大人小朋友都很開心","This is my first time staying at Galaxy Hotel. The service is really good and considerate.
Special praise to check-in counter Eason for his attentive service and knowing that it was my first time to check in. Special detailed introduction
We also arranged for children to stay in the tent
There are not many facilities in Tianlangtao Garden, but they are enough for fun.
Both adults and children are happy",True,True,1,1,False,尊敬的客人:非常感謝您抽空回饋您的入住體驗。很高興看到我們的員工- Eason為您提供了優越的服務及對整體入住體驗都感到滿意。期待您下次造訪澳門時再次入住銀河酒店！此致銀河酒店,2024-06-14T00:00:00,"# Galaxy Hotel review (Trip.com)

**Rating:** 5.0/5 ★★★★★
**Travel type:** Family

## Review
第一次入住銀河酒店 服務真的很好很貼心
特別讚揚check-in counter Eason 用心服務 知道我第一次入住 特別詳細介紹 
還為小朋友安排到帳幕 
天浪濤園設施不算很多 但夠玩
大人小朋友都很開心

## Translation
This is my first time staying at Galaxy Hotel. The service is really good and considerate.
Special praise to check-in counter Eason for his attentive service and knowing that it was my first time to check in. Special detailed introduction
We also arranged for children to stay in the tent
There are not many facilities in Tianlangtao Garden, but they are enough for fun.
Both adults and children are happy

## Hotel response
尊敬的客人:非常感謝您抽空回饋您的入住體驗。很高興看到我們的員工- Eason為您提供了優越的服務及對整體入住體驗都感到滿意。期待您下次造訪澳門時再次入住銀河酒店！此致銀河酒店",https://www.trip.com/hotels/macau-hotel-detail-344983/galaxy-hotel/
1674613967,344983,Galaxy Hotel,trip,2025-09-16T15:17:36,2025-09,Dsmk,13,Review Specialist,False,,Family,Deluxe City King,zh,5,Outstanding,Cleanliness: 5.0; Location: 5.0; Service: 5.0; Facilities: 5.0,入住體驗非常好！,The stay experience was very good!,True,True,1,0,False,尊敬的客人，感謝您對我們的正面評價。我們很高興聽到您在酒店有很棒的體驗。我們希望在不久的將來再次為您們服務。 此致銀河酒店。,2025-09-17T00:00:00,"# Galaxy Hotel review (Trip.com)

**Rating:** 5.0/5 ★★★★★
**Travel type:** Family

## Review
入住體驗非常好！

## Translation
The stay experience was very good!

## Hotel response
尊敬的客人，感謝您對我們的正面評價。我們很高興聽到您在酒店有很棒的體驗。我們希望在不久的將來再次為您們服務。 此致銀河酒店。",https://www.trip.com/hotels/macau-hotel-detail-344983/galaxy-hotel/
1118133267,344983,Galaxy Hotel,trip,2024-05-16T13:10:34,2024-05,,3,Rising review star,True,,Family,Deluxe City King,zh,5,Outstanding,Cleanliness: 5.0; Location: 5.0; Service: 5.0; Facilities: 5.0,非常滿意！澳門是我們行程的最後一站，意外的驚喜和快樂！前台和房間的服務人員非常棒，很貼心，有求必應。天浪淘園和恆温泳池超級好玩！因為是孩子的兩歲生日旅行，房間有小帳篷與蛋糕、佈置，孩子非常喜歡，強烈要求續住。唯一的遺憾是第二天滿房了，下次再來！,"Very satisfied! Macau is the last stop of our trip, an unexpected surprise and happiness! The service staff at the front desk and the room are great, very considerate and responsive. Grand Resort Deck and the heated swimming pool are super fun! Because it was my child's second birthday trip, the room had a small tent, cake and decoration, the child liked it very much and strongly requested to stay longer. The only regret is that the room was full on the second day, I will come again next time!",True,True,4,4,False,"尊敬的客人:非常感謝您選擇澳門銀河酒店, 很榮幸有您入住我們酒店及對酒店的生日安排和備品都感到滿意及驚喜。 我們定必繼續努力, 力求為每位客人在特別的日子內有難忘的回憶，再次祝您的寶寶生日快樂！ 期待您下次到訪澳門時繼續選擇入住銀河酒店！此致,銀河酒店",2024-05-16T00:00:00,"# Galaxy Hotel review (Trip.com)

**Rating:** 5.0/5 ★★★★★
**Travel type:** Family

## Review
非常滿意！澳門是我們行程的最後一站，意外的驚喜和快樂！前台和房間的服務人員非常棒，很貼心，有求必應。天浪淘園和恆温泳池超級好玩！因為是孩子的兩歲生日旅行，房間有小帳篷與蛋糕、佈置，孩子非常喜歡，強烈要求續住。唯一的遺憾是第二天滿房了，下次再來！

## Translation
Very satisfied! Macau is the last stop of our trip, an unexpected surprise and happiness! The service staff at the front desk and the room are great, very considerate and responsive. Grand Resort Deck and the heated swimming pool are super fun! Because it was my child's second birthday trip, the room had a small tent, cake and decoration, the child liked it very much and strongly requested to stay longer. The only regret is that the room was full on the second day, I will come again next time!

## Hotel response
尊敬的客人:非常感謝您選擇澳門銀河酒店, 很榮幸有您入住我們酒店及對酒店的生日安排和備品都感到滿意及驚喜。 我們定必繼續努力, 力求為每位客人在特別的日子內有難忘的回憶，再次祝您的寶寶生日快樂！ 期待您下次到訪澳門時繼續選擇入住銀河酒店！此致,銀河酒店",https://www.trip.com/hotels/macau-hotel-detail-344983/galaxy-hotel/
1102193365,344983,Galaxy Hotel,trip,2024-05-01T08:36:40,2024-04,Olga.B,1,Rising review star,False,,Family,Deluxe City King,ru,5,Outstanding,Cleanliness: 5.0; Location: 5.0; Service: 5.0; Facilities: 5.0,"Понравилось абсолютно всё , отдыхали с 2мя детьми 8 и 11 лет . Купались два дня . Детская комната уже для этого возраста не интересна. Номер супер, комплименты разные в номере, персонал очень внимателен . Территория большая и красивая . У бассейна крема для загара для детей и взрослых, разная безлимитная вода и детох и освежающий напиток , термальная вода . Угощают то мороженным, то десертами . Единственное что дополнила бы , так это завтрак - два вида на выбор - Американский и китайский ( сеты которые собираешь , или или ) , дети не едят ни одно ни другое. Да и взрослым если один раз кушать , то хорошо , а на второй день уже не хочется. И хотелось бы вечером или днём для детей мастер класс или какое-то творческое мероприятие , хотя бы один раз, но это уже мелочи . А так - все супер . Обязательно вернемся , чего стоит потрясающий гель для душа и шампунь Bvlgari, аромат сказочный 👍🏼 да, и еще на территории есть три джакузи с горячей водой, бассейн с искусственной волной большой и для малышей бассейн с разными интересными штучками и игровая для детей до лет 6 супер 👍🏼","I liked absolutely everything, we vacationed with 2 children, 8 and 11 years old. We swam for two days. The children's room is no longer interesting for this age. The room is super, there are various compliments in the room, the staff is very attentive. The area is large and beautiful. By the pool, sunscreen for children and adults, various unlimited water and children and a refreshing drink, thermal water. They offer ice cream and desserts. The only thing I would add is breakfast - two types to choose from - American and Chinese (sets that you collect, either or), the children do not eat one or the other. Yes, and for adults, if you eat it once, it’s good, but on the second day you don’t want it anymore. And I would like to have a master class or some kind of creative event for children in the evening or during the day, at least once, but these are trifles. And so - everything is super. We will definitely come back, what is the amazing Bvlgari shower gel and shampoo worth, the aroma is fabulous 👍🏼 yes, and on the territory there are three Jacuzzis with hot water, a large pool with an artificial wave and a pool for kids with various interesting things and a playroom for children under 6 years old super 👍🏼",True,True,0,10,False,"Dear Valued Guest:Thank you for choosing Galaxy Hotel for your visit. I am sorry to hear that breakfast offering did not meet your expectations.Rest assured that your review has been shared to our Food & Beverage management team for further improvement and strategy planning on food varieties and set menu in future.  We hope that those will not reflected on the overall image of Galaxy Macau and have the pleasure of serving you again in the nearest future.Best Regards,Galaxy Hotel",2024-05-02T00:00:00,"# Galaxy Hotel review (Trip.com)

**Rating:** 5.0/5 ★★★★★
**Travel type:** Family

## Review
Понравилось абсолютно всё , отдыхали с 2мя детьми 8 и 11 лет . Купались два дня . Детская комната уже для этого возраста не интересна. Номер супер, комплименты разные в номере, персонал очень внимателен . Территория большая и красивая . У бассейна крема для загара для детей и взрослых, разная безлимитная вода и детох и освежающий напиток , термальная вода . Угощают то мороженным, то десертами . Единственное что дополнила бы , так это завтрак - два вида на выбор - Американский и китайский ( сеты которые собираешь , или или ) , дети не едят ни одно ни другое. Да и взрослым если один раз кушать , то хорошо , а на второй день уже не хочется. И хотелось бы вечером или днём для детей мастер класс или какое-то творческое мероприятие , хотя бы один раз, но это уже мелочи . А так - все супер . Обязательно вернемся , чего стоит потрясающий гель для душа и шампунь Bvlgari, аромат сказочный 👍🏼 да, и еще на территории есть три джакузи с горячей водой, бассейн с искусственной волной большой и для малышей бассейн с разными интересными штучками и игровая для детей до лет 6 супер 👍🏼

## Translation
I liked absolutely everything, we vacationed with 2 children, 8 and 11 years old. We swam for two days. The children's room is no longer interesting for this age. The room is super, there are various compliments in the room, the staff is very attentive. The area is large and beautiful. By the pool, sunscreen for children and adults, various unlimited water and children and a refreshing drink, thermal water. They offer ice cream and desserts. The only thing I would add is breakfast - two types to choose from - American and Chinese (sets that you collect, either or), the children do not eat one or the other. Yes, and for adults, if you eat it once, it’s good, but on the second day you don’t want it anymore. And I would like to have a master class or some kind of creative event for children in the evening or during the day, at least once, but these are trifles. And so - everything is super. We will definitely come back, what is the amazing Bvlgari shower gel and shampoo worth, the aroma is fabulous 👍🏼 yes, and on the territory there are three Jacuzzis with hot water, a large pool with an artificial wave and a pool for kids with various interesting things and a playroom for children under 6 years old super 👍🏼

## Hotel response
Dear Valued Guest:Thank you for choosing Galaxy Hotel for your visit. I am sorry to hear that breakfast offering did not meet your expectations.Rest assured that your review has been shared to our Food & Beverage management team for further improvement and strategy planning on food varieties and set menu in future.  We hope that those will not reflected on the overall image of Galaxy Macau and have the pleasure of serving you again in the nearest future.Best Regards,Galaxy Hotel",https://www.trip.com/hotels/macau-hotel-detail-344983/galaxy-hotel/
1110719371,344983,Galaxy Hotel,trip,2024-05-09T10:06:27,2024-05,SMART Sam,8,Review Specialist,False,,Family,Deluxe City King,zh,5,Outstanding,Cleanliness: 5.0; Location: 5.0; Service: 5.0; Facilities: 5.0,房間很好，服務超讚，天浪淘園很適合小朋友，兩個孩子玩的不亦樂乎。想吐槽攜程平台的價格太貴了，是別的平台翻倍，不知道為什麼這樣針對我這個在攜程消費了七位數，黑鑽V7的會員。,"The room is very good, the service is great, Tianlang Taoyuan is very suitable for children, the two children had a lot of fun. I want to complain that the price of Ctrip platform is too expensive, which is twice that of other platforms. I don’t know why they target me, a member of Black Diamond V7 who spent seven figures on Ctrip.",True,True,23,6,False,尊敬的客人:感謝您對我們的正面評價。 我們很高興聽到您在酒店有很棒的體驗並享受在天浪淘園的玩耍時光。但同時很遺憾聽到房價的問題，請知悉這是第三方平台，如閣下有任何疑問或查詢，歡迎來信澳門銀河網站，再次感謝您的評論成就我們的動力！ 我們希望在不久的將來再次為您們服務。此致銀河酒店,2024-05-11T00:00:00,"# Galaxy Hotel review (Trip.com)

**Rating:** 5.0/5 ★★★★★
**Travel type:** Family

## Review
房間很好，服務超讚，天浪淘園很適合小朋友，兩個孩子玩的不亦樂乎。想吐槽攜程平台的價格太貴了，是別的平台翻倍，不知道為什麼這樣針對我這個在攜程消費了七位數，黑鑽V7的會員。

## Translation
The room is very good, the service is great, Tianlang Taoyuan is very suitable for children, the two children had a lot of fun. I want to complain that the price of Ctrip platform is too expensive, which is twice that of other platforms. I don’t know why they target me, a member of Black Diamond V7 who spent seven figures on Ctrip.

## Hotel response
尊敬的客人:感謝您對我們的正面評價。 我們很高興聽到您在酒店有很棒的體驗並享受在天浪淘園的玩耍時光。但同時很遺憾聽到房價的問題，請知悉這是第三方平台，如閣下有任何疑問或查詢，歡迎來信澳門銀河網站，再次感謝您的評論成就我們的動力！ 我們希望在不久的將來再次為您們服務。此致銀河酒店",https://www.trip.com/hotels/macau-hotel-detail-344983/galaxy-hotel/
1102132809,344983,Galaxy Hotel,trip,2024-04-30T23:35:00,2024-04,,9,Review Specialist,True,,Family,Deluxe City King,zh,5,Outstanding,Cleanliness: 5.0; Location: 5.0; Service: 5.0; Facilities: 5.0,"作為親子酒店真的無可挑剔，天浪淘園➕童樂坊太適合孩子了。帳篷，床圍欄都有～接駁車去機場，去口岸的都有！

前台小姐姐主動幫忙延遲退房到13:00，主動給了很多水！👍服務意識一流，菲律賓小哥也很親切！

期待下一次的入住～","As a parent-child hotel, it is really impeccable. Tianlang Taoyuan + Tonglefang is very suitable for children. There are tents and bed fences~ Shuttle buses to the airport and the port are available!

The front desk lady took the initiative to help delay check-out to 13:00 and gave a lot of water! 👍The service awareness is first-class, and the Filipino brother is also very kind!

Looking forward to the next stay~",True,True,1,10,False,尊敬的客人:感謝您選擇入住澳門銀河酒店 ，很高興聽到您與小朋友入住愉快並享受在天浪淘園和童樂坊的玩耍時光。我們致力保持提供予不同年齡層的客人用品和提供的服務設施達到五星級超凡的水平，希望在不久的將來能夠再次為您服務。 此致 銀河酒店,2024-05-02T00:00:00,"# Galaxy Hotel review (Trip.com)

**Rating:** 5.0/5 ★★★★★
**Travel type:** Family

## Review
作為親子酒店真的無可挑剔，天浪淘園➕童樂坊太適合孩子了。帳篷，床圍欄都有～接駁車去機場，去口岸的都有！

前台小姐姐主動幫忙延遲退房到13:00，主動給了很多水！👍服務意識一流，菲律賓小哥也很親切！

期待下一次的入住～

## Translation
As a parent-child hotel, it is really impeccable. Tianlang Taoyuan + Tonglefang is very suitable for children. There are tents and bed fences~ Shuttle buses to the airport and the port are available!

The front desk lady took the initiative to help delay check-out to 13:00 and gave a lot of water! 👍The service awareness is first-class, and the Filipino brother is also very kind!

Looking forward to the next stay~

## Hotel response
尊敬的客人:感謝您選擇入住澳門銀河酒店 ，很高興聽到您與小朋友入住愉快並享受在天浪淘園和童樂坊的玩耍時光。我們致力保持提供予不同年齡層的客人用品和提供的服務設施達到五星級超凡的水平，希望在不久的將來能夠再次為您服務。 此致 銀河酒店",https://www.trip.com/hotels/macau-hotel-detail-344983/galaxy-hotel/
1081726704,344983,Galaxy Hotel,trip,2024-04-06T17:49:40,2024-04,,4,Rising review star,True,,Family,Deluxe City Twin,zh,5,Outstanding,Cleanliness: 5.0; Location: 5.0; Service: 5.0; Facilities: 5.0,"親子酒店推介！

酒店提供小型帳幕、兒童用品和小禮物給小朋友，很窩心🩷
玩水游水設施一流👍🏻大人小朋友都玩得很盡興。

交通方面，終於有港珠澳大橋shuttle bus🚍","Family hotel recommendation!

The hotel provides small tents, children's supplies and small gifts for children, which is very cozy🩷
The water play and swimming facilities are first-class👍🏻Both adults and children had a great time.

In terms of transportation, we finally have the Hong Kong-Zhuhai-Macao Bridge shuttle bus🚍",True,True,0,6,False,尊敬的客人:感謝您選擇入住澳門銀河酒店，很高興聽到您與小朋友入住愉快及對我們提供的兒童備品感到滿意，我們致力保持提供予不同年齡層的客人用品和提供的服務設施達到五星級超凡的水平 ，希望在不久的將來能夠再次為您服務。此致銀河酒店,2024-04-07T00:00:00,"# Galaxy Hotel review (Trip.com)

**Rating:** 5.0/5 ★★★★★
**Travel type:** Family

## Review
親子酒店推介！

酒店提供小型帳幕、兒童用品和小禮物給小朋友，很窩心🩷
玩水游水設施一流👍🏻大人小朋友都玩得很盡興。

交通方面，終於有港珠澳大橋shuttle bus🚍

## Translation
Family hotel recommendation!

The hotel provides small tents, children's supplies and small gifts for children, which is very cozy🩷
The water play and swimming facilities are first-class👍🏻Both adults and children had a great time.

In terms of transportation, we finally have the Hong Kong-Zhuhai-Macao Bridge shuttle bus🚍

## Hotel response
尊敬的客人:感謝您選擇入住澳門銀河酒店，很高興聽到您與小朋友入住愉快及對我們提供的兒童備品感到滿意，我們致力保持提供予不同年齡層的客人用品和提供的服務設施達到五星級超凡的水平 ，希望在不久的將來能夠再次為您服務。此致銀河酒店",https://www.trip.com/hotels/macau-hotel-detail-344983/galaxy-hotel/
1079745768,344983,Galaxy Hotel,trip,2024-04-04T14:42:30,2024-04,中港澳酒店分析員,9,Review Specialist,False,,Family,Deluxe City King,zh,5,Outstanding,Cleanliness: 5.0; Location: 5.0; Service: 5.0; Facilities: 5.0,銀河一直是我首選，由出閘坐免費巴士到入門口checkin，都給客人有賓至如歸的感覺。房間開揚，衛生企理，布置生日花心思，每個服務員面帶笑容.友善，不愧為親子酒店第一位，下次再帶家人來及介紹親友，thx all。,"Galaxy Hotel has always been my first choice. From taking the free bus out of the gate to checking in at the entrance, guests feel at home. The room is spacious, clean and tidy, birthday flowers are arranged with care, and every waiter is smiling and friendly. It deserves to be the first family hotel. I will bring my family here next time and introduce relatives and friends, thx all.",True,True,0,7,False,"尊敬的客人:非常感謝您選擇澳門銀河酒店, 很榮幸有您入住我們酒店及對酒店的生日安排感到滿意及驚喜。 我們定必繼續努力, 力求為每位客人在特別的日子內有難忘的回憶，再次祝您生日快樂！ 為每一位賓客提供優質的服務是我們每一位員工的一致目標。 我們非常期待您的再次光臨！此致,銀河酒店",2024-04-04T00:00:00,"# Galaxy Hotel review (Trip.com)

**Rating:** 5.0/5 ★★★★★
**Travel type:** Family

## Review
銀河一直是我首選，由出閘坐免費巴士到入門口checkin，都給客人有賓至如歸的感覺。房間開揚，衛生企理，布置生日花心思，每個服務員面帶笑容.友善，不愧為親子酒店第一位，下次再帶家人來及介紹親友，thx all。

## Translation
Galaxy Hotel has always been my first choice. From taking the free bus out of the gate to checking in at the entrance, guests feel at home. The room is spacious, clean and tidy, birthday flowers are arranged with care, and every waiter is smiling and friendly. It deserves to be the first family hotel. I will bring my family here next time and introduce relatives and friends, thx all.

## Hotel response
尊敬的客人:非常感謝您選擇澳門銀河酒店, 很榮幸有您入住我們酒店及對酒店的生日安排感到滿意及驚喜。 我們定必繼續努力, 力求為每位客人在特別的日子內有難忘的回憶，再次祝您生日快樂！ 為每一位賓客提供優質的服務是我們每一位員工的一致目標。 我們非常期待您的再次光臨！此致,銀河酒店",https://www.trip.com/hotels/macau-hotel-detail-344983/galaxy-hotel/
1079941137,344983,Galaxy Hotel,trip,2024-04-04T20:00:45,2024-04,즐거운무지개,5,Review Specialist,False,,Family,Deluxe Resort Twin,ko,5,Outstanding,Cleanliness: 5.0; Location: 5.0; Service: 5.0; Facilities: 5.0,"별 500개드리고싶어요! 직원들
친절하고, 수영장도 너무너무좋아요!! 집에가기싫으네요😥
호텔이 깨끗하고 한곳한곳 넘 예뻐요.","I want to give it 500 stars! workers
They are very friendly and the swimming pool is really nice!! I don't want to go home😥
The hotel is clean and every place is very pretty.",True,True,0,2,False,"Dear Valued Guest,Thank you for your positive review for us. We are happy to hear that you had a great experience at the hotel and enjoyed your time with your family at Grand Resort Deck. Your comments motivate us to do even better! We hope to serve you again in the near future.Best Regards,Galaxy Hotel",2024-04-05T00:00:00,"# Galaxy Hotel review (Trip.com)

**Rating:** 5.0/5 ★★★★★
**Travel type:** Family

## Review
별 500개드리고싶어요! 직원들
친절하고, 수영장도 너무너무좋아요!! 집에가기싫으네요😥
호텔이 깨끗하고 한곳한곳 넘 예뻐요.

## Translation
I want to give it 500 stars! workers
They are very friendly and the swimming pool is really nice!! I don't want to go home😥
The hotel is clean and every place is very pretty.

## Hotel response
Dear Valued Guest,Thank you for your positive review for us. We are happy to hear that you had a great experience at the hotel and enjoyed your time with your family at Grand Resort Deck. Your comments motivate us to do even better! We hope to serve you again in the near future.Best Regards,Galaxy Hotel",https://www.trip.com/hotels/macau-hotel-detail-344983/galaxy-hotel/
1079838775,344983,Galaxy Hotel,trip,2024-04-04T16:35:02,2024-03,sugar199111,3,Rising review star,False,,Family,Deluxe City King,zh,5,Outstanding,Cleanliness: 5.0; Location: 5.0; Service: 5.0; Facilities: 5.0,非常滿意的一次住宿 看我們帶小朋友去立馬給小朋友拿紀念品畫板 也幫我們把行李送到屋子 告訴我們東西都怎麼使用 去之前發郵件説結婚紀念日帶小朋友去 想要床圍欄和小帳篷也給安排啦 還給我們送小蛋糕了 可惜去的時候正好趕上天浪淘園沒開 我們退房第二天才開 下次有機會還會去的 去玩天浪淘園！對了 退房當天小朋友發燒剛退燒 也同意我們延遲退房到兩點 真的很感謝 總之以後還會去的嘻嘻,"A very satisfying stay. Seeing that we brought children, they immediately gave them souvenir drawing boards. They also helped us deliver our luggage to the room and told us how to use everything. Before we went, we sent an email saying that we would bring children for our wedding anniversary. We also arranged the bed fence and small tent we wanted. They also sent us a small cake. Unfortunately, when we went, Tianlang Taoyuan was not open. We checked out and it opened the next day. I will go there again next time if I have the chance. Go to Tianlang Taoyuan! By the way, the child had a fever and just subsided on the day of check-out, and they also agreed to let us delay the check-out until 2 o'clock. Thank you very much. Anyway, I will go there again in the future.",True,True,0,4,False,尊敬的客人:感謝您選擇入住澳門銀河酒店，很高興聽到您與小朋友入住愉快及對我們提供的小童備品感到滿意，我們致力保持提供予不同年齡層的客人用品和提供的服務設施達到五星級超凡 的水平。 再次祝您結婚紀念日快樂！ 期待您下次到訪澳門時繼續選擇入住銀河酒店！此致銀河酒店,2024-04-04T00:00:00,"# Galaxy Hotel review (Trip.com)

**Rating:** 5.0/5 ★★★★★
**Travel type:** Family

## Review
非常滿意的一次住宿 看我們帶小朋友去立馬給小朋友拿紀念品畫板 也幫我們把行李送到屋子 告訴我們東西都怎麼使用 去之前發郵件説結婚紀念日帶小朋友去 想要床圍欄和小帳篷也給安排啦 還給我們送小蛋糕了 可惜去的時候正好趕上天浪淘園沒開 我們退房第二天才開 下次有機會還會去的 去玩天浪淘園！對了 退房當天小朋友發燒剛退燒 也同意我們延遲退房到兩點 真的很感謝 總之以後還會去的嘻嘻

## Translation
A very satisfying stay. Seeing that we brought children, they immediately gave them souvenir drawing boards. They also helped us deliver our luggage to the room and told us how to use everything. Before we went, we sent an email saying that we would bring children for our wedding anniversary. We also arranged the bed fence and small tent we wanted. They also sent us a small cake. Unfortunately, when we went, Tianlang Taoyuan was not open. We checked out and it opened the next day. I will go there again next time if I have the chance. Go to Tianlang Taoyuan! By the way, the child had a fever and just subsided on the day of check-out, and they also agreed to let us delay the check-out until 2 o'clock. Thank you very much. Anyway, I will go there again in the future.

## Hotel response
尊敬的客人:感謝您選擇入住澳門銀河酒店，很高興聽到您與小朋友入住愉快及對我們提供的小童備品感到滿意，我們致力保持提供予不同年齡層的客人用品和提供的服務設施達到五星級超凡 的水平。 再次祝您結婚紀念日快樂！ 期待您下次到訪澳門時繼續選擇入住銀河酒店！此致銀河酒店",https://www.trip.com/hotels/macau-hotel-detail-344983/galaxy-hotel/
1069073235,344983,Galaxy Hotel,trip,2024-03-21T21:48:51,2024-03,,7,Review Specialist,True,,Family,Deluxe City King,ko,5,Outstanding,Cleanliness: 5.0; Location: 5.0; Service: 5.0; Facilities: 5.0,"마카오 호텔은 다 좋아보였는데…. 진짜 갤럭시 좋습니다👍🏻👍🏻
화장실은 물론 방 공간이 너무 넓었고… 복도도 엄청 길어욯ㅎ
서비스는 당연 좋습니다.. 너무 친절합니다..! 
집에 가기가 싫었어요ㅠㅠㅠㅜㅜㅜ또 가고 싶습니다","All Macau hotels looked good… . I really like Galaxy👍🏻👍🏻
The bathroom as well as the room space were very spacious... The hallway is also very long.
The service is of course good.. so friendly..!
I didn't want to go homeㅠㅠㅠㅜㅜㅜI want to go again",True,True,0,5,False,"Dear Valued Guest, Thank you for sharing your positive review with us. We're so happy to hear you had a great experience at Galaxy Hotel and satisfied with our facilities and service. Your review made our day! We hope to see you again in the nearest future. Best Regards,Galaxy Hotel",2024-03-22T00:00:00,"# Galaxy Hotel review (Trip.com)

**Rating:** 5.0/5 ★★★★★
**Travel type:** Family

## Review
마카오 호텔은 다 좋아보였는데…. 진짜 갤럭시 좋습니다👍🏻👍🏻
화장실은 물론 방 공간이 너무 넓었고… 복도도 엄청 길어욯ㅎ
서비스는 당연 좋습니다.. 너무 친절합니다..! 
집에 가기가 싫었어요ㅠㅠㅠㅜㅜㅜ또 가고 싶습니다

## Translation
All Macau hotels looked good… . I really like Galaxy👍🏻👍🏻
The bathroom as well as the room space were very spacious... The hallway is also very long.
The service is of course good.. so friendly..!
I didn't want to go homeㅠㅠㅠㅜㅜㅜI want to go again

## Hotel response
Dear Valued Guest, Thank you for sharing your positive review with us. We're so happy to hear you had a great experience at Galaxy Hotel and satisfied with our facilities and service. Your review made our day! We hope to see you again in the nearest future. Best Regards,Galaxy Hotel",https://www.trip.com/hotels/macau-hotel-detail-344983/galaxy-hotel/
1253283221,344983,Galaxy Hotel,trip,2024-09-08T22:21:18,2024-09,,13,Review Specialist,True,,Family,Deluxe City King,zh,5,Outstanding,Cleanliness: 5.0; Location: 5.0; Service: 5.0; Facilities: 5.0,挺好的，！,"fine,!",True,True,0,1,False,尊敬的客人:感謝您對澳門銀河的正面回饋，很高興看到您在我們這裡度過了愉快的時光。很榮幸有您選擇銀河酒店，我們希望很快能再為您服務。此致銀河酒店,2024-09-09T00:00:00,"# Galaxy Hotel review (Trip.com)

**Rating:** 5.0/5 ★★★★★
**Travel type:** Family

## Review
挺好的，！

## Translation
fine,!

## Hotel response
尊敬的客人:感謝您對澳門銀河的正面回饋，很高興看到您在我們這裡度過了愉快的時光。很榮幸有您選擇銀河酒店，我們希望很快能再為您服務。此致銀河酒店",https://www.trip.com/hotels/macau-hotel-detail-344983/galaxy-hotel/
1054589327,344983,Galaxy Hotel,trip,2024-03-02T15:39:53,2024-02,,13,Review Specialist,True,,Family,Deluxe City King,zh,5,Outstanding,Cleanliness: 5.0; Location: 5.0; Service: 5.0; Facilities: 5.0,之前聽朋友説銀河很不錯，結果入住發現太驚喜了，對小朋友太友好了，一到房間服務人員就過來給我們現場搭帳篷，而且還贈送巧克力，到恆温泳池旁服務人員就送上熱茶和小餅乾，還有堅果等小吃，游完可以到旁邊的38度温泉池泡一會，酒店衞生更是好的沒話説，服務員幫我整理的東西特別整齊，樓下餐飲也很多，吃飯很方便，我兒子連着吃了兩天的翠華里麪的菠蘿油和雞翅，特別推薦，下次來了還會住銀河酒店太棒了！還有一個很大的小童樂園我們都沒時間過去玩，真的非常適合親子游！,"I heard from friends that the Galaxy is very good, but when I checked in, I was pleasantly surprised. It is so friendly to children. As soon as we arrived in the room, the service staff came to set up a tent for us on site, and also gave us chocolates. When we arrived at the constant-temperature swimming pool, the service staff gave us hot tea. Cookies, nuts and other snacks. After swimming, you can go to the 38-degree hot spring pool next to it for a while. The hotel's hygiene is even better. The waiter helped me organize my things very neatly. There are also many restaurants downstairs, so eating is very convenient. Convenient, my son ate the pineapple oil and chicken wings from Cuihua for two days in a row. I highly recommend it. I will stay at the Galaxy Hotel next time I come. It’s great! There is also a large children's playground that we didn't even have time to play in. It's really suitable for parent-child travel!",True,True,3,10,False,尊敬的客人:感謝您選擇入住澳門銀河酒店，很高興聽到您與小朋友入住愉快及對我們提供的小童備品感到滿意，我們致力保持提供予不同年齡層的客人用品和提供的服務設施達到五星級超凡的水平 ，並且，在銀河酒店的二樓設有「童樂坊」，定期會有不一樣的活動推出，希望在不久的將來能夠再次為您服務及能享用其他不同的設施。此致銀河酒店,2024-03-03T00:00:00,"# Galaxy Hotel review (Trip.com)

**Rating:** 5.0/5 ★★★★★
**Travel type:** Family

## Review
之前聽朋友説銀河很不錯，結果入住發現太驚喜了，對小朋友太友好了，一到房間服務人員就過來給我們現場搭帳篷，而且還贈送巧克力，到恆温泳池旁服務人員就送上熱茶和小餅乾，還有堅果等小吃，游完可以到旁邊的38度温泉池泡一會，酒店衞生更是好的沒話説，服務員幫我整理的東西特別整齊，樓下餐飲也很多，吃飯很方便，我兒子連着吃了兩天的翠華里麪的菠蘿油和雞翅，特別推薦，下次來了還會住銀河酒店太棒了！還有一個很大的小童樂園我們都沒時間過去玩，真的非常適合親子游！

## Translation
I heard from friends that the Galaxy is very good, but when I checked in, I was pleasantly surprised. It is so friendly to children. As soon as we arrived in the room, the service staff came to set up a tent for us on site, and also gave us chocolates. When we arrived at the constant-temperature swimming pool, the service staff gave us hot tea. Cookies, nuts and other snacks. After swimming, you can go to the 38-degree hot spring pool next to it for a while. The hotel's hygiene is even better. The waiter helped me organize my things very neatly. There are also many restaurants downstairs, so eating is very convenient. Convenient, my son ate the pineapple oil and chicken wings from Cuihua for two days in a row. I highly recommend it. I will stay at the Galaxy Hotel next time I come. It’s great! There is also a large children's playground that we didn't even have time to play in. It's really suitable for parent-child travel!

## Hotel response
尊敬的客人:感謝您選擇入住澳門銀河酒店，很高興聽到您與小朋友入住愉快及對我們提供的小童備品感到滿意，我們致力保持提供予不同年齡層的客人用品和提供的服務設施達到五星級超凡的水平 ，並且，在銀河酒店的二樓設有「童樂坊」，定期會有不一樣的活動推出，希望在不久的將來能夠再次為您服務及能享用其他不同的設施。此致銀河酒店",https://www.trip.com/hotels/macau-hotel-detail-344983/galaxy-hotel/
1097749773,344983,Galaxy Hotel,trip,2024-04-25T15:28:07,2024-02,,5,Review Specialist,True,,Family,Deluxe City King,zh,5,Outstanding,Cleanliness: 5.0; Location: 5.0; Service: 5.0; Facilities: 5.0,"什麼都好！設施、吃的、用的，都好！
唯一一點要吐槽的就是辦理入住時間要等太久！！！！！！！説下午三點以後可以辦理，我們到酒店就三點多了，三個房間，最快的一間也是快六點才入住上！最晚的那間，我們吃完晚飯快八點了才住進去！我就想知道，你們延遲退房要收錢的啊！那影響我們後續入住的人，也沒退給我們半天的房費啊！！！","Everything is good! Facilities, food, and things to use are all good!
The only thing I want to complain about is that it takes too long to check in! ! ! ! ! ! ! They said we could check in after 3pm, but we arrived at the hotel at 3pm. Of the three rooms, the fastest one was not available until almost 6pm! We checked into the latest one at almost 8pm after dinner! I just want to know, do you charge for late check-out? Those who affected our subsequent check-in didn't get half a day's room fee back! ! !",True,True,7,14,False,"尊敬的客人: 非常感謝您的寶貴反饋和意見。很榮幸能有您選擇了銀河酒店並您的整體入住體驗都感到滿意。然而，非常抱歉您在辦理入住時遇到等待時間過長的問題。請接受我們最誠摯的道歉。請放心，我們已將您的意見轉達予相關管理層去並重新審視營運狀況，就營運需要加派人手，我們會進一步優化流程，儘量避免下一次同樣事情的發生。再次感謝您對我們的指正，讓我們能夠做得更好。 期待着 閣下在下次到訪澳門銀河時，能夠彌補此次不足之處及看到我們的改進。 此致, 銀河酒店",2024-04-26T00:00:00,"# Galaxy Hotel review (Trip.com)

**Rating:** 5.0/5 ★★★★★
**Travel type:** Family

## Review
什麼都好！設施、吃的、用的，都好！
唯一一點要吐槽的就是辦理入住時間要等太久！！！！！！！説下午三點以後可以辦理，我們到酒店就三點多了，三個房間，最快的一間也是快六點才入住上！最晚的那間，我們吃完晚飯快八點了才住進去！我就想知道，你們延遲退房要收錢的啊！那影響我們後續入住的人，也沒退給我們半天的房費啊！！！

## Translation
Everything is good! Facilities, food, and things to use are all good!
The only thing I want to complain about is that it takes too long to check in! ! ! ! ! ! ! They said we could check in after 3pm, but we arrived at the hotel at 3pm. Of the three rooms, the fastest one was not available until almost 6pm! We checked into the latest one at almost 8pm after dinner! I just want to know, do you charge for late check-out? Those who affected our subsequent check-in didn't get half a day's room fee back! ! !

## Hotel response
尊敬的客人: 非常感謝您的寶貴反饋和意見。很榮幸能有您選擇了銀河酒店並您的整體入住體驗都感到滿意。然而，非常抱歉您在辦理入住時遇到等待時間過長的問題。請接受我們最誠摯的道歉。請放心，我們已將您的意見轉達予相關管理層去並重新審視營運狀況，就營運需要加派人手，我們會進一步優化流程，儘量避免下一次同樣事情的發生。再次感謝您對我們的指正，讓我們能夠做得更好。 期待着 閣下在下次到訪澳門銀河時，能夠彌補此次不足之處及看到我們的改進。 此致, 銀河酒店",https://www.trip.com/hotels/macau-hotel-detail-344983/galaxy-hotel/
1030560591,344983,Galaxy Hotel,trip,2024-01-30T14:31:51,2024-01,,21,Review Specialist,True,,Family,Deluxe City Twin,zh,5,Outstanding,Cleanliness: 5.0; Location: 5.0; Service: 5.0; Facilities: 5.0,"孩子和外婆第一次入住銀河酒店。銀河酒店的服務值得五星👍🏻。不僅給孩子送了歡迎禮物，在房間裏也放了各種吃的喝的和專屬小童用品。我在訂單上添加人名後，攜程幫忙和酒店前台溝通好，辦理入住超快[強]。大堂很多餐廳選擇。

房間乾淨整潔也很新，一切用品都非常好。雖然不是花園內景，但是也是城市景觀。輕軌站就在酒店門口，去坐最貴的🚈非常方便。氹仔這一帶的夜景非常好看，就是金碧輝煌。走過天橋就到了官也街，買手信非常方便。

晚上外婆訂了一份西式早餐，早上還有專人上來擺盤，食品看起來不多，但是兩個人也足夠吃飽。兒子吃的好開心，對銀河的印象太好了。以後有機會會再來，如果有特價房間就好了。

Ps，橫琴過關很快[嘿哈]。因為**車不多，所以出關後打個🚖直接到酒店這邊，55mop搞定。如果不去大三巴那邊，肯定要在橫琴過關好，比擠拱北好多了。

整個酒店體驗，五星棒！","The children and grandma stayed at the Galaxy Hotel for the first time. The service at Galaxy Hotel deserves five stars👍🏻. Not only did they give welcome gifts to the children, but they also placed various food, drinks and exclusive children's products in the room. After I added my name to the order, Ctrip helped communicate with the hotel front desk and the check-in was super fast [strong]. There are many restaurant options in the lobby.

The room is clean, tidy and new, and all the supplies are very good. Although it is not a garden interior, it is also a city view. The light rail station is right in front of the hotel. It is very convenient to take the most expensive train. The night view in Taipa is very beautiful, it is magnificent. After walking over the overpass, you will arrive at Guanye Street, which is very convenient for buying souvenirs.

Grandma ordered a Western breakfast in the evening, and someone came to arrange it in the morning. The food didn't look like much, but it was enough for two people. My son enjoyed the meal very happily and had a great impression of the Milky Way. I will come again if I have the opportunity. It would be great if there are special rooms.

Ps, Hengqin passed the customs very quickly [haha]. Because there are not many buses, we took a taxi after leaving customs and went directly to the hotel for 55mop. If you don't go to Ruins of St. Paul's, you must pass the customs in Hengqin, which is much better than trying to squeeze in Gongbei.

The entire hotel experience is five-star!",True,True,4,14,False,"""尊敬的客人:感謝您選擇入住澳門銀河酒店 ，很高興聽到您的外婆與小朋友入住愉快及對我們提供的小童用品感到滿意，我們致力保持提供予不同年齡層的客人用品和提供的服務設施達到五星級超凡的水平，希望在不久的將來能夠再次為您服務。此致銀河酒店",2024-01-31T00:00:00,"# Galaxy Hotel review (Trip.com)

**Rating:** 5.0/5 ★★★★★
**Travel type:** Family

## Review
孩子和外婆第一次入住銀河酒店。銀河酒店的服務值得五星👍🏻。不僅給孩子送了歡迎禮物，在房間裏也放了各種吃的喝的和專屬小童用品。我在訂單上添加人名後，攜程幫忙和酒店前台溝通好，辦理入住超快[強]。大堂很多餐廳選擇。

房間乾淨整潔也很新，一切用品都非常好。雖然不是花園內景，但是也是城市景觀。輕軌站就在酒店門口，去坐最貴的🚈非常方便。氹仔這一帶的夜景非常好看，就是金碧輝煌。走過天橋就到了官也街，買手信非常方便。

晚上外婆訂了一份西式早餐，早上還有專人上來擺盤，食品看起來不多，但是兩個人也足夠吃飽。兒子吃的好開心，對銀河的印象太好了。以後有機會會再來，如果有特價房間就好了。

Ps，橫琴過關很快[嘿哈]。因為**車不多，所以出關後打個🚖直接到酒店這邊，55mop搞定。如果不去大三巴那邊，肯定要在橫琴過關好，比擠拱北好多了。

整個酒店體驗，五星棒！

## Translation
The children and grandma stayed at the Galaxy Hotel for the first time. The service at Galaxy Hotel deserves five stars👍🏻. Not only did they give welcome gifts to the children, but they also placed various food, drinks and exclusive children's products in the room. After I added my name to the order, Ctrip helped communicate with the hotel front desk and the check-in was super fast [strong]. There are many restaurant options in the lobby.

The room is clean, tidy and new, and all the supplies are very good. Although it is not a garden interior, it is also a city view. The light rail station is right in front of the hotel. It is very convenient to take the most expensive train. The night view in Taipa is very beautiful, it is magnificent. After walking over the overpass, you will arrive at Guanye Street, which is very convenient for buying souvenirs.

Grandma ordered a Western breakfast in the evening, and someone came to arrange it in the morning. The food didn't look like much, but it was enough for two people. My son enjoyed the meal very happily and had a great impression of the Milky Way. I will come again if I have the opportunity. It would be great if there are special rooms.

Ps, Hengqin passed the customs very quickly [haha]. Because there are not many buses, we took a taxi after leaving customs and went directly to the hotel for 55mop. If you don't go to Ruins of St. Paul's, you must pass the customs in Hengqin, which is much better than trying to squeeze in Gongbei.

The entire hotel experience is five-star!

## Hotel response
""尊敬的客人:感謝您選擇入住澳門銀河酒店 ，很高興聽到您的外婆與小朋友入住愉快及對我們提供的小童用品感到滿意，我們致力保持提供予不同年齡層的客人用品和提供的服務設施達到五星級超凡的水平，希望在不久的將來能夠再次為您服務。此致銀河酒店",https://www.trip.com/hotels/macau-hotel-detail-344983/galaxy-hotel/
1051128899,344983,Galaxy Hotel,trip,2024-02-26T23:03:00,2024-02,Lixiaohan,6,Review Specialist,False,,Other,Deluxe City King,zh,5,Outstanding,Cleanliness: 5.0; Location: 5.0; Service: 5.0; Facilities: 5.0,房間非常完美，各種服務非常貼心到位，免費升級了景觀更好的房間，人在房間裏的時候完全沒有服務人員來打擾，然後出去了一兩個小時，回來發現房間被打掃過，用過的物品都補充了新的。衹住一晚的我被驚艷到了！,"The room was perfect, and all the services were very attentive. I upgraded to a room with a better view for free. There was no service staff to disturb me when I was in the room. Then I went out for an hour or two and came back to find that the room had been cleaned and used. The items have been added with new ones. I stayed for only one night and was amazed!",True,True,0,7,False,尊敬的客人:非常感謝您抽出時間反饋您的入住體驗。很高興看到我們的員工為您提供了優越的服務及對整體入住體驗都感到滿意。期待您下次到訪澳門時再次入住銀河酒店！此致銀河酒店,2024-02-27T00:00:00,"# Galaxy Hotel review (Trip.com)

**Rating:** 5.0/5 ★★★★★
**Travel type:** Other

## Review
房間非常完美，各種服務非常貼心到位，免費升級了景觀更好的房間，人在房間裏的時候完全沒有服務人員來打擾，然後出去了一兩個小時，回來發現房間被打掃過，用過的物品都補充了新的。衹住一晚的我被驚艷到了！

## Translation
The room was perfect, and all the services were very attentive. I upgraded to a room with a better view for free. There was no service staff to disturb me when I was in the room. Then I went out for an hour or two and came back to find that the room had been cleaned and used. The items have been added with new ones. I stayed for only one night and was amazed!

## Hotel response
尊敬的客人:非常感謝您抽出時間反饋您的入住體驗。很高興看到我們的員工為您提供了優越的服務及對整體入住體驗都感到滿意。期待您下次到訪澳門時再次入住銀河酒店！此致銀河酒店",https://www.trip.com/hotels/macau-hotel-detail-344983/galaxy-hotel/
1991741241,1286148,北京索菲特大酒店,ctrip,2026-06-20T20:59:35,2026-06,,11,点评达人,True,发布于北京,独自旅行,豪华家庭套房,CN,5,超棒,Cleanliness: 5.0; Location: 5.0; Service: 5.0; Facilities: 5.0,本次入住体验超满意，客房干净住着舒心！总机Golden耐心周到，Dream细心贴心，Julia温柔有礼，JoJo热情周到，Zagiri处事稳妥，Luna和善亲切，Rachel专业高效，全员服务暖心到位，入住倍感舒心，一定会再来！,,False,True,0,2,False,,,"# 北京索菲特大酒店 review (Ctrip)

**Rating:** 5.0/5 ★★★★★
**Travel type:** 独自旅行

## Review
本次入住体验超满意，客房干净住着舒心！总机Golden耐心周到，Dream细心贴心，Julia温柔有礼，JoJo热情周到，Zagiri处事稳妥，Luna和善亲切，Rachel专业高效，全员服务暖心到位，入住倍感舒心，一定会再来！",https://hotels.ctrip.com/hotels/1286148.html
1989893179,1286148,北京索菲特大酒店,ctrip,2026-06-19T12:43:25,2026-06,,1,点评新星,True,发布于北京,独自旅行,豪华大床房,CN,5,超棒,Cleanliness: 5.0; Location: 5.0; Service: 5.0; Facilities: 5.0,前台员工Destin服务真的超赞！抵达酒店时帮忙拎行李，讲解酒店配套设施，入住手续办理流畅不拖沓，说话温和有耐心，遇到小问题第一时间帮忙解决，待人真诚，凭借优质服务让这次住宿体验大大加分。,,False,True,0,3,False,尊敬的宾客您好，首先感谢您选择下塔北京索菲特大酒店并与我们分享您的入住体验，我会将您的认可与整个酒店服务团队一起分享，我们将继续努力，不断创造更优质的入住体验，再次感谢您对我们的高度评价，我们期待着在不久将来再次能为您服务，祝您生活愉快！,2026-06-19T00:00:00,"# 北京索菲特大酒店 review (Ctrip)

**Rating:** 5.0/5 ★★★★★
**Travel type:** 独自旅行

## Review
前台员工Destin服务真的超赞！抵达酒店时帮忙拎行李，讲解酒店配套设施，入住手续办理流畅不拖沓，说话温和有耐心，遇到小问题第一时间帮忙解决，待人真诚，凭借优质服务让这次住宿体验大大加分。

## Hotel response
尊敬的宾客您好，首先感谢您选择下塔北京索菲特大酒店并与我们分享您的入住体验，我会将您的认可与整个酒店服务团队一起分享，我们将继续努力，不断创造更优质的入住体验，再次感谢您对我们的高度评价，我们期待着在不久将来再次能为您服务，祝您生活愉快！",https://hotels.ctrip.com/hotels/1286148.html
1984833611,1286148,北京索菲特大酒店,ctrip,2026-06-15T01:21:59,2026-06,,22,点评达人,True,发布于北京,情侣出游,豪华大床房,CN,5,超棒,Cleanliness: 5.0; Location: 5.0; Service: 5.0; Facilities: 5.0,"非常不错，酒店在北京的核心区域 去国贸 王府井都很方便 离各个景点也不远 
酒店的浴缸非常有特色 圆形的 躺着很舒服
吃早餐的时候把眼镜盒落在餐厅里了，一回房间就有工作人员联系我，非常及时",,False,True,0,1,False,尊敬的宾客您好，首先感谢您选择下塔北京索菲特大酒店并与我们分享您的入住体验，我会将您的认可与整个酒店服务团队一起分享，我们将继续努力，不断创造更优质的入住体验，再次感谢您对我们的高度评价，我们期待着在不久将来再次能为您服务，祝您生活愉快！,2026-06-15T00:00:00,"# 北京索菲特大酒店 review (Ctrip)

**Rating:** 5.0/5 ★★★★★
**Travel type:** 情侣出游

## Review
非常不错，酒店在北京的核心区域 去国贸 王府井都很方便 离各个景点也不远 
酒店的浴缸非常有特色 圆形的 躺着很舒服
吃早餐的时候把眼镜盒落在餐厅里了，一回房间就有工作人员联系我，非常及时

## Hotel response
尊敬的宾客您好，首先感谢您选择下塔北京索菲特大酒店并与我们分享您的入住体验，我会将您的认可与整个酒店服务团队一起分享，我们将继续努力，不断创造更优质的入住体验，再次感谢您对我们的高度评价，我们期待着在不久将来再次能为您服务，祝您生活愉快！",https://hotels.ctrip.com/hotels/1286148.html
1980427019,1286148,北京索菲特大酒店,ctrip,2026-06-11T08:42:39,2026-05,,2,点评新星,True,发布于辽宁,家庭亲子,豪华大床房,CN,5,超棒,Cleanliness: 5.0; Location: 5.0; Service: 5.0; Facilities: 5.0,完美的体验，特此感谢前厅部leo经理的精心安排，一家人住的很好，玩完回来每天都睡得很香，太舒服了，还有接线员小姑娘的帮忙很及时，礼宾小伙子也很好，帮我们寄快递 还发我快递单号，真的很热情，下次一定还来,,False,True,0,3,False,尊敬的宾客您好，首先感谢您选择下塔北京索菲特大酒店并与我们分享您的入住体验，我会将您的认可与整个酒店服务团队一起分享，我们将继续努力，不断创造更优质的入住体验，再次感谢您对我们的高度评价，我们期待着在不久将来再次能为您服务，祝您生活愉快！,2026-06-11T00:00:00,"# 北京索菲特大酒店 review (Ctrip)

**Rating:** 5.0/5 ★★★★★
**Travel type:** 家庭亲子

## Review
完美的体验，特此感谢前厅部leo经理的精心安排，一家人住的很好，玩完回来每天都睡得很香，太舒服了，还有接线员小姑娘的帮忙很及时，礼宾小伙子也很好，帮我们寄快递 还发我快递单号，真的很热情，下次一定还来

## Hotel response
尊敬的宾客您好，首先感谢您选择下塔北京索菲特大酒店并与我们分享您的入住体验，我会将您的认可与整个酒店服务团队一起分享，我们将继续努力，不断创造更优质的入住体验，再次感谢您对我们的高度评价，我们期待着在不久将来再次能为您服务，祝您生活愉快！",https://hotels.ctrip.com/hotels/1286148.html
1954232949,1286148,北京索菲特大酒店,ctrip,2026-05-20T11:41:46,2026-05,乖乖的小宝贝,163,点评专家,False,发布于海南,家庭亲子,豪华双床房,CN,5,超棒,Cleanliness: 5.0; Location: 5.0; Service: 5.0; Facilities: 5.0,每年都来北京去一趟环球，前年偶然住到了索菲特，因为遇到问题添加了leo的微信，这两年过来都会提前联系他帮我们安排，今年也一样安排的很好，已经是北京必选，房间够大，一家人住不拥挤，唯一问题就是没有投屏不是很方便，其他都很好，地铁几分钟走路就能到！,,False,True,0,3,False,尊敬的宾客：您好！非常感谢您的入住与赞赏！很高兴能为您的出游带来美好的时光。您的赞赏给予酒店很大的鼓舞，也是我们进步的动力，我们会继续保持热忱，致力让每一位宾客享有宾至如归的入住感受，热切期待您的再次光临！欢迎您再回来体验，祝生活愉快,2026-05-20T00:00:00,"# 北京索菲特大酒店 review (Ctrip)

**Rating:** 5.0/5 ★★★★★
**Travel type:** 家庭亲子

## Review
每年都来北京去一趟环球，前年偶然住到了索菲特，因为遇到问题添加了leo的微信，这两年过来都会提前联系他帮我们安排，今年也一样安排的很好，已经是北京必选，房间够大，一家人住不拥挤，唯一问题就是没有投屏不是很方便，其他都很好，地铁几分钟走路就能到！

## Hotel response
尊敬的宾客：您好！非常感谢您的入住与赞赏！很高兴能为您的出游带来美好的时光。您的赞赏给予酒店很大的鼓舞，也是我们进步的动力，我们会继续保持热忱，致力让每一位宾客享有宾至如归的入住感受，热切期待您的再次光临！欢迎您再回来体验，祝生活愉快",https://hotels.ctrip.com/hotels/1286148.html
1951759877,1286148,北京索菲特大酒店,ctrip,2026-05-18T09:44:16,2026-05,,1,点评新星,True,发布于山西,家庭亲子,豪华双床房,CN,5,超棒,Cleanliness: 5.0; Location: 5.0; Service: 5.0; Facilities: 5.0,"跨越十七年，服务暖如初——致索菲特酒店的深情致谢
 
时光匆匆，岁月流转，有些美好遇见，即便时隔多年，依旧会在心底熠熠生辉；有些品牌温度，即便跨越漫长光阴，依旧能坚守初心、温暖如初。于我而言，索菲特这三个字，便是藏在岁月里、刻在记忆中，跨越十七年从未褪色的温柔与惊艳。
 
我是一名山西省省级机关的公务员，平日里工作严谨务实，出差履职亦是常态。可2009年11月的海南博鳌之行，入住博鳌索菲特酒店的那段经历，却成了我十几年人生里，最难以忘怀的旅居美好，至今回想起来，依旧满心温暖与赞叹。
 
彼时因公出差，我被安排入住海南博鳌索菲特酒店，踏入酒店的那一刻，便被极致的质感深深折服。酒店整体装潢富丽堂皇、大气恢弘，处处透着高端雅致的格调，各类硬件设施先进完备、贴心周全，尽显五星级酒店的不凡品质。酒店内部楼宇布局精巧，一条环形廊道蜿蜒舒展，我初到之时，沿着廊道慢慢踱步欣赏，竟足足走了二十分钟，都没能找到自己的房间，足见酒店规模之阔、布局之精致，也让我初次见识到它的大气与不凡。
 
酒店的绝佳区位，更是让人流连忘返。我的客房距离海边不过百余米，推窗便能望见无垠蓝海，入夜之后，枕着轻柔海风、伴着阵阵涛声入眠，白日工作的疲惫尽数消散，只剩满心的惬意与安然。酒店后方还坐拥三四十口特色药疗温泉池，每一眼温泉都以中药材命名，黄芪、枸杞、人参等滋养药材融入温泉水中，温润养身。结束一天的工作与餐食后，置身暖意融融的中药温泉里，看椰风海韵、享身心舒缓，那份闲适与治愈，是寻常旅居从未有过的体验。
 
最让我动容的，是酒店刻入骨子里的极致服务。入住期间，我无意间看到客房内的应急拉绳，便抱着试探的心态轻轻拉动，本以为只是应急摆设，没想到短短不到5分钟，酒店工作人员便迅速赶到，态度谦和、应答专业，全程耐心细致、毫无怨言。这一次小小的试探，让我真切感受到，索菲特的优质从不是表面排场，而是落实在每一处细节、每一秒响应里的责任与担当。
 
彼时的博鳌索菲特，无论是奢适的居住环境、得天独厚的区位优势，还是贴心入微的暖心服务，都完美契合了高端旅居的所有想象，也把“索菲特”三个字，深深烙进了我的记忆深处。可遗憾的是，后来这家承载我美好回忆的酒店，正式更名为博鳌亚洲论坛大酒店，再也不见“索菲特”的名号，那段极致美好的旅居体验，也成了我心底一段无法复刻的旧时光，每每想起，都满是惋惜。
 
本以为，这份十七年前的美好，终究只能留在回忆里。没想到，十七年之后，缘分竟再次悄然降临。
 
2026年，我带着家人一同前往北京游玩，面对市面上众多五星级酒店，我一时纠结难选。在众多品牌中，索菲特三个字蓦然映入眼帘，瞬间勾起了我深埋十七年的温暖记忆。心底既有怀念，也有期许：时隔十七年，当年的那份极致美好，还能复刻吗？抱着这份忐忑与期待，我毅然选择了北京索菲特酒店。
 
而事实证明，我的选择没有错，索菲特也从未辜负我的信任。
 
办理入住时，酒店话务员Luna贴心又热忱，得知我们是全家出行，主动为我们免费将普通房型升级为宽敞舒适的家庭套房，极大提升了全家的入住体验；考虑到我们携娃出行、行程不便，又特意为我们申请了退房时间顺延，免去了匆忙收拾、赶点退房的局促。没有刻意的客套，没有繁琐的流程，只是设身处地为客人着想，用实实在在的贴心举措，让我感受到了扑面而来的善意与暖意。
 
十七年光阴，足以改变很多事物，足以让很多记忆慢慢淡去，可索菲特的品牌匠心与服务初心，却从未有过半分改变。十七年前，博鳌海边，它用极致环境与迅捷服务，给我留下毕生难忘的出差回忆；十七年后，北京京城，它用贴心升级与暖心便利，让我重温了当年的那份感动与认可。
 
从海南博鳌到北京都城，从2009到2026，跨越十七载风雨，变的是时空距离、是旅居场景，不变的是索菲特始终如一的品牌品质、是镌刻在服务骨子里的真诚与专业。它不只是一家酒店品牌，更是一种值得信赖的品质承诺，是一份跨越时光依旧温暖的匠心坚守。
 
十七年岁月如梭，初心未改；十七载山海相隔，温暖依旧。感谢索菲特，在我因公履职的时光里，留下一段极致美好的滨海回忆；感谢索菲特，在我陪伴家人的旅途上，送上一份贴心入微的暖心礼遇。这段跨越十七年的双向奔赴，这份历经时光淬炼的品质坚守，早已成为我人生旅途里，一抹温柔又闪亮的亮色。
 
往后余生，但凡出行，索菲特依旧是我心底最笃定、最安心的选择。致敬这份跨越时光的美好，感恩这份始终如一的温暖",,False,True,0,3,False,尊敬的宾客您好，非常感谢您选择下榻北京索菲特大酒店并抽出宝贵的时间给予我们好评，谢谢您的分享与支持，能得到您的喜爱与赞扬，我们感到十分温暖，酒店地处二环，交通便利，步行可至1号线和2号线地铁，出行便捷，我们将秉承一贯热情的服务，期待在不久的将来再次给您更优质的入住体验！,2026-05-18T00:00:00,"# 北京索菲特大酒店 review (Ctrip)

**Rating:** 5.0/5 ★★★★★
**Travel type:** 家庭亲子

## Review
跨越十七年，服务暖如初——致索菲特酒店的深情致谢
 
时光匆匆，岁月流转，有些美好遇见，即便时隔多年，依旧会在心底熠熠生辉；有些品牌温度，即便跨越漫长光阴，依旧能坚守初心、温暖如初。于我而言，索菲特这三个字，便是藏在岁月里、刻在记忆中，跨越十七年从未褪色的温柔与惊艳。
 
我是一名山西省省级机关的公务员，平日里工作严谨务实，出差履职亦是常态。可2009年11月的海南博鳌之行，入住博鳌索菲特酒店的那段经历，却成了我十几年人生里，最难以忘怀的旅居美好，至今回想起来，依旧满心温暖与赞叹。
 
彼时因公出差，我被安排入住海南博鳌索菲特酒店，踏入酒店的那一刻，便被极致的质感深深折服。酒店整体装潢富丽堂皇、大气恢弘，处处透着高端雅致的格调，各类硬件设施先进完备、贴心周全，尽显五星级酒店的不凡品质。酒店内部楼宇布局精巧，一条环形廊道蜿蜒舒展，我初到之时，沿着廊道慢慢踱步欣赏，竟足足走了二十分钟，都没能找到自己的房间，足见酒店规模之阔、布局之精致，也让我初次见识到它的大气与不凡。
 
酒店的绝佳区位，更是让人流连忘返。我的客房距离海边不过百余米，推窗便能望见无垠蓝海，入夜之后，枕着轻柔海风、伴着阵阵涛声入眠，白日工作的疲惫尽数消散，只剩满心的惬意与安然。酒店后方还坐拥三四十口特色药疗温泉池，每一眼温泉都以中药材命名，黄芪、枸杞、人参等滋养药材融入温泉水中，温润养身。结束一天的工作与餐食后，置身暖意融融的中药温泉里，看椰风海韵、享身心舒缓，那份闲适与治愈，是寻常旅居从未有过的体验。
 
最让我动容的，是酒店刻入骨子里的极致服务。入住期间，我无意间看到客房内的应急拉绳，便抱着试探的心态轻轻拉动，本以为只是应急摆设，没想到短短不到5分钟，酒店工作人员便迅速赶到，态度谦和、应答专业，全程耐心细致、毫无怨言。这一次小小的试探，让我真切感受到，索菲特的优质从不是表面排场，而是落实在每一处细节、每一秒响应里的责任与担当。
 
彼时的博鳌索菲特，无论是奢适的居住环境、得天独厚的区位优势，还是贴心入微的暖心服务，都完美契合了高端旅居的所有想象，也把“索菲特”三个字，深深烙进了我的记忆深处。可遗憾的是，后来这家承载我美好回忆的酒店，正式更名为博鳌亚洲论坛大酒店，再也不见“索菲特”的名号，那段极致美好的旅居体验，也成了我心底一段无法复刻的旧时光，每每想起，都满是惋惜。
 
本以为，这份十七年前的美好，终究只能留在回忆里。没想到，十七年之后，缘分竟再次悄然降临。
 
2026年，我带着家人一同前往北京游玩，面对市面上众多五星级酒店，我一时纠结难选。在众多品牌中，索菲特三个字蓦然映入眼帘，瞬间勾起了我深埋十七年的温暖记忆。心底既有怀念，也有期许：时隔十七年，当年的那份极致美好，还能复刻吗？抱着这份忐忑与期待，我毅然选择了北京索菲特酒店。
 
而事实证明，我的选择没有错，索菲特也从未辜负我的信任。
 
办理入住时，酒店话务员Luna贴心又热忱，得知我们是全家出行，主动为我们免费将普通房型升级为宽敞舒适的家庭套房，极大提升了全家的入住体验；考虑到我们携娃出行、行程不便，又特意为我们申请了退房时间顺延，免去了匆忙收拾、赶点退房的局促。没有刻意的客套，没有繁琐的流程，只是设身处地为客人着想，用实实在在的贴心举措，让我感受到了扑面而来的善意与暖意。
 
十七年光阴，足以改变很多事物，足以让很多记忆慢慢淡去，可索菲特的品牌匠心与服务初心，却从未有过半分改变。十七年前，博鳌海边，它用极致环境与迅捷服务，给我留下毕生难忘的出差回忆；十七年后，北京京城，它用贴心升级与暖心便利，让我重温了当年的那份感动与认可。
 
从海南博鳌到北京都城，从2009到2026，跨越十七载风雨，变的是时空距离、是旅居场景，不变的是索菲特始终如一的品牌品质、是镌刻在服务骨子里的真诚与专业。它不只是一家酒店品牌，更是一种值得信赖的品质承诺，是一份跨越时光依旧温暖的匠心坚守。
 
十七年岁月如梭，初心未改；十七载山海相隔，温暖依旧。感谢索菲特，在我因公履职的时光里，留下一段极致美好的滨海回忆；感谢索菲特，在我陪伴家人的旅途上，送上一份贴心入微的暖心礼遇。这段跨越十七年的双向奔赴，这份历经时光淬炼的品质坚守，早已成为我人生旅途里，一抹温柔又闪亮的亮色。
 
往后余生，但凡出行，索菲特依旧是我心底最笃定、最安心的选择。致敬这份跨越时光的美好，感恩这份始终如一的温暖

## Hotel response
尊敬的宾客您好，非常感谢您选择下榻北京索菲特大酒店并抽出宝贵的时间给予我们好评，谢谢您的分享与支持，能得到您的喜爱与赞扬，我们感到十分温暖，酒店地处二环，交通便利，步行可至1号线和2号线地铁，出行便捷，我们将秉承一贯热情的服务，期待在不久的将来再次给您更优质的入住体验！",https://hotels.ctrip.com/hotels/1286148.html
1956806791,1286148,北京索菲特大酒店,ctrip,2026-05-22T16:58:22,2026-05,,1,点评新星,True,发布于湖南,家庭亲子,豪华大床房,CN,5,超棒,Cleanliness: 5.0; Location: 5.0; Service: 5.0; Facilities: 5.0,这次来北京入住索菲特整体体验超棒，地理位置便利，房间干净，前台工作人员待人亲切友善，Miya服务细致贴心，响应及时。居住安静舒适，休息质量很好，入住体验感极佳，出行住宿首选，强烈推荐入住^_^,,False,True,0,3,False,尊敬的宾客：您好！非常感谢您的入住与赞赏！很高兴能为您的出游带来美好的时光。您的赞赏给予酒店很大的鼓舞，也是我们进步的动力，我们会继续保持热忱，致力让每一位宾客享有宾至如归的入住感受，热切期待您的再次光临！欢迎您再回来体验，祝生活愉快,2026-05-22T00:00:00,"# 北京索菲特大酒店 review (Ctrip)

**Rating:** 5.0/5 ★★★★★
**Travel type:** 家庭亲子

## Review
这次来北京入住索菲特整体体验超棒，地理位置便利，房间干净，前台工作人员待人亲切友善，Miya服务细致贴心，响应及时。居住安静舒适，休息质量很好，入住体验感极佳，出行住宿首选，强烈推荐入住^_^

## Hotel response
尊敬的宾客：您好！非常感谢您的入住与赞赏！很高兴能为您的出游带来美好的时光。您的赞赏给予酒店很大的鼓舞，也是我们进步的动力，我们会继续保持热忱，致力让每一位宾客享有宾至如归的入住感受，热切期待您的再次光临！欢迎您再回来体验，祝生活愉快",https://hotels.ctrip.com/hotels/1286148.html
1975952049,1286148,北京索菲特大酒店,ctrip,2026-06-07T16:03:22,2026-06,,70,点评专家,True,发布于上海,独自旅行,豪华大床房,CN,5,超棒,Cleanliness: 5.0; Location: 5.0; Service: 5.0; Facilities: 5.0,初次入住就被圈粉，整体环境静谧宜人，房间收拾得一尘不染。服务人员彬彬有礼，前台leah抱办理入住很快，推荐，响应及时。硬件设施完善，居住感受极佳，值得反复打卡。,,False,True,0,3,False,尊敬的宾客：您好！非常感谢您的入住与赞赏！很高兴能为您的出游带来美好的时光。您的赞赏给予酒店很大的鼓舞，也是我们进步的动力，我们会继续保持热忱，致力让每一位宾客享有宾至如归的入住感受，热切期待您的再次光临！欢迎您再回来体验，祝生活愉快,2026-06-07T00:00:00,"# 北京索菲特大酒店 review (Ctrip)

**Rating:** 5.0/5 ★★★★★
**Travel type:** 独自旅行

## Review
初次入住就被圈粉，整体环境静谧宜人，房间收拾得一尘不染。服务人员彬彬有礼，前台leah抱办理入住很快，推荐，响应及时。硬件设施完善，居住感受极佳，值得反复打卡。

## Hotel response
尊敬的宾客：您好！非常感谢您的入住与赞赏！很高兴能为您的出游带来美好的时光。您的赞赏给予酒店很大的鼓舞，也是我们进步的动力，我们会继续保持热忱，致力让每一位宾客享有宾至如归的入住感受，热切期待您的再次光临！欢迎您再回来体验，祝生活愉快",https://hotels.ctrip.com/hotels/1286148.html
1965062761,1286148,北京索菲特大酒店,ctrip,2026-05-29T23:13:52,2026-05,,40,点评专家,True,发布于广东,独自旅行,豪华大床房,CN,5,超棒,Cleanliness: 5.0; Location: 5.0; Service: 5.0; Facilities: 5.0,酒店整体环境雅致大气，房间空间宽敞，洗漱用品品质不错。夜间十分安静，睡了一个好觉，入住体验很好。服务人员leah roc 礼貌友善，办事高效，各方面都很满意，值得再次入住！,,False,True,0,3,False,尊敬的宾客：您好！非常感谢您的入住与赞赏！很高兴能为您的出游带来美好的时光。您的赞赏给予酒店很大的鼓舞，也是我们进步的动力，我们会继续保持热忱，致力让每一位宾客享有宾至如归的入住感受，热切期待您的再次光临！欢迎您再回来体验，祝生活愉快,2026-05-30T00:00:00,"# 北京索菲特大酒店 review (Ctrip)

**Rating:** 5.0/5 ★★★★★
**Travel type:** 独自旅行

## Review
酒店整体环境雅致大气，房间空间宽敞，洗漱用品品质不错。夜间十分安静，睡了一个好觉，入住体验很好。服务人员leah roc 礼貌友善，办事高效，各方面都很满意，值得再次入住！

## Hotel response
尊敬的宾客：您好！非常感谢您的入住与赞赏！很高兴能为您的出游带来美好的时光。您的赞赏给予酒店很大的鼓舞，也是我们进步的动力，我们会继续保持热忱，致力让每一位宾客享有宾至如归的入住感受，热切期待您的再次光临！欢迎您再回来体验，祝生活愉快",https://hotels.ctrip.com/hotels/1286148.html
1979557431,1286148,北京索菲特大酒店,ctrip,2026-06-10T14:59:47,2026-06,,214,点评专家,True,发布于辽宁,其他,索菲特俱乐部大床房,CN,5,超棒,Cleanliness: 5.0; Location: 5.0; Service: 5.0; Facilities: 5.0,"尽赏落日余晖 | 晚间欢乐时光@1层行政酒廊:一楼大堂吧和酒廊是在一起的，有简单的晚餐供应。
索菲特俱乐部 Club Millesime | 咖啡/茶/软饮畅饮@乐廊大堂吧 Le Bistro:大堂吧可以用。
服务：主管马闯，陈爱，服务员小王，小庆很耐心周到。前台李琳琳经理体贴温柔！",,False,True,0,6,False,尊敬的宾客您好，首先感谢您选择下塔北京索菲特大酒店并与我们分享您的入住体验，我会将您的认可与整个酒店服务团队一起分享，我们将继续努力，不断创造更优质的入住体验，再次感谢您对我们的高度评价，我们期待着在不久将来再次能为您服务，祝您生活愉快！,2026-06-10T00:00:00,"# 北京索菲特大酒店 review (Ctrip)

**Rating:** 5.0/5 ★★★★★
**Travel type:** 其他

## Review
尽赏落日余晖 | 晚间欢乐时光@1层行政酒廊:一楼大堂吧和酒廊是在一起的，有简单的晚餐供应。
索菲特俱乐部 Club Millesime | 咖啡/茶/软饮畅饮@乐廊大堂吧 Le Bistro:大堂吧可以用。
服务：主管马闯，陈爱，服务员小王，小庆很耐心周到。前台李琳琳经理体贴温柔！

## Hotel response
尊敬的宾客您好，首先感谢您选择下塔北京索菲特大酒店并与我们分享您的入住体验，我会将您的认可与整个酒店服务团队一起分享，我们将继续努力，不断创造更优质的入住体验，再次感谢您对我们的高度评价，我们期待着在不久将来再次能为您服务，祝您生活愉快！",https://hotels.ctrip.com/hotels/1286148.html
1975989755,1286148,北京索菲特大酒店,ctrip,2026-06-07T16:35:11,2026-06,,1,点评新星,True,发布于北京,家庭亲子,豪华双床房,CN,5,超棒,Cleanliness: 5.0; Location: 5.0; Service: 5.0; Facilities: 5.0,11楼的服务员态度挺好的，我早上起不来的时候还会和我奶奶聊天，老人家觉少，早上起来得早，每天打扫卫生的那个人帮奶奶拿了不少东西的，体验不错。啊，泡澡也挺舒服的。,,False,True,0,3,False,尊敬的宾客：您好！非常感谢您的入住与赞赏！很高兴能为您的出游带来美好的时光。您的赞赏给予酒店很大的鼓舞，也是我们进步的动力，我们会继续保持热忱，致力让每一位宾客享有宾至如归的入住感受，热切期待您的再次光临！欢迎您再回来体验，祝生活愉快,2026-06-07T00:00:00,"# 北京索菲特大酒店 review (Ctrip)

**Rating:** 5.0/5 ★★★★★
**Travel type:** 家庭亲子

## Review
11楼的服务员态度挺好的，我早上起不来的时候还会和我奶奶聊天，老人家觉少，早上起来得早，每天打扫卫生的那个人帮奶奶拿了不少东西的，体验不错。啊，泡澡也挺舒服的。

## Hotel response
尊敬的宾客：您好！非常感谢您的入住与赞赏！很高兴能为您的出游带来美好的时光。您的赞赏给予酒店很大的鼓舞，也是我们进步的动力，我们会继续保持热忱，致力让每一位宾客享有宾至如归的入住感受，热切期待您的再次光临！欢迎您再回来体验，祝生活愉快",https://hotels.ctrip.com/hotels/1286148.html
1971248997,1286148,北京索菲特大酒店,ctrip,2026-06-03T14:14:42,2026-05,,4,点评新星,True,发布于天津,情侣出游,豪华双床房,CN,5,超棒,Cleanliness: 5.0; Location: 5.0; Service: 5.0; Facilities: 5.0,外出不慎遗失随身小件物品，返回酒店求助Destin，他耐心协助调取查找，全程积极帮忙联络，处事认真负责，待人真诚热忱，暖心服务化解了我的焦虑，整趟住宿体验格外舒心。,,False,True,0,3,False,尊敬的宾客：您好！非常感谢您的入住与赞赏！很高兴能为您的出游带来美好的时光。您的赞赏给予酒店很大的鼓舞，也是我们进步的动力，我们会继续保持热忱，致力让每一位宾客享有宾至如归的入住感受，热切期待您的再次光临！欢迎您再回来体验，祝生活愉快,2026-06-03T00:00:00,"# 北京索菲特大酒店 review (Ctrip)

**Rating:** 5.0/5 ★★★★★
**Travel type:** 情侣出游

## Review
外出不慎遗失随身小件物品，返回酒店求助Destin，他耐心协助调取查找，全程积极帮忙联络，处事认真负责，待人真诚热忱，暖心服务化解了我的焦虑，整趟住宿体验格外舒心。

## Hotel response
尊敬的宾客：您好！非常感谢您的入住与赞赏！很高兴能为您的出游带来美好的时光。您的赞赏给予酒店很大的鼓舞，也是我们进步的动力，我们会继续保持热忱，致力让每一位宾客享有宾至如归的入住感受，热切期待您的再次光临！欢迎您再回来体验，祝生活愉快",https://hotels.ctrip.com/hotels/1286148.html
1936396077,1286148,北京索菲特大酒店,ctrip,2026-05-05T16:18:57,2026-04,,1,点评新星,True,发布于北京,情侣出游,豪华大床房,CN,5,超棒,Cleanliness: 5.0; Location: 5.0; Service: 5.0; Facilities: 5.0,我觉得值得很舒服，客房服务都很好，打扫及时，没有网友们说的很老啊什么的，床头的也没有掉漆皮啊，原本看到**说的要吓死😦去了发现完全没有的事，特别多的镜子，适合情侣来hhh，就是唯一美中不足没有洗衣房🥹要花钱洗衣服,,False,True,1,1,False,尊敬的宾客：您好！非常感谢您的入住与赞赏！很高兴能为您的出游带来美好的时光。您的赞赏给予酒店很大的鼓舞，也是我们进步的动力，我们会继续保持热忱，致力让每一位宾客享有宾至如归的入住感受，热切期待您的再次光临！欢迎您再回来体验，祝生活愉快,2026-05-06T00:00:00,"# 北京索菲特大酒店 review (Ctrip)

**Rating:** 5.0/5 ★★★★★
**Travel type:** 情侣出游

## Review
我觉得值得很舒服，客房服务都很好，打扫及时，没有网友们说的很老啊什么的，床头的也没有掉漆皮啊，原本看到**说的要吓死😦去了发现完全没有的事，特别多的镜子，适合情侣来hhh，就是唯一美中不足没有洗衣房🥹要花钱洗衣服

## Hotel response
尊敬的宾客：您好！非常感谢您的入住与赞赏！很高兴能为您的出游带来美好的时光。您的赞赏给予酒店很大的鼓舞，也是我们进步的动力，我们会继续保持热忱，致力让每一位宾客享有宾至如归的入住感受，热切期待您的再次光临！欢迎您再回来体验，祝生活愉快",https://hotels.ctrip.com/hotels/1286148.html
1929386639,1286148,北京索菲特大酒店,ctrip,2026-04-30T07:31:09,2026-04,昭昭vvvv,26,点评达人,False,发布于北京,独自旅行,索菲特俱乐部大床房,CN,5,超棒,Cleanliness: 5.0; Location: 5.0; Service: 5.0; Facilities: 5.0,"索菲特你就宠我吧啊啊啊啊啊又给我升到大套房了我亲亲亲亲💋晚上踩着行政酒廊关闭的点去急头白脸吃了一顿快哉快哉，诡秘们这个上午的窗景真的特别好看，我住的是2105朋友说这个客厅的窗户能看到一个挺有名的楼（我忘了），p1那个烧麦特别好吃你们都去吃，🦐很新鲜
下次还会来的！",,False,True,0,5,False,尊敬的宾客您好，非常感谢您选择下榻北京索菲特大酒店并抽出宝贵的时间给予我们好评，谢谢您的分享与支持，能得到您的喜爱与赞扬，我们感到十分温暖，酒店地处二环，交通便利，步行可至1号线和2号线地铁，出行便捷，我们将秉承一贯热情的服务，期待在不久的将来再次给您更优质的入住体验！,2026-04-30T00:00:00,"# 北京索菲特大酒店 review (Ctrip)

**Rating:** 5.0/5 ★★★★★
**Travel type:** 独自旅行

## Review
索菲特你就宠我吧啊啊啊啊啊又给我升到大套房了我亲亲亲亲💋晚上踩着行政酒廊关闭的点去急头白脸吃了一顿快哉快哉，诡秘们这个上午的窗景真的特别好看，我住的是2105朋友说这个客厅的窗户能看到一个挺有名的楼（我忘了），p1那个烧麦特别好吃你们都去吃，🦐很新鲜
下次还会来的！

## Hotel response
尊敬的宾客您好，非常感谢您选择下榻北京索菲特大酒店并抽出宝贵的时间给予我们好评，谢谢您的分享与支持，能得到您的喜爱与赞扬，我们感到十分温暖，酒店地处二环，交通便利，步行可至1号线和2号线地铁，出行便捷，我们将秉承一贯热情的服务，期待在不久的将来再次给您更优质的入住体验！",https://hotels.ctrip.com/hotels/1286148.html
1976964641,1286148,北京索菲特大酒店,ctrip,2026-06-08T11:26:10,2026-06,,46,点评专家,True,发布于广东,独自旅行,豪华大床房,CN,5,超棒,Cleanliness: 5.0; Location: 5.0; Service: 5.0; Facilities: 5.0,第一次来京，选酒店选的眼花缭乱的，最后定的索菲特，服务体验必须给满分，不止是五星级的服务，全程都是ella小姐姐帮我，像我的管家，喜欢这样的服务,,False,True,0,3,False,尊敬的宾客：您好！非常感谢您的入住与赞赏！很高兴能为您的出游带来美好的时光。您的赞赏给予酒店很大的鼓舞，也是我们进步的动力，我们会继续保持热忱，致力让每一位宾客享有宾至如归的入住感受，热切期待您的再次光临！欢迎您再回来体验，祝生活愉快,2026-06-08T00:00:00,"# 北京索菲特大酒店 review (Ctrip)

**Rating:** 5.0/5 ★★★★★
**Travel type:** 独自旅行

## Review
第一次来京，选酒店选的眼花缭乱的，最后定的索菲特，服务体验必须给满分，不止是五星级的服务，全程都是ella小姐姐帮我，像我的管家，喜欢这样的服务

## Hotel response
尊敬的宾客：您好！非常感谢您的入住与赞赏！很高兴能为您的出游带来美好的时光。您的赞赏给予酒店很大的鼓舞，也是我们进步的动力，我们会继续保持热忱，致力让每一位宾客享有宾至如归的入住感受，热切期待您的再次光临！欢迎您再回来体验，祝生活愉快",https://hotels.ctrip.com/hotels/1286148.html
1965067829,1286148,北京索菲特大酒店,ctrip,2026-05-29T23:27:09,2026-05,,9,点评达人,True,发布于广东,商务出差,豪华大床房,CN,5,超棒,Cleanliness: 5.0; Location: 5.0; Service: 5.0; Facilities: 5.0,入住体验十分满意，设施齐全且保养得很好，卫浴热水充足。环境卫生做得细致，工作人员leah  态度亲和。性价比在线，环境安静不嘈杂，是出行住宿的好选择。,,False,True,0,3,False,尊敬的宾客：您好！非常感谢您的入住与赞赏！很高兴能为您的出游带来美好的时光。您的赞赏给予酒店很大的鼓舞，也是我们进步的动力，我们会继续保持热忱，致力让每一位宾客享有宾至如归的入住感受，热切期待您的再次光临！欢迎您再回来体验，祝生活愉快,2026-05-30T00:00:00,"# 北京索菲特大酒店 review (Ctrip)

**Rating:** 5.0/5 ★★★★★
**Travel type:** 商务出差

## Review
入住体验十分满意，设施齐全且保养得很好，卫浴热水充足。环境卫生做得细致，工作人员leah  态度亲和。性价比在线，环境安静不嘈杂，是出行住宿的好选择。

## Hotel response
尊敬的宾客：您好！非常感谢您的入住与赞赏！很高兴能为您的出游带来美好的时光。您的赞赏给予酒店很大的鼓舞，也是我们进步的动力，我们会继续保持热忱，致力让每一位宾客享有宾至如归的入住感受，热切期待您的再次光临！欢迎您再回来体验，祝生活愉快",https://hotels.ctrip.com/hotels/1286148.html
1984771145,1286148,北京索菲特大酒店,ctrip,2026-06-14T22:30:14,2026-06,,11,点评达人,True,发布于北京,家庭亲子,豪华双床房,CN,5,超棒,Cleanliness: 5.0; Location: 5.0; Service: 5.0; Facilities: 5.0,非常好，这次升级1705房间，17楼两位主管，服务员非常热情，孩子早上流鼻血弄到床上，服务员大姐热情换新的床单，很好下次还住,,False,True,0,3,False,尊敬的宾客您好，首先感谢您选择下塔北京索菲特大酒店并与我们分享您的入住体验，我会将您的认可与整个酒店服务团队一起分享，我们将继续努力，不断创造更优质的入住体验，再次感谢您对我们的高度评价，我们期待着在不久将来再次能为您服务，祝您生活愉快！,2026-06-15T00:00:00,"# 北京索菲特大酒店 review (Ctrip)

**Rating:** 5.0/5 ★★★★★
**Travel type:** 家庭亲子

## Review
非常好，这次升级1705房间，17楼两位主管，服务员非常热情，孩子早上流鼻血弄到床上，服务员大姐热情换新的床单，很好下次还住

## Hotel response
尊敬的宾客您好，首先感谢您选择下塔北京索菲特大酒店并与我们分享您的入住体验，我会将您的认可与整个酒店服务团队一起分享，我们将继续努力，不断创造更优质的入住体验，再次感谢您对我们的高度评价，我们期待着在不久将来再次能为您服务，祝您生活愉快！",https://hotels.ctrip.com/hotels/1286148.html
1966322957,1286148,北京索菲特大酒店,ctrip,2026-05-30T19:45:14,2026-05,,38,点评专家,True,发布于广东,独自旅行,豪华大床房,CN,5,超棒,Cleanliness: 5.0; Location: 5.0; Service: 5.0; Facilities: 5.0,入住体验非常好！房间非常干净和整齐，很通透采光也很棒！床品很高级睡得很舒服，工作人员Leah Rebecca服务非常热情周到，有问题很快响应。地理位置也很不错、出行非常便利，性价比拉满！下次来北京还要住这里！！😆,,False,True,0,3,False,尊敬的宾客：您好！非常感谢您的入住与赞赏！很高兴能为您的出游带来美好的时光。您的赞赏给予酒店很大的鼓舞，也是我们进步的动力，我们会继续保持热忱，致力让每一位宾客享有宾至如归的入住感受，热切期待您的再次光临！欢迎您再回来体验，祝生活愉快,2026-05-31T00:00:00,"# 北京索菲特大酒店 review (Ctrip)

**Rating:** 5.0/5 ★★★★★
**Travel type:** 独自旅行

## Review
入住体验非常好！房间非常干净和整齐，很通透采光也很棒！床品很高级睡得很舒服，工作人员Leah Rebecca服务非常热情周到，有问题很快响应。地理位置也很不错、出行非常便利，性价比拉满！下次来北京还要住这里！！😆

## Hotel response
尊敬的宾客：您好！非常感谢您的入住与赞赏！很高兴能为您的出游带来美好的时光。您的赞赏给予酒店很大的鼓舞，也是我们进步的动力，我们会继续保持热忱，致力让每一位宾客享有宾至如归的入住感受，热切期待您的再次光临！欢迎您再回来体验，祝生活愉快",https://hotels.ctrip.com/hotels/1286148.html
1933449629,1286148,北京索菲特大酒店,ctrip,2026-05-03T17:38:38,2026-04,,1,点评新星,True,发布于安徽,家庭亲子,索菲特俱乐部双床房,CN,5,超棒,Cleanliness: 5.0; Location: 5.0; Service: 5.0; Facilities: 5.0,酒店位子很方便，办理入住Sunny人很好，帮我们安排了早餐，该有的一一告诉我们，酒店打扫卫生的阿姨和服务人员都很好，夸夸5.1号晚上的帮我做咖啡那个小哥和Sunny应该多加奖,,False,True,1,3,False,尊敬的宾客您好，非常感谢您选择下榻北京索菲特大酒店并抽出宝贵的时间给予我们好评，谢谢您的分享与支持，能得到您的喜爱与赞扬，我们感到十分温暖，酒店地处二环，交通便利，步行可至1号线和2号线地铁，出行便捷，我们将秉承一贯热情的服务，期待在不久的将来再次给您更优质的入住体验！,2026-05-04T00:00:00,"# 北京索菲特大酒店 review (Ctrip)

**Rating:** 5.0/5 ★★★★★
**Travel type:** 家庭亲子

## Review
酒店位子很方便，办理入住Sunny人很好，帮我们安排了早餐，该有的一一告诉我们，酒店打扫卫生的阿姨和服务人员都很好，夸夸5.1号晚上的帮我做咖啡那个小哥和Sunny应该多加奖

## Hotel response
尊敬的宾客您好，非常感谢您选择下榻北京索菲特大酒店并抽出宝贵的时间给予我们好评，谢谢您的分享与支持，能得到您的喜爱与赞扬，我们感到十分温暖，酒店地处二环，交通便利，步行可至1号线和2号线地铁，出行便捷，我们将秉承一贯热情的服务，期待在不久的将来再次给您更优质的入住体验！",https://hotels.ctrip.com/hotels/1286148.html
1961384671,1286148,北京索菲特大酒店,ctrip,2026-05-26T16:07:50,2026-05,,5,点评达人,True,发布于上海,商务出差,豪华双床房,CN,5,超棒,Cleanliness: 5.0; Location: 5.0; Service: 5.0; Facilities: 5.0,位置很好找，出门逛街吃饭都方便。房间干净整洁，床睡着很舒服，Miya 服务也热情，退房后有遗留物品Miya 帮忙邮寄，整体体验不错，下次还会来。,,False,True,0,3,False,尊敬的宾客：您好！非常感谢您的入住与赞赏！很高兴能为您的出游带来美好的时光。您的赞赏给予酒店很大的鼓舞，也是我们进步的动力，我们会继续保持热忱，致力让每一位宾客享有宾至如归的入住感受，热切期待您的再次光临！欢迎您再回来体验，祝生活愉快,2026-05-26T00:00:00,"# 北京索菲特大酒店 review (Ctrip)

**Rating:** 5.0/5 ★★★★★
**Travel type:** 商务出差

## Review
位置很好找，出门逛街吃饭都方便。房间干净整洁，床睡着很舒服，Miya 服务也热情，退房后有遗留物品Miya 帮忙邮寄，整体体验不错，下次还会来。

## Hotel response
尊敬的宾客：您好！非常感谢您的入住与赞赏！很高兴能为您的出游带来美好的时光。您的赞赏给予酒店很大的鼓舞，也是我们进步的动力，我们会继续保持热忱，致力让每一位宾客享有宾至如归的入住感受，热切期待您的再次光临！欢迎您再回来体验，祝生活愉快",https://hotels.ctrip.com/hotels/1286148.html
1965502687,1286148,北京索菲特大酒店,ctrip,2026-05-30T11:09:10,2026-05,,27,点评达人,True,发布于湖南,朋友出游,豪华大床房,CN,5,超棒,Cleanliness: 5.0; Location: 5.0; Service: 5.0; Facilities: 5.0,房间舒适，优雅大气，面积很大，床品太软和啦，喜欢这家酒店沐浴露的味道，下次还得来，Ella小姐姐很nice，北京之旅圆满结束啦，回去搬砖再来,,False,True,0,3,False,尊敬的宾客：您好！非常感谢您的入住与赞赏！很高兴能为您的出游带来美好的时光。您的赞赏给予酒店很大的鼓舞，也是我们进步的动力，我们会继续保持热忱，致力让每一位宾客享有宾至如归的入住感受，热切期待您的再次光临！欢迎您再回来体验，祝生活愉快,2026-05-30T00:00:00,"# 北京索菲特大酒店 review (Ctrip)

**Rating:** 5.0/5 ★★★★★
**Travel type:** 朋友出游

## Review
房间舒适，优雅大气，面积很大，床品太软和啦，喜欢这家酒店沐浴露的味道，下次还得来，Ella小姐姐很nice，北京之旅圆满结束啦，回去搬砖再来

## Hotel response
尊敬的宾客：您好！非常感谢您的入住与赞赏！很高兴能为您的出游带来美好的时光。您的赞赏给予酒店很大的鼓舞，也是我们进步的动力，我们会继续保持热忱，致力让每一位宾客享有宾至如归的入住感受，热切期待您的再次光临！欢迎您再回来体验，祝生活愉快",https://hotels.ctrip.com/hotels/1286148.html
1906085067,1286148,北京索菲特大酒店,ctrip,2026-04-10T19:58:52,2026-04,惠惠小豹子,21,点评达人,False,发布于辽宁,家庭亲子,豪华大床房,CN,5,超棒,Cleanliness: 5.0; Location: 5.0; Service: 5.0; Facilities: 5.0,酒店新建 设施非常完善 离地铁7号线步行10分钟左右 到环球影城早晚有直通车 酒店离梨园很近 很多特产都能外卖配送到房间🍰酒店装修很有艺术感 周边没有噪音 床品很舒服 早餐丰富 服务人员热情 周到 各种需求都会尽力协商解决 入住体验感很好٩(•̤̀ᵕ•̤́๑)ᵒᵏᵎᵎᵎᵎ,,False,True,0,5,False,尊敬的宾客：您好！非常感谢您的入住与赞赏！很高兴能为您的出游带来美好的时光。您的赞赏给予酒店很大的鼓舞，也是我们进步的动力，我们会继续保持热忱，致力让每一位宾客享有宾至如归的入住感受，热切期待您的再次光临！欢迎您再回来体验，祝生活愉快,2026-04-11T00:00:00,"# 北京索菲特大酒店 review (Ctrip)

**Rating:** 5.0/5 ★★★★★
**Travel type:** 家庭亲子

## Review
酒店新建 设施非常完善 离地铁7号线步行10分钟左右 到环球影城早晚有直通车 酒店离梨园很近 很多特产都能外卖配送到房间🍰酒店装修很有艺术感 周边没有噪音 床品很舒服 早餐丰富 服务人员热情 周到 各种需求都会尽力协商解决 入住体验感很好٩(•̤̀ᵕ•̤́๑)ᵒᵏᵎᵎᵎᵎ

## Hotel response
尊敬的宾客：您好！非常感谢您的入住与赞赏！很高兴能为您的出游带来美好的时光。您的赞赏给予酒店很大的鼓舞，也是我们进步的动力，我们会继续保持热忱，致力让每一位宾客享有宾至如归的入住感受，热切期待您的再次光临！欢迎您再回来体验，祝生活愉快",https://hotels.ctrip.com/hotels/1286148.html
1917385603,1286148,北京索菲特大酒店,ctrip,2026-04-20T15:44:01,2026-04,梁茶_666888,64,点评专家,False,发布于广东,情侣出游,豪华大床房,CN,5,超棒,Cleanliness: 5.0; Location: 5.0; Service: 5.0; Facilities: 5.0,"这次订索菲特真的是太对了，十分满足我的住店需求，大大的房间，大大的浴缸，干净的环境，舒服的大床，还能看到美美的日落，好开心。
清洁阿姨看到我们带了茶叶，还非常贴心的每天帮我们备多几支水",,False,True,0,3,True,尊敬的宾客：您好！非常感谢您的入住与赞赏！很高兴能为您的出游带来美好的时光。您的赞赏给予酒店很大的鼓舞，也是我们进步的动力，我们会继续保持热忱，致力让每一位宾客享有宾至如归的入住感受，热切期待您的再次光临！欢迎您再回来体验，祝生活愉快,2026-04-20T00:00:00,"# 北京索菲特大酒店 review (Ctrip)

**Rating:** 5.0/5 ★★★★★
**Travel type:** 情侣出游

## Review
这次订索菲特真的是太对了，十分满足我的住店需求，大大的房间，大大的浴缸，干净的环境，舒服的大床，还能看到美美的日落，好开心。
清洁阿姨看到我们带了茶叶，还非常贴心的每天帮我们备多几支水

## Hotel response
尊敬的宾客：您好！非常感谢您的入住与赞赏！很高兴能为您的出游带来美好的时光。您的赞赏给予酒店很大的鼓舞，也是我们进步的动力，我们会继续保持热忱，致力让每一位宾客享有宾至如归的入住感受，热切期待您的再次光临！欢迎您再回来体验，祝生活愉快",https://hotels.ctrip.com/hotels/1286148.html
1942465943,1286148,北京索菲特大酒店,ctrip,2026-05-09T21:03:09,2026-05,呀呀呀呀呀11234,1,点评新星,False,发布于北京,朋友出游,智能优眠家庭客房,CN,5,超棒,Cleanliness: 5.0; Location: 5.0; Service: 5.0; Facilities: 5.0,雅高旗下索菲特不愧五星品质，Aria服务专业贴心，房间干净整洁，出行住宿首选，强烈推荐，入住体验满分，地理位置优越，服务温柔有礼，细节尽显高端奢华，入住超满意！,,False,True,0,3,False,尊敬的宾客：您好！非常感谢您的入住与赞赏！很高兴能为您的出游带来美好的时光。您的赞赏给予酒店很大的鼓舞，也是我们进步的动力，我们会继续保持热忱，致力让每一位宾客享有宾至如归的入住感受，热切期待您的再次光临！欢迎您再回来体验，祝生活愉快,2026-05-10T00:00:00,"# 北京索菲特大酒店 review (Ctrip)

**Rating:** 5.0/5 ★★★★★
**Travel type:** 朋友出游

## Review
雅高旗下索菲特不愧五星品质，Aria服务专业贴心，房间干净整洁，出行住宿首选，强烈推荐，入住体验满分，地理位置优越，服务温柔有礼，细节尽显高端奢华，入住超满意！

## Hotel response
尊敬的宾客：您好！非常感谢您的入住与赞赏！很高兴能为您的出游带来美好的时光。您的赞赏给予酒店很大的鼓舞，也是我们进步的动力，我们会继续保持热忱，致力让每一位宾客享有宾至如归的入住感受，热切期待您的再次光临！欢迎您再回来体验，祝生活愉快",https://hotels.ctrip.com/hotels/1286148.html
1956782387,1286148,北京索菲特大酒店,ctrip,2026-05-22T16:51:00,2026-05,新会陈皮泡茶好,24,点评达人,False,发布于广东,朋友出游,豪华双床房,CN,5,超棒,Cleanliness: 5.0; Location: 5.0; Service: 5.0; Facilities: 5.0,两天的行程，第二晚选择了市区索菲特，第一晚在环球住的，索菲特房间很大，但是没有环球新，不过整体还挺好的，离地铁站也近，附近也有吃的，一开始遇到问题，栗经理积极处理帮我们换了房间，还送了水果，整体服务意识很强，下次的话还会选择这里。,,False,True,0,3,False,尊敬的宾客：您好！非常感谢您的入住与赞赏！很高兴能为您的出游带来美好的时光。您的赞赏给予酒店很大的鼓舞，也是我们进步的动力，我们会继续保持热忱，致力让每一位宾客享有宾至如归的入住感受，热切期待您的再次光临！欢迎您再回来体验，祝生活愉快,2026-05-22T00:00:00,"# 北京索菲特大酒店 review (Ctrip)

**Rating:** 5.0/5 ★★★★★
**Travel type:** 朋友出游

## Review
两天的行程，第二晚选择了市区索菲特，第一晚在环球住的，索菲特房间很大，但是没有环球新，不过整体还挺好的，离地铁站也近，附近也有吃的，一开始遇到问题，栗经理积极处理帮我们换了房间，还送了水果，整体服务意识很强，下次的话还会选择这里。

## Hotel response
尊敬的宾客：您好！非常感谢您的入住与赞赏！很高兴能为您的出游带来美好的时光。您的赞赏给予酒店很大的鼓舞，也是我们进步的动力，我们会继续保持热忱，致力让每一位宾客享有宾至如归的入住感受，热切期待您的再次光临！欢迎您再回来体验，祝生活愉快",https://hotels.ctrip.com/hotels/1286148.html
1984825831,1286148,北京索菲特大酒店,ctrip,2026-06-15T00:51:12,2026-06,天才小地才,3,点评新星,False,发布于北京,家庭亲子,豪华大床房,CN,5,超棒,Cleanliness: 5.0; Location: 5.0; Service: 5.0; Facilities: 5.0,房间一如既往干净，前台小姐姐也非常热情。总之就是非常心水的酒店啦。周边好吃的也很多，交通也非常便利。,,False,True,0,3,False,尊敬的宾客您好，首先感谢您选择下塔北京索菲特大酒店并与我们分享您的入住体验，我会将您的认可与整个酒店服务团队一起分享，我们将继续努力，不断创造更优质的入住体验，再次感谢您对我们的高度评价，我们期待着在不久将来再次能为您服务，祝您生活愉快！,2026-06-15T00:00:00,"# 北京索菲特大酒店 review (Ctrip)

**Rating:** 5.0/5 ★★★★★
**Travel type:** 家庭亲子

## Review
房间一如既往干净，前台小姐姐也非常热情。总之就是非常心水的酒店啦。周边好吃的也很多，交通也非常便利。

## Hotel response
尊敬的宾客您好，首先感谢您选择下塔北京索菲特大酒店并与我们分享您的入住体验，我会将您的认可与整个酒店服务团队一起分享，我们将继续努力，不断创造更优质的入住体验，再次感谢您对我们的高度评价，我们期待着在不久将来再次能为您服务，祝您生活愉快！",https://hotels.ctrip.com/hotels/1286148.html
1950613903,1286148,北京索菲特大酒店,ctrip,2026-05-17T13:56:11,2026-05,,29,点评达人,True,发布于江西,朋友出游,豪华大床房,CN,5,超棒,Cleanliness: 5.0; Location: 5.0; Service: 5.0; Facilities: 5.0,这次来北京旅游入住了索菲特大酒店，整个行程住得安心又舒服。Miya入住退房效率很高，沟通顺畅待人热情有礼貌，房间很舒适，下次来北京还会过来,,False,True,0,3,False,尊敬的宾客您好，非常感谢您选择下榻北京索菲特大酒店并抽出宝贵的时间给予我们好评，谢谢您的分享与支持，能得到您的喜爱与赞扬，我们感到十分温暖，酒店地处二环，交通便利，步行可至1号线和2号线地铁，出行便捷，我们将秉承一贯热情的服务，期待在不久的将来再次给您更优质的入住体验！,2026-05-17T00:00:00,"# 北京索菲特大酒店 review (Ctrip)

**Rating:** 5.0/5 ★★★★★
**Travel type:** 朋友出游

## Review
这次来北京旅游入住了索菲特大酒店，整个行程住得安心又舒服。Miya入住退房效率很高，沟通顺畅待人热情有礼貌，房间很舒适，下次来北京还会过来

## Hotel response
尊敬的宾客您好，非常感谢您选择下榻北京索菲特大酒店并抽出宝贵的时间给予我们好评，谢谢您的分享与支持，能得到您的喜爱与赞扬，我们感到十分温暖，酒店地处二环，交通便利，步行可至1号线和2号线地铁，出行便捷，我们将秉承一贯热情的服务，期待在不久的将来再次给您更优质的入住体验！",https://hotels.ctrip.com/hotels/1286148.html
1921364165,1286148,北京索菲特大酒店,ctrip,2026-04-23T18:53:25,2026-04,,4,点评新星,True,发布于北京,商务出差,豪华大床房,CN,5,超棒,Cleanliness: 5.0; Location: 5.0; Service: 5.0; Facilities: 5.0,前台LEAH   服务热情又贴心，办理入住快，有问题都耐心解答。有需求都及时帮忙解决，态度特别好。房间干净舒适，整体体验感超棒，住得很安心，每次出差都会选择这个酒店，必须给满分好评！,,False,True,0,3,False,尊敬的宾客：您好！非常感谢您的入住与赞赏！很高兴能为您的出游带来美好的时光。您的赞赏给予酒店很大的鼓舞，也是我们进步的动力，我们会继续保持热忱，致力让每一位宾客享有宾至如归的入住感受，热切期待您的再次光临！欢迎您再回来体验，祝生活愉快,2026-04-24T00:00:00,"# 北京索菲特大酒店 review (Ctrip)

**Rating:** 5.0/5 ★★★★★
**Travel type:** 商务出差

## Review
前台LEAH   服务热情又贴心，办理入住快，有问题都耐心解答。有需求都及时帮忙解决，态度特别好。房间干净舒适，整体体验感超棒，住得很安心，每次出差都会选择这个酒店，必须给满分好评！

## Hotel response
尊敬的宾客：您好！非常感谢您的入住与赞赏！很高兴能为您的出游带来美好的时光。您的赞赏给予酒店很大的鼓舞，也是我们进步的动力，我们会继续保持热忱，致力让每一位宾客享有宾至如归的入住感受，热切期待您的再次光临！欢迎您再回来体验，祝生活愉快",https://hotels.ctrip.com/hotels/1286148.html
1954444815,1286148,北京索菲特大酒店,ctrip,2026-05-20T16:03:11,2026-05,,4,点评新星,True,发布于天津,独自旅行,豪华大床房,CN,5,超棒,Cleanliness: 5.0; Location: 5.0; Service: 5.0; Facilities: 5.0,.房间宽敞明亮无异味，洗漱用品齐全好用。Miya 服务细致贴心，安静不嘈杂，周边出行购物都方便，住宿体验极佳，值得再次入住,,False,True,0,3,False,尊敬的宾客：您好！非常感谢您的入住与赞赏！很高兴能为您的出游带来美好的时光。您的赞赏给予酒店很大的鼓舞，也是我们进步的动力，我们会继续保持热忱，致力让每一位宾客享有宾至如归的入住感受，热切期待您的再次光临！欢迎您再回来体验，祝生活愉快,2026-05-20T00:00:00,"# 北京索菲特大酒店 review (Ctrip)

**Rating:** 5.0/5 ★★★★★
**Travel type:** 独自旅行

## Review
.房间宽敞明亮无异味，洗漱用品齐全好用。Miya 服务细致贴心，安静不嘈杂，周边出行购物都方便，住宿体验极佳，值得再次入住

## Hotel response
尊敬的宾客：您好！非常感谢您的入住与赞赏！很高兴能为您的出游带来美好的时光。您的赞赏给予酒店很大的鼓舞，也是我们进步的动力，我们会继续保持热忱，致力让每一位宾客享有宾至如归的入住感受，热切期待您的再次光临！欢迎您再回来体验，祝生活愉快",https://hotels.ctrip.com/hotels/1286148.html
1900709755,1286148,北京索菲特大酒店,ctrip,2026-04-06T17:18:24,2026-04,,12,点评达人,True,发布于浙江,家庭亲子,悠享家庭房,CN,5,超棒,Cleanliness: 5.0; Location: 5.0; Service: 5.0; Facilities: 5.0,酒店位置很好，二环线上，离北京站很方便。房间很大，景色很美，出行地铁也很方便，酒店早餐很满意，种类不算太多，但是质量很有保障，谢谢sunny管家赠送儿童早餐。泳池虽小，但维护得很干净。,,False,True,0,4,False,尊敬的宾客：您好！非常感谢您的入住与赞赏！很高兴能为您的出游带来美好的时光。您的赞赏给予酒店很大的鼓舞，也是我们进步的动力，我们会继续保持热忱，致力让每一位宾客享有宾至如归的入住感受，热切期待您的再次光临！欢迎您再回来体验，祝生活愉快,2026-04-07T00:00:00,"# 北京索菲特大酒店 review (Ctrip)

**Rating:** 5.0/5 ★★★★★
**Travel type:** 家庭亲子

## Review
酒店位置很好，二环线上，离北京站很方便。房间很大，景色很美，出行地铁也很方便，酒店早餐很满意，种类不算太多，但是质量很有保障，谢谢sunny管家赠送儿童早餐。泳池虽小，但维护得很干净。

## Hotel response
尊敬的宾客：您好！非常感谢您的入住与赞赏！很高兴能为您的出游带来美好的时光。您的赞赏给予酒店很大的鼓舞，也是我们进步的动力，我们会继续保持热忱，致力让每一位宾客享有宾至如归的入住感受，热切期待您的再次光临！欢迎您再回来体验，祝生活愉快",https://hotels.ctrip.com/hotels/1286148.html
1879126321,1286148,北京索菲特大酒店,ctrip,2026-03-17T19:24:43,2026-03,,6,点评达人,True,发布于北京,家庭亲子,豪华大床房,CN,5,超棒,Cleanliness: 5.0; Location: 5.0; Service: 5.0; Facilities: 5.0,很棒的酒店，建国门周边交通饮食都方便，春节清明之间超淡季主动给升级了套房，因为室温才21不够暖，阿姨给拎了一台电暖上来有被感动到，入住还送果盘。儿童装备齐全，能够微信预先安排，亲子之光属于是。房间也有比更新欠周的硬伤，比如插电面板没mini usb接口、坐便不是智能的，比广州的网红酒店落后点但胜在设备还新。最具创意的行政礼遇口味很西式，味道也赞，度假出差一站式解决方案了，不出酒店满足三顿。,,False,True,0,3,False,尊敬的宾客：您好！非常感谢您的入住与赞赏！很高兴能为您的出游带来美好的时光。您的赞赏给予酒店很大的鼓舞，也是我们进步的动力，我们会继续保持热忱，致力让每一位宾客享有宾至如归的入住感受，热切期待您的再次光临！欢迎您再回来体验，祝生活愉快,2026-03-18T00:00:00,"# 北京索菲特大酒店 review (Ctrip)

**Rating:** 5.0/5 ★★★★★
**Travel type:** 家庭亲子

## Review
很棒的酒店，建国门周边交通饮食都方便，春节清明之间超淡季主动给升级了套房，因为室温才21不够暖，阿姨给拎了一台电暖上来有被感动到，入住还送果盘。儿童装备齐全，能够微信预先安排，亲子之光属于是。房间也有比更新欠周的硬伤，比如插电面板没mini usb接口、坐便不是智能的，比广州的网红酒店落后点但胜在设备还新。最具创意的行政礼遇口味很西式，味道也赞，度假出差一站式解决方案了，不出酒店满足三顿。

## Hotel response
尊敬的宾客：您好！非常感谢您的入住与赞赏！很高兴能为您的出游带来美好的时光。您的赞赏给予酒店很大的鼓舞，也是我们进步的动力，我们会继续保持热忱，致力让每一位宾客享有宾至如归的入住感受，热切期待您的再次光临！欢迎您再回来体验，祝生活愉快",https://hotels.ctrip.com/hotels/1286148.html
1950089003,1286148,北京索菲特大酒店,ctrip,2026-05-16T18:21:42,2026-05,,10,点评达人,True,发布于江西,朋友出游,豪华双床房,CN,5,超棒,Cleanliness: 5.0; Location: 5.0; Service: 5.0; Facilities: 5.0,来北京出差入住索菲特酒店，房间很舒适，大堂也很华丽，前台工作人员服务很好，前台Miya有问必答，积极响应，下次还来入住,,False,True,0,3,False,尊敬的宾客您好，非常感谢您选择下榻北京索菲特大酒店并抽出宝贵的时间给予我们好评，谢谢您的分享与支持，能得到您的喜爱与赞扬，我们感到十分温暖，酒店地处二环，交通便利，步行可至1号线和2号线地铁，出行便捷，我们将秉承一贯热情的服务，期待在不久的将来再次给您更优质的入住体验！,2026-05-17T00:00:00,"# 北京索菲特大酒店 review (Ctrip)

**Rating:** 5.0/5 ★★★★★
**Travel type:** 朋友出游

## Review
来北京出差入住索菲特酒店，房间很舒适，大堂也很华丽，前台工作人员服务很好，前台Miya有问必答，积极响应，下次还来入住

## Hotel response
尊敬的宾客您好，非常感谢您选择下榻北京索菲特大酒店并抽出宝贵的时间给予我们好评，谢谢您的分享与支持，能得到您的喜爱与赞扬，我们感到十分温暖，酒店地处二环，交通便利，步行可至1号线和2号线地铁，出行便捷，我们将秉承一贯热情的服务，期待在不久的将来再次给您更优质的入住体验！",https://hotels.ctrip.com/hotels/1286148.html
1965774579,1286148,北京索菲特大酒店,ctrip,2026-05-30T15:05:15,2026-04,M136789945667233,49,点评专家,False,发布于江苏,商务出差,豪华大床房,CN,5,超棒,Cleanliness: 5.0; Location: 5.0; Service: 5.0; Facilities: 5.0,房间采光好，干净无异味，配套齐全。员工ELI服务周到，遇到疑问都会耐心解答，处理问题积极高效。全程体验轻松舒适，服务超出预期，强烈推荐给大家。,,False,True,0,3,False,尊敬的宾客：您好！非常感谢您的入住与赞赏！很高兴能为您的出游带来美好的时光。您的赞赏给予酒店很大的鼓舞，也是我们进步的动力，我们会继续保持热忱，致力让每一位宾客享有宾至如归的入住感受，热切期待您的再次光临！欢迎您再回来体验，祝生活愉快,2026-05-30T00:00:00,"# 北京索菲特大酒店 review (Ctrip)

**Rating:** 5.0/5 ★★★★★
**Travel type:** 商务出差

## Review
房间采光好，干净无异味，配套齐全。员工ELI服务周到，遇到疑问都会耐心解答，处理问题积极高效。全程体验轻松舒适，服务超出预期，强烈推荐给大家。

## Hotel response
尊敬的宾客：您好！非常感谢您的入住与赞赏！很高兴能为您的出游带来美好的时光。您的赞赏给予酒店很大的鼓舞，也是我们进步的动力，我们会继续保持热忱，致力让每一位宾客享有宾至如归的入住感受，热切期待您的再次光临！欢迎您再回来体验，祝生活愉快",https://hotels.ctrip.com/hotels/1286148.html
1965679231,1286148,北京索菲特大酒店,ctrip,2026-05-30T14:13:19,2026-04,,19,点评达人,True,发布于北京,商务出差,智能优眠家庭客房,CN,5,超棒,Cleanliness: 5.0; Location: 5.0; Service: 5.0; Facilities: 5.0,酒店位置便利，出行方便，房间整洁无异味。非常感谢ELI提供的优质服务，响应迅速，待人真诚，能主动关注客人需求。服务专业有温度，整体氛围温馨舒适，住得很放松。无论是商务出行还是休闲住宿都很合适，真心推荐。,,False,True,0,3,False,尊敬的宾客：您好！非常感谢您的入住与赞赏！很高兴能为您的出游带来美好的时光。您的赞赏给予酒店很大的鼓舞，也是我们进步的动力，我们会继续保持热忱，致力让每一位宾客享有宾至如归的入住感受，热切期待您的再次光临！欢迎您再回来体验，祝生活愉快,2026-05-30T00:00:00,"# 北京索菲特大酒店 review (Ctrip)

**Rating:** 5.0/5 ★★★★★
**Travel type:** 商务出差

## Review
酒店位置便利，出行方便，房间整洁无异味。非常感谢ELI提供的优质服务，响应迅速，待人真诚，能主动关注客人需求。服务专业有温度，整体氛围温馨舒适，住得很放松。无论是商务出行还是休闲住宿都很合适，真心推荐。

## Hotel response
尊敬的宾客：您好！非常感谢您的入住与赞赏！很高兴能为您的出游带来美好的时光。您的赞赏给予酒店很大的鼓舞，也是我们进步的动力，我们会继续保持热忱，致力让每一位宾客享有宾至如归的入住感受，热切期待您的再次光临！欢迎您再回来体验，祝生活愉快",https://hotels.ctrip.com/hotels/1286148.html
1958264871,1286148,北京索菲特大酒店,ctrip,2026-05-23T20:16:56,2026-05,,1,点评新星,True,发布于北京,商务出差,豪华大床房,CN,5,超棒,Cleanliness: 5.0; Location: 5.0; Service: 5.0; Facilities: 5.0,必须夸一下前台Destin，待人友善靠谱、事事贴心周到，整体体验特别满意，一定会再次光顾，也会推荐给朋友。,,False,True,0,3,False,尊敬的宾客：您好！非常感谢您的入住与赞赏！很高兴能为您的出游带来美好的时光。您的赞赏给予酒店很大的鼓舞，也是我们进步的动力，我们会继续保持热忱，致力让每一位宾客享有宾至如归的入住感受，热切期待您的再次光临！欢迎您再回来体验，祝生活愉快,2026-05-24T00:00:00,"# 北京索菲特大酒店 review (Ctrip)

**Rating:** 5.0/5 ★★★★★
**Travel type:** 商务出差

## Review
必须夸一下前台Destin，待人友善靠谱、事事贴心周到，整体体验特别满意，一定会再次光顾，也会推荐给朋友。

## Hotel response
尊敬的宾客：您好！非常感谢您的入住与赞赏！很高兴能为您的出游带来美好的时光。您的赞赏给予酒店很大的鼓舞，也是我们进步的动力，我们会继续保持热忱，致力让每一位宾客享有宾至如归的入住感受，热切期待您的再次光临！欢迎您再回来体验，祝生活愉快",https://hotels.ctrip.com/hotels/1286148.html
1909530557,1286148,北京索菲特大酒店,ctrip,2026-04-13T20:03:24,2026-03,巅峰酱,40,点评专家,False,发布于北京,其他,豪华大床房,CN,5,超棒,Cleanliness: 5.0; Location: 5.0; Service: 5.0; Facilities: 5.0,大堂看着很亮堂，不过房间有些地方旧旧的，迷你吧是第一轮免费的，住店期间耳机丢了一只，ella经理马上去房间帮我看了，结果掉在床垫缝了，可以说找的很细致了，服务真心不错，房间也很好，大大的落地窗,,False,True,0,3,False,尊敬的宾客：您好！非常感谢您的入住与赞赏！很高兴能为您的出游带来美好的时光。您的赞赏给予酒店很大的鼓舞，也是我们进步的动力，我们会继续保持热忱，致力让每一位宾客享有宾至如归的入住感受，热切期待您的再次光临！欢迎您再回来体验，祝生活愉快,2026-04-13T00:00:00,"# 北京索菲特大酒店 review (Ctrip)

**Rating:** 5.0/5 ★★★★★
**Travel type:** 其他

## Review
大堂看着很亮堂，不过房间有些地方旧旧的，迷你吧是第一轮免费的，住店期间耳机丢了一只，ella经理马上去房间帮我看了，结果掉在床垫缝了，可以说找的很细致了，服务真心不错，房间也很好，大大的落地窗

## Hotel response
尊敬的宾客：您好！非常感谢您的入住与赞赏！很高兴能为您的出游带来美好的时光。您的赞赏给予酒店很大的鼓舞，也是我们进步的动力，我们会继续保持热忱，致力让每一位宾客享有宾至如归的入住感受，热切期待您的再次光临！欢迎您再回来体验，祝生活愉快",https://hotels.ctrip.com/hotels/1286148.html
1946190675,1286148,北京索菲特大酒店,ctrip,2026-05-13T09:23:56,2026-05,减肥小胖,1,点评新星,False,发布于北京,家庭亲子,豪华大床房,CN,5,超棒,Cleanliness: 5.0; Location: 5.0; Service: 5.0; Facilities: 5.0,房间非常大，环境好，非常干净，服务人员服务及时周到，而且地理位置绝佳，非常适合家庭旅行或者商务出差，下次来北京还会再来,,False,True,0,2,False,尊敬的宾客您好，非常感谢您选择下榻北京索菲特大酒店并抽出宝贵的时间给予我们好评，谢谢您的分享与支持，能得到您的喜爱与赞扬，我们感到十分温暖，酒店地处二环，交通便利，步行可至1号线和2号线地铁，出行便捷，我们将秉承一贯热情的服务，期待在不久的将来再次给您更优质的入住体验！,2026-05-13T00:00:00,"# 北京索菲特大酒店 review (Ctrip)

**Rating:** 5.0/5 ★★★★★
**Travel type:** 家庭亲子

## Review
房间非常大，环境好，非常干净，服务人员服务及时周到，而且地理位置绝佳，非常适合家庭旅行或者商务出差，下次来北京还会再来

## Hotel response
尊敬的宾客您好，非常感谢您选择下榻北京索菲特大酒店并抽出宝贵的时间给予我们好评，谢谢您的分享与支持，能得到您的喜爱与赞扬，我们感到十分温暖，酒店地处二环，交通便利，步行可至1号线和2号线地铁，出行便捷，我们将秉承一贯热情的服务，期待在不久的将来再次给您更优质的入住体验！",https://hotels.ctrip.com/hotels/1286148.html
1947456695,1286148,北京索菲特大酒店,ctrip,2026-05-14T14:55:44,2026-05,莱弗考基亚蔡泽,11,点评达人,False,发布于山西,独自旅行,豪华大床房,CN,5,超棒,Cleanliness: 5.0; Location: 5.0; Service: 5.0; Facilities: 5.0,前台工作人员Miya 服务超贴心，待人礼貌友善，服务特别到位，酒店房间干净整洁，住的很舒适，入住体验非常舒心满意！,,False,True,0,3,False,尊敬的宾客您好，非常感谢您选择下榻北京索菲特大酒店并抽出宝贵的时间给予我们好评，谢谢您的分享与支持，能得到您的喜爱与赞扬，我们感到十分温暖，酒店地处二环，交通便利，步行可至1号线和2号线地铁，出行便捷，我们将秉承一贯热情的服务，期待在不久的将来再次给您更优质的入住体验！,2026-05-14T00:00:00,"# 北京索菲特大酒店 review (Ctrip)

**Rating:** 5.0/5 ★★★★★
**Travel type:** 独自旅行

## Review
前台工作人员Miya 服务超贴心，待人礼貌友善，服务特别到位，酒店房间干净整洁，住的很舒适，入住体验非常舒心满意！

## Hotel response
尊敬的宾客您好，非常感谢您选择下榻北京索菲特大酒店并抽出宝贵的时间给予我们好评，谢谢您的分享与支持，能得到您的喜爱与赞扬，我们感到十分温暖，酒店地处二环，交通便利，步行可至1号线和2号线地铁，出行便捷，我们将秉承一贯热情的服务，期待在不久的将来再次给您更优质的入住体验！",https://hotels.ctrip.com/hotels/1286148.html
1873268873,1286148,北京索菲特大酒店,ctrip,2026-03-12T14:23:22,2026-03,,1,点评新星,True,发布于北京,商务出差,豪华大床房,CN,5,超棒,Cleanliness: 5.0; Location: 5.0; Service: 5.0; Facilities: 5.0,酒店位置极佳，环境非常好，前台美丽姐姐升级了套房，房间超级nice，布局很好，两整面落地窗，采光绝绝子，圆形浴缸超级大，床头的氛围灯竟然还可以变色，清晨醒来，有种很幸福的感觉～哈哈哈～下次来还住～,,False,True,1,2,True,尊敬的宾客您好，首先非常感谢您选择北京索菲特大酒店并且抽出您宝贵的时间给予我们好评，您满意的入住以及您的肯定是对我们最大的鼓舞，期待着与您能再次相遇，最后祝愿您工作顺利，心想事成。,2026-03-12T00:00:00,"# 北京索菲特大酒店 review (Ctrip)

**Rating:** 5.0/5 ★★★★★
**Travel type:** 商务出差

## Review
酒店位置极佳，环境非常好，前台美丽姐姐升级了套房，房间超级nice，布局很好，两整面落地窗，采光绝绝子，圆形浴缸超级大，床头的氛围灯竟然还可以变色，清晨醒来，有种很幸福的感觉～哈哈哈～下次来还住～

## Hotel response
尊敬的宾客您好，首先非常感谢您选择北京索菲特大酒店并且抽出您宝贵的时间给予我们好评，您满意的入住以及您的肯定是对我们最大的鼓舞，期待着与您能再次相遇，最后祝愿您工作顺利，心想事成。",https://hotels.ctrip.com/hotels/1286148.html
1919871283,1286148,北京索菲特大酒店,ctrip,2026-04-22T15:52:27,2026-04,siecin,39,点评专家,False,发布于四川,家庭亲子,豪华大床房,CN,5,超棒,Cleanliness: 5.0; Location: 5.0; Service: 5.0; Facilities: 5.0,这次在北京的旅程，北京索菲特大酒店给我留下了美好的回忆。无论是舒适的房间、美味的食物，还是美丽的风景，都让人难以忘怀。下次再来北京，我一定会再次选择这里！,,False,True,0,3,False,尊敬的宾客：您好！非常感谢您的入住与赞赏！很高兴能为您的出游带来美好的时光。您的赞赏给予酒店很大的鼓舞，也是我们进步的动力，我们会继续保持热忱，致力让每一位宾客享有宾至如归的入住感受，热切期待您的再次光临！欢迎您再回来体验，祝生活愉快,2026-04-23T00:00:00,"# 北京索菲特大酒店 review (Ctrip)

**Rating:** 5.0/5 ★★★★★
**Travel type:** 家庭亲子

## Review
这次在北京的旅程，北京索菲特大酒店给我留下了美好的回忆。无论是舒适的房间、美味的食物，还是美丽的风景，都让人难以忘怀。下次再来北京，我一定会再次选择这里！

## Hotel response
尊敬的宾客：您好！非常感谢您的入住与赞赏！很高兴能为您的出游带来美好的时光。您的赞赏给予酒店很大的鼓舞，也是我们进步的动力，我们会继续保持热忱，致力让每一位宾客享有宾至如归的入住感受，热切期待您的再次光临！欢迎您再回来体验，祝生活愉快",https://hotels.ctrip.com/hotels/1286148.html
1987248454,1286148,北京索菲特大酒店,ctrip,2026-06-16T22:57:36,2026-06,,3,,True,,独自旅行,豪华大床房,CN,5,超棒,Cleanliness: 5.0; Location: 5.0; Service: 5.0; Facilities: 5.0,前台小梁Rebecca服务专业又友善，不仅办理手续效率高，还主动告知酒店设施、早餐时间等细节，考虑得十分周全，服务水准值得点赞。,,False,True,0,3,False,尊敬的宾客您好，首先感谢您选择下塔北京索菲特大酒店并与我们分享您的入住体验，我会将您的认可与整个酒店服务团队一起分享，我们将继续努力，不断创造更优质的入住体验，再次感谢您对我们的高度评价，我们期待着在不久将来再次能为您服务，祝您生活愉快！,2026-06-17T00:00:00,"# 北京索菲特大酒店 review (Ctrip)

**Rating:** 5.0/5 ★★★★★
**Travel type:** 独自旅行

## Review
前台小梁Rebecca服务专业又友善，不仅办理手续效率高，还主动告知酒店设施、早餐时间等细节，考虑得十分周全，服务水准值得点赞。

## Hotel response
尊敬的宾客您好，首先感谢您选择下塔北京索菲特大酒店并与我们分享您的入住体验，我会将您的认可与整个酒店服务团队一起分享，我们将继续努力，不断创造更优质的入住体验，再次感谢您对我们的高度评价，我们期待着在不久将来再次能为您服务，祝您生活愉快！",https://hotels.ctrip.com/hotels/1286148.html
1913908715,1286148,北京索菲特大酒店,ctrip,2026-04-17T17:34:38,2026-04,,122,点评专家,True,发布于河南,朋友出游,豪华大床房,CN,5,超棒,Cleanliness: 5.0; Location: 5.0; Service: 5.0; Facilities: 5.0,对这家酒店印象很好，入住前Miya 提前联系我帮我安排房间，住店期间有问题他都会及时的帮我解决，房间帮我安排的也很好，住的很舒服，推荐给大家[强],,False,True,0,3,False,尊敬的宾客：您好！非常感谢您的入住与赞赏！很高兴能为您的出游带来美好的时光。您的赞赏给予酒店很大的鼓舞，也是我们进步的动力，我们会继续保持热忱，致力让每一位宾客享有宾至如归的入住感受，热切期待您的再次光临！欢迎您再回来体验，祝生活愉快,2026-04-17T00:00:00,"# 北京索菲特大酒店 review (Ctrip)

**Rating:** 5.0/5 ★★★★★
**Travel type:** 朋友出游

## Review
对这家酒店印象很好，入住前Miya 提前联系我帮我安排房间，住店期间有问题他都会及时的帮我解决，房间帮我安排的也很好，住的很舒服，推荐给大家[强]

## Hotel response
尊敬的宾客：您好！非常感谢您的入住与赞赏！很高兴能为您的出游带来美好的时光。您的赞赏给予酒店很大的鼓舞，也是我们进步的动力，我们会继续保持热忱，致力让每一位宾客享有宾至如归的入住感受，热切期待您的再次光临！欢迎您再回来体验，祝生活愉快",https://hotels.ctrip.com/hotels/1286148.html
1899626479,1286148,北京索菲特大酒店,ctrip,2026-04-05T20:08:31,2026-04,,50,点评专家,True,发布于江西,其他,豪华大床房,CN,5,超棒,Cleanliness: 5.0; Location: 5.0; Service: 5.0; Facilities: 5.0,优秀的酒店，顶级的服务，首先酒店位置好，房间面积好，朝向也好，还有特点. 前台LEAH  热情贴心，办事效率高，位置出行方便，性价比超高，整体体验非常满意，强烈推荐！,,False,True,0,3,False,尊敬的宾客：您好！非常感谢您的入住与赞赏！很高兴能为您的出游带来美好的时光。您的赞赏给予酒店很大的鼓舞，也是我们进步的动力，我们会继续保持热忱，致力让每一位宾客享有宾至如归的入住感受，热切期待您的再次光临！欢迎您再回来体验，祝生活愉快,2026-04-06T00:00:00,"# 北京索菲特大酒店 review (Ctrip)

**Rating:** 5.0/5 ★★★★★
**Travel type:** 其他

## Review
优秀的酒店，顶级的服务，首先酒店位置好，房间面积好，朝向也好，还有特点. 前台LEAH  热情贴心，办事效率高，位置出行方便，性价比超高，整体体验非常满意，强烈推荐！

## Hotel response
尊敬的宾客：您好！非常感谢您的入住与赞赏！很高兴能为您的出游带来美好的时光。您的赞赏给予酒店很大的鼓舞，也是我们进步的动力，我们会继续保持热忱，致力让每一位宾客享有宾至如归的入住感受，热切期待您的再次光临！欢迎您再回来体验，祝生活愉快",https://hotels.ctrip.com/hotels/1286148.html
1921426099,1286148,北京索菲特大酒店,ctrip,2026-04-23T20:34:39,2026-04,,2,点评新星,True,发布于浙江,独自旅行,豪华大床房,CN,5,超棒,Cleanliness: 5.0; Location: 5.0; Service: 5.0; Facilities: 5.0,整体体验超棒！房间打扫得很干净，设施齐全，采光和视野都很好。酒店位置方便酒店前台LEAH  服务很专业，办理手续也很快，安排的房间也可以,,False,True,0,3,False,尊敬的宾客：您好！非常感谢您的入住与赞赏！很高兴能为您的出游带来美好的时光。您的赞赏给予酒店很大的鼓舞，也是我们进步的动力，我们会继续保持热忱，致力让每一位宾客享有宾至如归的入住感受，热切期待您的再次光临！欢迎您再回来体验，祝生活愉快,2026-04-24T00:00:00,"# 北京索菲特大酒店 review (Ctrip)

**Rating:** 5.0/5 ★★★★★
**Travel type:** 独自旅行

## Review
整体体验超棒！房间打扫得很干净，设施齐全，采光和视野都很好。酒店位置方便酒店前台LEAH  服务很专业，办理手续也很快，安排的房间也可以

## Hotel response
尊敬的宾客：您好！非常感谢您的入住与赞赏！很高兴能为您的出游带来美好的时光。您的赞赏给予酒店很大的鼓舞，也是我们进步的动力，我们会继续保持热忱，致力让每一位宾客享有宾至如归的入住感受，热切期待您的再次光临！欢迎您再回来体验，祝生活愉快",https://hotels.ctrip.com/hotels/1286148.html
1978756891,1286148,北京索菲特大酒店,ctrip,2026-06-09T17:49:20,2026-06,我若乘風,1,点评新星,False,发布于北京,家庭亲子,智能优眠家庭客房,CN,5,超棒,Cleanliness: 5.0; Location: 5.0; Service: 5.0; Facilities: 5.0,晚间返回酒店询问周边夜宵及休闲去处，Destin耐心解答并给出实用建议，解答问题细致周全，态度亲和友善，周到服务让人倍感温暖。孩子升级早餐非常感谢！,,False,True,0,2,False,尊敬的宾客，非常感谢您对我们酒店的好评，我们会再接再厉不辜负您的好评。再次感谢您对酒店的肯定，期待再次光临，祝旅途愉快！,2026-06-10T00:00:00,"# 北京索菲特大酒店 review (Ctrip)

**Rating:** 5.0/5 ★★★★★
**Travel type:** 家庭亲子

## Review
晚间返回酒店询问周边夜宵及休闲去处，Destin耐心解答并给出实用建议，解答问题细致周全，态度亲和友善，周到服务让人倍感温暖。孩子升级早餐非常感谢！

## Hotel response
尊敬的宾客，非常感谢您对我们酒店的好评，我们会再接再厉不辜负您的好评。再次感谢您对酒店的肯定，期待再次光临，祝旅途愉快！",https://hotels.ctrip.com/hotels/1286148.html
1889083369,1286148,北京索菲特大酒店,ctrip,2026-03-27T16:19:48,2026-03,,10,点评达人,True,发布于日本,独自旅行,豪华大床房,CN,5,超棒,Cleanliness: 5.0; Location: 5.0; Service: 5.0; Facilities: 5.0,索菲特酒店大堂Sunny服务特别贴心，态度热情周到，办理入住高效快捷，全程耐心解答疑问。虽然房间有些旧，Sunny的服务特别棒，还是让整体体验感非常好，出行入住首选这家,,False,True,0,3,False,尊敬的宾客您好，非常感谢您选择下榻北京索菲特大酒店并抽出宝贵的时间给予我们好评，谢谢您的分享与支持，能得到您的喜爱与赞扬，我们感到十分温暖，酒店地处二环，交通便利，步行可至1号线和2号线地铁，出行便捷，我们将秉承一贯热情的服务，期待在不久的将来再次给您更优质的入住体验！,2026-03-28T00:00:00,"# 北京索菲特大酒店 review (Ctrip)

**Rating:** 5.0/5 ★★★★★
**Travel type:** 独自旅行

## Review
索菲特酒店大堂Sunny服务特别贴心，态度热情周到，办理入住高效快捷，全程耐心解答疑问。虽然房间有些旧，Sunny的服务特别棒，还是让整体体验感非常好，出行入住首选这家

## Hotel response
尊敬的宾客您好，非常感谢您选择下榻北京索菲特大酒店并抽出宝贵的时间给予我们好评，谢谢您的分享与支持，能得到您的喜爱与赞扬，我们感到十分温暖，酒店地处二环，交通便利，步行可至1号线和2号线地铁，出行便捷，我们将秉承一贯热情的服务，期待在不久的将来再次给您更优质的入住体验！",https://hotels.ctrip.com/hotels/1286148.html
1911154883,1286148,北京索菲特大酒店,ctrip,2026-04-15T12:48:24,2026-04,爱旅行的团团～,73,点评专家,False,发布于四川,商务出差,豪华双床房,CN,5,超棒,Cleanliness: 5.0; Location: 5.0; Service: 5.0; Facilities: 5.0,酒店环境超棒，装修简约大气，房间宽敞明亮，设施齐全且很新。服务细致贴心，保洁到位，热水稳定，Wi-Fi流畅，整体体验非常满意，强烈推荐。退房后的leah 问了入住感受，推荐,,False,True,0,3,False,尊敬的宾客：您好！非常感谢您的入住与赞赏！很高兴能为您的出游带来美好的时光。您的赞赏给予酒店很大的鼓舞，也是我们进步的动力，我们会继续保持热忱，致力让每一位宾客享有宾至如归的入住感受，热切期待您的再次光临！欢迎您再回来体验，祝生活愉快,2026-04-15T00:00:00,"# 北京索菲特大酒店 review (Ctrip)

**Rating:** 5.0/5 ★★★★★
**Travel type:** 商务出差

## Review
酒店环境超棒，装修简约大气，房间宽敞明亮，设施齐全且很新。服务细致贴心，保洁到位，热水稳定，Wi-Fi流畅，整体体验非常满意，强烈推荐。退房后的leah 问了入住感受，推荐

## Hotel response
尊敬的宾客：您好！非常感谢您的入住与赞赏！很高兴能为您的出游带来美好的时光。您的赞赏给予酒店很大的鼓舞，也是我们进步的动力，我们会继续保持热忱，致力让每一位宾客享有宾至如归的入住感受，热切期待您的再次光临！欢迎您再回来体验，祝生活愉快",https://hotels.ctrip.com/hotels/1286148.html
1933309221,1286148,北京索菲特大酒店,ctrip,2026-05-03T16:55:50,2026-04,,9,点评达人,True,发布于北京,家庭亲子,索菲特俱乐部双床房,CN,5,超棒,Cleanliness: 5.0; Location: 5.0; Service: 5.0; Facilities: 5.0,酒店位置很好，服务设施也很棒，20楼的服务员很贴心，整体感觉很舒服，不错的一次旅行，地铁交通和附近的吃的都很方便！,,False,True,0,1,False,尊敬的宾客您好，非常感谢您选择下榻北京索菲特大酒店并抽出宝贵的时间给予我们好评，谢谢您的分享与支持，能得到您的喜爱与赞扬，我们感到十分温暖，酒店地处二环，交通便利，步行可至1号线和2号线地铁，出行便捷，我们将秉承一贯热情的服务，期待在不久的将来再次给您更优质的入住体验！,2026-05-04T00:00:00,"# 北京索菲特大酒店 review (Ctrip)

**Rating:** 5.0/5 ★★★★★
**Travel type:** 家庭亲子

## Review
酒店位置很好，服务设施也很棒，20楼的服务员很贴心，整体感觉很舒服，不错的一次旅行，地铁交通和附近的吃的都很方便！

## Hotel response
尊敬的宾客您好，非常感谢您选择下榻北京索菲特大酒店并抽出宝贵的时间给予我们好评，谢谢您的分享与支持，能得到您的喜爱与赞扬，我们感到十分温暖，酒店地处二环，交通便利，步行可至1号线和2号线地铁，出行便捷，我们将秉承一贯热情的服务，期待在不久的将来再次给您更优质的入住体验！",https://hotels.ctrip.com/hotels/1286148.html
1883494505,1286148,北京索菲特大酒店,ctrip,2026-03-22T13:07:14,2026-03,,7,点评达人,True,发布于广东,商务出差,豪华大床房,CN,5,超棒,Cleanliness: 5.0; Location: 5.0; Service: 5.0; Facilities: 5.0,这家酒店体验远超预期！前台那位小姑娘不仅人长得漂亮，笑起来眼睛弯弯的特别甜，而且态度极好，办入住时耐心又温柔，让人如沐春风。整个酒店服务都非常在线，响应及时。重点是卫生状况令人安心，房间每个角落都一尘不染。非常满意，下次来北京还会选择这里！,,False,True,0,2,False,尊敬的宾客您好，非常感谢您选择下榻北京索菲特大酒店并抽出宝贵的时间给予我们好评，谢谢您的分享与支持，能得到您的喜爱与赞扬，我们感到十分温暖，酒店地处二环，交通便利，步行可至1号线和2号线地铁，出行便捷，我们将秉承一贯热情的服务，期待在不久的将来再次给您更优质的入住体验！,2026-03-22T00:00:00,"# 北京索菲特大酒店 review (Ctrip)

**Rating:** 5.0/5 ★★★★★
**Travel type:** 商务出差

## Review
这家酒店体验远超预期！前台那位小姑娘不仅人长得漂亮，笑起来眼睛弯弯的特别甜，而且态度极好，办入住时耐心又温柔，让人如沐春风。整个酒店服务都非常在线，响应及时。重点是卫生状况令人安心，房间每个角落都一尘不染。非常满意，下次来北京还会选择这里！

## Hotel response
尊敬的宾客您好，非常感谢您选择下榻北京索菲特大酒店并抽出宝贵的时间给予我们好评，谢谢您的分享与支持，能得到您的喜爱与赞扬，我们感到十分温暖，酒店地处二环，交通便利，步行可至1号线和2号线地铁，出行便捷，我们将秉承一贯热情的服务，期待在不久的将来再次给您更优质的入住体验！",https://hotels.ctrip.com/hotels/1286148.html
1858751863,1286148,北京索菲特大酒店,ctrip,2026-02-26T15:40:12,2026-02,,1,点评新星,True,发布于北京,家庭亲子,豪华双床房,CN,5,超棒,Cleanliness: 5.0; Location: 5.0; Service: 5.0; Facilities: 5.0,整体环境优越，ella经理入住的时候帮我挑选了朝向，二环视野不错，晚上一片红尾灯，看起来是真的堵，房间有点干，北京的气温大体也就这样了，房间里面也挺好的，很干净，细节做的也很好。酒店的早餐也很好。花样很多，口味也好吃。,,False,True,0,3,False,尊敬的宾客您好，感谢您选择入住北京索菲特大酒店并给予我们好评。我们会继续努力提升酒店的服务品质，精益求精，祝愿您平安康健，幸福美满！期待您的再次莅临！,2026-02-26T00:00:00,"# 北京索菲特大酒店 review (Ctrip)

**Rating:** 5.0/5 ★★★★★
**Travel type:** 家庭亲子

## Review
整体环境优越，ella经理入住的时候帮我挑选了朝向，二环视野不错，晚上一片红尾灯，看起来是真的堵，房间有点干，北京的气温大体也就这样了，房间里面也挺好的，很干净，细节做的也很好。酒店的早餐也很好。花样很多，口味也好吃。

## Hotel response
尊敬的宾客您好，感谢您选择入住北京索菲特大酒店并给予我们好评。我们会继续努力提升酒店的服务品质，精益求精，祝愿您平安康健，幸福美满！期待您的再次莅临！",https://hotels.ctrip.com/hotels/1286148.html
1891147597,1286148,北京索菲特大酒店,ctrip,2026-03-29T16:40:49,2026-03,,11,点评达人,True,发布于北京,家庭亲子,豪华大床房,CN,5,超棒,Cleanliness: 5.0; Location: 5.0; Service: 5.0; Facilities: 5.0,酒店房间设施都不错 感谢前台Linda热情服务，提前打电话安排房间，入住非常顺利，住的很舒适。遇到问题耐心解答 入住体验拉满  必须夸夸 下次来北京玩还会入住,,False,True,0,3,False,尊敬的宾客您好，非常感谢您选择下榻北京索菲特大酒店并抽出宝贵的时间给予我们好评，谢谢您的分享与支持，能得到您的喜爱与赞扬，我们感到十分温暖，酒店地处二环，交通便利，步行可至1号线和2号线地铁，出行便捷，我们将秉承一贯热情的服务，期待在不久的将来再次给您更优质的入住体验！,2026-03-29T00:00:00,"# 北京索菲特大酒店 review (Ctrip)

**Rating:** 5.0/5 ★★★★★
**Travel type:** 家庭亲子

## Review
酒店房间设施都不错 感谢前台Linda热情服务，提前打电话安排房间，入住非常顺利，住的很舒适。遇到问题耐心解答 入住体验拉满  必须夸夸 下次来北京玩还会入住

## Hotel response
尊敬的宾客您好，非常感谢您选择下榻北京索菲特大酒店并抽出宝贵的时间给予我们好评，谢谢您的分享与支持，能得到您的喜爱与赞扬，我们感到十分温暖，酒店地处二环，交通便利，步行可至1号线和2号线地铁，出行便捷，我们将秉承一贯热情的服务，期待在不久的将来再次给您更优质的入住体验！",https://hotels.ctrip.com/hotels/1286148.html
1912425267,1286148,北京索菲特大酒店,ctrip,2026-04-16T16:03:36,2026-04,蓉蓉9785,3,点评新星,False,发布于北京,朋友出游,豪华大床房,CN,5,超棒,Cleanliness: 5.0; Location: 5.0; Service: 5.0; Facilities: 5.0,办入住是Miya接待的，帮忙准备好了房间，房间很大住的很舒适，酒店离地铁站还是蛮近的，周边还有紫光园，整体还是非常有性价比的，推荐,,False,True,0,3,False,尊敬的宾客：您好！非常感谢您的入住与赞赏！很高兴能为您的出游带来美好的时光。您的赞赏给予酒店很大的鼓舞，也是我们进步的动力，我们会继续保持热忱，致力让每一位宾客享有宾至如归的入住感受，热切期待您的再次光临！欢迎您再回来体验，祝生活愉快,2026-04-16T00:00:00,"# 北京索菲特大酒店 review (Ctrip)

**Rating:** 5.0/5 ★★★★★
**Travel type:** 朋友出游

## Review
办入住是Miya接待的，帮忙准备好了房间，房间很大住的很舒适，酒店离地铁站还是蛮近的，周边还有紫光园，整体还是非常有性价比的，推荐

## Hotel response
尊敬的宾客：您好！非常感谢您的入住与赞赏！很高兴能为您的出游带来美好的时光。您的赞赏给予酒店很大的鼓舞，也是我们进步的动力，我们会继续保持热忱，致力让每一位宾客享有宾至如归的入住感受，热切期待您的再次光临！欢迎您再回来体验，祝生活愉快",https://hotels.ctrip.com/hotels/1286148.html
1943322323,1286148,北京索菲特大酒店,ctrip,2026-05-10T17:04:51,2026-05,,2,点评新星,True,发布于北京,商务出差,豪华双床房,CN,5,超棒,Cleanliness: 5.0; Location: 5.0; Service: 5.0; Facilities: 5.0,酒店的位置不错，去哪里都挺方便。早餐可选的种类较多。入住时还给升级了房型，房间十分宽敞，设施也挺新。,,False,True,1,3,False,尊敬的宾客：您好！非常感谢您的入住与赞赏！很高兴能为您的出游带来美好的时光。您的赞赏给予酒店很大的鼓舞，也是我们进步的动力，我们会继续保持热忱，致力让每一位宾客享有宾至如归的入住感受，热切期待您的再次光临！欢迎您再回来体验，祝生活愉快,2026-05-10T00:00:00,"# 北京索菲特大酒店 review (Ctrip)

**Rating:** 5.0/5 ★★★★★
**Travel type:** 商务出差

## Review
酒店的位置不错，去哪里都挺方便。早餐可选的种类较多。入住时还给升级了房型，房间十分宽敞，设施也挺新。

## Hotel response
尊敬的宾客：您好！非常感谢您的入住与赞赏！很高兴能为您的出游带来美好的时光。您的赞赏给予酒店很大的鼓舞，也是我们进步的动力，我们会继续保持热忱，致力让每一位宾客享有宾至如归的入住感受，热切期待您的再次光临！欢迎您再回来体验，祝生活愉快",https://hotels.ctrip.com/hotels/1286148.html
1858770709,1286148,北京索菲特大酒店,ctrip,2026-02-26T15:55:27,2026-02,Hanszbh,26,点评达人,False,发布于北京,情侣出游,高级大床房,CN,5,超棒,Cleanliness: 5.0; Location: 5.0; Service: 5.0; Facilities: 5.0,第一次来，住的很满意，服务啊，环境啊，位置啊，都很好，这家房间还比较有特点，现在很多酒店都千篇一律 ，这家还行啊，可以考虑入手，ella退房问了体验，现在很多酒店服务都快餐了。根本没人理，这家可以,,False,True,0,4,False,尊敬的宾客您好，感谢您选择入住北京索菲特大酒店并给予我们好评。我们会继续努力提升酒店的服务品质，精益求精，祝愿您平安康健，幸福美满！期待您的再次莅临！,2026-02-26T00:00:00,"# 北京索菲特大酒店 review (Ctrip)

**Rating:** 5.0/5 ★★★★★
**Travel type:** 情侣出游

## Review
第一次来，住的很满意，服务啊，环境啊，位置啊，都很好，这家房间还比较有特点，现在很多酒店都千篇一律 ，这家还行啊，可以考虑入手，ella退房问了体验，现在很多酒店服务都快餐了。根本没人理，这家可以

## Hotel response
尊敬的宾客您好，感谢您选择入住北京索菲特大酒店并给予我们好评。我们会继续努力提升酒店的服务品质，精益求精，祝愿您平安康健，幸福美满！期待您的再次莅临！",https://hotels.ctrip.com/hotels/1286148.html
1929391156,1286148,北京索菲特大酒店,ctrip,2026-04-30T07:49:24,2026-04,,1,,True,,家庭亲子,豪华双床房,CN,5,超棒,Cleanliness: 5.0; Location: 5.0; Service: 5.0; Facilities: 5.0,酒店整体环境干净整洁，氛围温馨舒适。房间布局合理，设施新且好用，洗漱用品质量不错。服务人员态度友好，特别是餐厅的Candy。住得很安心，值得推荐。,,False,True,0,1,False,尊敬的宾客您好，非常感谢您选择下榻北京索菲特大酒店并抽出宝贵的时间给予我们好评，谢谢您的分享与支持，能得到您的喜爱与赞扬，我们感到十分温暖，酒店地处二环，交通便利，步行可至1号线和2号线地铁，出行便捷，我们将秉承一贯热情的服务，期待在不久的将来再次给您更优质的入住体验！,2026-04-30T00:00:00,"# 北京索菲特大酒店 review (Ctrip)

**Rating:** 5.0/5 ★★★★★
**Travel type:** 家庭亲子

## Review
酒店整体环境干净整洁，氛围温馨舒适。房间布局合理，设施新且好用，洗漱用品质量不错。服务人员态度友好，特别是餐厅的Candy。住得很安心，值得推荐。

## Hotel response
尊敬的宾客您好，非常感谢您选择下榻北京索菲特大酒店并抽出宝贵的时间给予我们好评，谢谢您的分享与支持，能得到您的喜爱与赞扬，我们感到十分温暖，酒店地处二环，交通便利，步行可至1号线和2号线地铁，出行便捷，我们将秉承一贯热情的服务，期待在不久的将来再次给您更优质的入住体验！",https://hotels.ctrip.com/hotels/1286148.html
1856800373,1286148,北京索菲特大酒店,ctrip,2026-02-24T23:37:06,2026-02,,3,点评新星,True,发布于上海,家庭亲子,豪华大床房,CN,5,超棒,Cleanliness: 5.0; Location: 5.0; Service: 5.0; Facilities: 5.0,"第一次体验非常喜欢！安利北京索菲特建国门店！酒店地理位置很不错哟，出门不远就是地铁1号线和2号线！去环球1号线很方便哦！

酒店的各方面的服务都非常热情又非常周到，帮忙办入住漂亮耐心的Beira，帮忙拿行李的工作人员，吧台，早餐自助的工作人员等等。。。酒店环境高级又洋气，整体都太赞了，这个这个床垫子，对我的老腰太友好了，躺上去软软的巨舒服，躺上就不想起了！

下次来北京还会住这家，不踩雷！",,False,True,0,3,False,尊敬的宾客您好，感谢您选择下榻北京索菲特大酒店，并抽出宝贵的时间与我们分享您的入住体验，谢谢您的分享与支持，为您服务的每一位大使都倍感荣幸，备受鼓舞，我们一定会再接再厉，专心的服务每一位尊贵客人，再次感谢您的评价，祝您身体健康，吉祥如意。,2026-02-25T00:00:00,"# 北京索菲特大酒店 review (Ctrip)

**Rating:** 5.0/5 ★★★★★
**Travel type:** 家庭亲子

## Review
第一次体验非常喜欢！安利北京索菲特建国门店！酒店地理位置很不错哟，出门不远就是地铁1号线和2号线！去环球1号线很方便哦！

酒店的各方面的服务都非常热情又非常周到，帮忙办入住漂亮耐心的Beira，帮忙拿行李的工作人员，吧台，早餐自助的工作人员等等。。。酒店环境高级又洋气，整体都太赞了，这个这个床垫子，对我的老腰太友好了，躺上去软软的巨舒服，躺上就不想起了！

下次来北京还会住这家，不踩雷！

## Hotel response
尊敬的宾客您好，感谢您选择下榻北京索菲特大酒店，并抽出宝贵的时间与我们分享您的入住体验，谢谢您的分享与支持，为您服务的每一位大使都倍感荣幸，备受鼓舞，我们一定会再接再厉，专心的服务每一位尊贵客人，再次感谢您的评价，祝您身体健康，吉祥如意。",https://hotels.ctrip.com/hotels/1286148.html
1853709711,1286148,北京索菲特大酒店,ctrip,2026-02-22T22:37:07,2026-02,,26,点评达人,True,发布于北京,家庭亲子,豪华大床房,CN,5,超棒,Cleanliness: 5.0; Location: 5.0; Service: 5.0; Facilities: 5.0,春节去北京带家人游玩，选择入住2晚酒店，总体装修时间已久，这次出行人数较多，准备了小床，但是小床睡的不是很舒服，入住的2晚，当天晚上入住时已已经到12点，次日有早起出发去长城，次日第二天酒店给准备的早餐还是比较贴心的，让早起的我们感受温暖，总体这样的价格还是贴心的，希望下次小床的质量好一点.总体还是不错,,False,True,0,5,False,尊敬的宾客您好，感谢您选择下榻北京索菲特大酒店，并抽出宝贵的时间与我们分享您的入住体验，谢谢您的分享与支持，为您服务的每一位大使都倍感荣幸，备受鼓舞，我们一定会再接再厉，专心的服务每一位尊贵客人，再次感谢您的评价，祝您身体健康，吉祥如意。,2026-02-23T00:00:00,"# 北京索菲特大酒店 review (Ctrip)

**Rating:** 5.0/5 ★★★★★
**Travel type:** 家庭亲子

## Review
春节去北京带家人游玩，选择入住2晚酒店，总体装修时间已久，这次出行人数较多，准备了小床，但是小床睡的不是很舒服，入住的2晚，当天晚上入住时已已经到12点，次日有早起出发去长城，次日第二天酒店给准备的早餐还是比较贴心的，让早起的我们感受温暖，总体这样的价格还是贴心的，希望下次小床的质量好一点.总体还是不错

## Hotel response
尊敬的宾客您好，感谢您选择下榻北京索菲特大酒店，并抽出宝贵的时间与我们分享您的入住体验，谢谢您的分享与支持，为您服务的每一位大使都倍感荣幸，备受鼓舞，我们一定会再接再厉，专心的服务每一位尊贵客人，再次感谢您的评价，祝您身体健康，吉祥如意。",https://hotels.ctrip.com/hotels/1286148.html
1888525593,1286148,北京索菲特大酒店,ctrip,2026-03-26T23:08:47,2026-02,,1,点评新星,True,发布于北京,商务出差,豪华大床房,CN,5,超棒,Cleanliness: 5.0; Location: 5.0; Service: 5.0; Facilities: 5.0,超级惊艳的一次北京之旅，心心念念了很久的环球也是如愿以偿去了，这次来北京选择了索菲特大酒店，听说之前是W酒店 风格偏暗黑，很适合年轻人 拍照出片，房间背景墙能变色 很有趣，入住期间遇到空调问题LEO经理积极协助，添加微信后也是有求必应，外卖有机器人送很方便，就是高峰期可能要排队等一会，美中不足就是没有空调不能调节温度 这个现在应该是标配才对，总之还是很有性价比的。,,False,True,0,4,False,尊敬的宾客您好，非常感谢您选择下榻北京索菲特大酒店并抽出宝贵的时间给予我们好评，谢谢您的分享与支持，能得到您的喜爱与赞扬，我们感到十分温暖，酒店地处二环，交通便利，步行可至1号线和2号线地铁，出行便捷，我们将秉承一贯热情的服务，期待在不久的将来再次给您更优质的入住体验！,2026-03-28T00:00:00,"# 北京索菲特大酒店 review (Ctrip)

**Rating:** 5.0/5 ★★★★★
**Travel type:** 商务出差

## Review
超级惊艳的一次北京之旅，心心念念了很久的环球也是如愿以偿去了，这次来北京选择了索菲特大酒店，听说之前是W酒店 风格偏暗黑，很适合年轻人 拍照出片，房间背景墙能变色 很有趣，入住期间遇到空调问题LEO经理积极协助，添加微信后也是有求必应，外卖有机器人送很方便，就是高峰期可能要排队等一会，美中不足就是没有空调不能调节温度 这个现在应该是标配才对，总之还是很有性价比的。

## Hotel response
尊敬的宾客您好，非常感谢您选择下榻北京索菲特大酒店并抽出宝贵的时间给予我们好评，谢谢您的分享与支持，能得到您的喜爱与赞扬，我们感到十分温暖，酒店地处二环，交通便利，步行可至1号线和2号线地铁，出行便捷，我们将秉承一贯热情的服务，期待在不久的将来再次给您更优质的入住体验！",https://hotels.ctrip.com/hotels/1286148.html
1909611323,1286148,北京索菲特大酒店,ctrip,2026-04-13T22:35:31,2026-03,范大猩猩,94,点评专家,False,发布于贵州,其他,豪华大床房,CN,5,超棒,Cleanliness: 5.0; Location: 5.0; Service: 5.0; Facilities: 5.0,去北京好多次了，第一次住这家，服务比别家好，房间也开阔，ella小姐姐很耐心解答我的问题，优秀的很，点了外卖有机器人送，高峰期排队才能到，这没办法了，总体打满分。,,False,True,0,3,False,尊敬的宾客：您好！非常感谢您的入住与赞赏！很高兴能为您的出游带来美好的时光。您的赞赏给予酒店很大的鼓舞，也是我们进步的动力，我们会继续保持热忱，致力让每一位宾客享有宾至如归的入住感受，热切期待您的再次光临！欢迎您再回来体验，祝生活愉快,2026-04-14T00:00:00,"# 北京索菲特大酒店 review (Ctrip)

**Rating:** 5.0/5 ★★★★★
**Travel type:** 其他

## Review
去北京好多次了，第一次住这家，服务比别家好，房间也开阔，ella小姐姐很耐心解答我的问题，优秀的很，点了外卖有机器人送，高峰期排队才能到，这没办法了，总体打满分。

## Hotel response
尊敬的宾客：您好！非常感谢您的入住与赞赏！很高兴能为您的出游带来美好的时光。您的赞赏给予酒店很大的鼓舞，也是我们进步的动力，我们会继续保持热忱，致力让每一位宾客享有宾至如归的入住感受，热切期待您的再次光临！欢迎您再回来体验，祝生活愉快",https://hotels.ctrip.com/hotels/1286148.html
1879249409,1286148,北京索菲特大酒店,ctrip,2026-03-18T00:13:42,2026-03,媛媛82,24,点评达人,False,发布于江苏,家庭亲子,豪华双床房,CN,5,超棒,Cleanliness: 5.0; Location: 5.0; Service: 5.0; Facilities: 5.0,非常棒的一次旅行 员工Sunny提前加了微信 细致周到地提供了服务，知道小朋友生日特意安排了生日蛋糕，升级了私家套房 提供了行政礼遇 还包括了咖啡软饮不限量，商务晚餐而且两个孩子全部免费 。15楼的客房服务张凤伟在入住期间随叫随到，服务细致 床品质量好，泳池孩子很喜欢。1000多的房价享受了3000多的待遇 非常超值。酒店位置特别优越 打车去天安门，军事博物馆 王府井都10几分钟 。每一位员工都让客人如沐春风。下次去北京认准索菲特了。,,False,True,0,5,False,尊敬的宾客：您好！非常感谢您的入住与赞赏！很高兴能为您的出游带来美好的时光。您的赞赏给予酒店很大的鼓舞，也是我们进步的动力，我们会继续保持热忱，致力让每一位宾客享有宾至如归的入住感受，热切期待您的再次光临！欢迎您再回来体验，祝生活愉快,2026-03-18T00:00:00,"# 北京索菲特大酒店 review (Ctrip)

**Rating:** 5.0/5 ★★★★★
**Travel type:** 家庭亲子

## Review
非常棒的一次旅行 员工Sunny提前加了微信 细致周到地提供了服务，知道小朋友生日特意安排了生日蛋糕，升级了私家套房 提供了行政礼遇 还包括了咖啡软饮不限量，商务晚餐而且两个孩子全部免费 。15楼的客房服务张凤伟在入住期间随叫随到，服务细致 床品质量好，泳池孩子很喜欢。1000多的房价享受了3000多的待遇 非常超值。酒店位置特别优越 打车去天安门，军事博物馆 王府井都10几分钟 。每一位员工都让客人如沐春风。下次去北京认准索菲特了。

## Hotel response
尊敬的宾客：您好！非常感谢您的入住与赞赏！很高兴能为您的出游带来美好的时光。您的赞赏给予酒店很大的鼓舞，也是我们进步的动力，我们会继续保持热忱，致力让每一位宾客享有宾至如归的入住感受，热切期待您的再次光临！欢迎您再回来体验，祝生活愉快",https://hotels.ctrip.com/hotels/1286148.html
1890999121,1286148,北京索菲特大酒店,ctrip,2026-03-29T15:19:29,2026-02,Encorerocne,5,点评达人,False,发布于天津,家庭亲子,豪华家庭套房,CN,5,超棒,Cleanliness: 5.0; Location: 5.0; Service: 5.0; Facilities: 5.0,一定要给索菲特大大的好评，入住过程非常完美，提前打电话询问了需求，leo加了我的微信 到店前就安排好了一切，酒店房间很大 这点其他酒店真没法比，浴缸有特色 虽然没有体验，每天2万步回屋只想躺，房间设施有些使用痕迹 不过卫生还可以，没有智能马桶这些高科技的东西 ，蛮好的 下次来北京还会提前联系leo安排的。,,False,True,0,3,False,尊敬的宾客您好，非常感谢您选择下榻北京索菲特大酒店并抽出宝贵的时间给予我们好评，谢谢您的分享与支持，能得到您的喜爱与赞扬，我们感到十分温暖，酒店地处二环，交通便利，步行可至1号线和2号线地铁，出行便捷，我们将秉承一贯热情的服务，期待在不久的将来再次给您更优质的入住体验！,2026-03-29T00:00:00,"# 北京索菲特大酒店 review (Ctrip)

**Rating:** 5.0/5 ★★★★★
**Travel type:** 家庭亲子

## Review
一定要给索菲特大大的好评，入住过程非常完美，提前打电话询问了需求，leo加了我的微信 到店前就安排好了一切，酒店房间很大 这点其他酒店真没法比，浴缸有特色 虽然没有体验，每天2万步回屋只想躺，房间设施有些使用痕迹 不过卫生还可以，没有智能马桶这些高科技的东西 ，蛮好的 下次来北京还会提前联系leo安排的。

## Hotel response
尊敬的宾客您好，非常感谢您选择下榻北京索菲特大酒店并抽出宝贵的时间给予我们好评，谢谢您的分享与支持，能得到您的喜爱与赞扬，我们感到十分温暖，酒店地处二环，交通便利，步行可至1号线和2号线地铁，出行便捷，我们将秉承一贯热情的服务，期待在不久的将来再次给您更优质的入住体验！",https://hotels.ctrip.com/hotels/1286148.html
1915953605,1286148,北京索菲特大酒店,ctrip,2026-04-19T14:26:41,2026-04,,2,点评新星,True,发布于山东,其他,豪华大床房,CN,5,超棒,Cleanliness: 5.0; Location: 5.0; Service: 5.0; Facilities: 5.0,临时来北京出差，到店都晚上了，员工beira 帮忙办理时入住喜好，按照我的需求安排房间，整体都很好，就是大堂都是柳絮，让人感觉不是很舒服，不过也是一些不可控因素，还是可以理解的,,False,True,0,3,False,尊敬的宾客：您好！非常感谢您的入住与赞赏！很高兴能为您的出游带来美好的时光。您的赞赏给予酒店很大的鼓舞，也是我们进步的动力，我们会继续保持热忱，致力让每一位宾客享有宾至如归的入住感受，热切期待您的再次光临！欢迎您再回来体验，祝生活愉快,2026-04-19T00:00:00,"# 北京索菲特大酒店 review (Ctrip)

**Rating:** 5.0/5 ★★★★★
**Travel type:** 其他

## Review
临时来北京出差，到店都晚上了，员工beira 帮忙办理时入住喜好，按照我的需求安排房间，整体都很好，就是大堂都是柳絮，让人感觉不是很舒服，不过也是一些不可控因素，还是可以理解的

## Hotel response
尊敬的宾客：您好！非常感谢您的入住与赞赏！很高兴能为您的出游带来美好的时光。您的赞赏给予酒店很大的鼓舞，也是我们进步的动力，我们会继续保持热忱，致力让每一位宾客享有宾至如归的入住感受，热切期待您的再次光临！欢迎您再回来体验，祝生活愉快",https://hotels.ctrip.com/hotels/1286148.html
1915981545,1286148,北京索菲特大酒店,ctrip,2026-04-19T14:40:29,2026-04,,5,点评达人,True,发布于北京,情侣出游,豪华大床房,CN,5,超棒,Cleanliness: 5.0; Location: 5.0; Service: 5.0; Facilities: 5.0,前台员工beira 服务挺好的，很专业，安排的房间入住后有一些小问题，反馈后，也在即使的跟进，觉得服务还是在线的。,,False,True,0,3,False,尊敬的宾客：您好！非常感谢您的入住与赞赏！很高兴能为您的出游带来美好的时光。您的赞赏给予酒店很大的鼓舞，也是我们进步的动力，我们会继续保持热忱，致力让每一位宾客享有宾至如归的入住感受，热切期待您的再次光临！欢迎您再回来体验，祝生活愉快,2026-04-19T00:00:00,"# 北京索菲特大酒店 review (Ctrip)

**Rating:** 5.0/5 ★★★★★
**Travel type:** 情侣出游

## Review
前台员工beira 服务挺好的，很专业，安排的房间入住后有一些小问题，反馈后，也在即使的跟进，觉得服务还是在线的。

## Hotel response
尊敬的宾客：您好！非常感谢您的入住与赞赏！很高兴能为您的出游带来美好的时光。您的赞赏给予酒店很大的鼓舞，也是我们进步的动力，我们会继续保持热忱，致力让每一位宾客享有宾至如归的入住感受，热切期待您的再次光临！欢迎您再回来体验，祝生活愉快",https://hotels.ctrip.com/hotels/1286148.html
1862249707,1286148,北京索菲特大酒店,ctrip,2026-03-01T14:45:42,2026-02,,40,点评专家,True,发布于海南,商务出差,豪华大床房,CN,5,超棒,Cleanliness: 5.0; Location: 5.0; Service: 5.0; Facilities: 5.0,前台服务太棒了！尤其LEAH   服务响应速度快，解决问题能力强酒店位置非常便利，步行几分钟就到地铁站，地理位置很不错推荐，下次还会来咨询问题都细致解答，全程体验感特别好，暖心的服务让旅途更舒心，必须五星好评！,,False,True,0,3,False,尊敬的宾客：您好！非常感谢您的入住与赞赏！很高兴能为您的出游带来美好的时光。您的赞赏给予酒店很大的鼓舞，也是我们进步的动力，我们会继续保持热忱，致力让每一位宾客享有宾至如归的入住感受，热切期待您的再次光临！欢迎您再回来体验，祝生活愉快,2026-03-02T00:00:00,"# 北京索菲特大酒店 review (Ctrip)

**Rating:** 5.0/5 ★★★★★
**Travel type:** 商务出差

## Review
前台服务太棒了！尤其LEAH   服务响应速度快，解决问题能力强酒店位置非常便利，步行几分钟就到地铁站，地理位置很不错推荐，下次还会来咨询问题都细致解答，全程体验感特别好，暖心的服务让旅途更舒心，必须五星好评！

## Hotel response
尊敬的宾客：您好！非常感谢您的入住与赞赏！很高兴能为您的出游带来美好的时光。您的赞赏给予酒店很大的鼓舞，也是我们进步的动力，我们会继续保持热忱，致力让每一位宾客享有宾至如归的入住感受，热切期待您的再次光临！欢迎您再回来体验，祝生活愉快",https://hotels.ctrip.com/hotels/1286148.html
1924955487,1286148,北京索菲特大酒店,ctrip,2026-04-26T19:10:11,2026-04,,4,点评新星,True,发布于上海,商务出差,豪华大床房,CN,5,超棒,Cleanliness: 5.0; Location: 5.0; Service: 5.0; Facilities: 5.0,订的含双人晚餐的套餐。套房很大，视野也很好。感谢Destin赵云入住期间的贴心帮助，下次出差还会选择索菲特！,,False,True,0,4,False,尊敬的宾客：您好！非常感谢您的入住与赞赏！很高兴能为您的出游带来美好的时光。您的赞赏给予酒店很大的鼓舞，也是我们进步的动力，我们会继续保持热忱，致力让每一位宾客享有宾至如归的入住感受，热切期待您的再次光临！欢迎您再回来体验，祝生活愉快,2026-04-26T00:00:00,"# 北京索菲特大酒店 review (Ctrip)

**Rating:** 5.0/5 ★★★★★
**Travel type:** 商务出差

## Review
订的含双人晚餐的套餐。套房很大，视野也很好。感谢Destin赵云入住期间的贴心帮助，下次出差还会选择索菲特！

## Hotel response
尊敬的宾客：您好！非常感谢您的入住与赞赏！很高兴能为您的出游带来美好的时光。您的赞赏给予酒店很大的鼓舞，也是我们进步的动力，我们会继续保持热忱，致力让每一位宾客享有宾至如归的入住感受，热切期待您的再次光临！欢迎您再回来体验，祝生活愉快",https://hotels.ctrip.com/hotels/1286148.html
1888460341,1286148,北京索菲特大酒店,ctrip,2026-03-26T20:36:54,2026-03,,36,点评专家,True,发布于宁夏,朋友出游,豪华双床房,CN,5,超棒,Cleanliness: 5.0; Location: 5.0; Service: 5.0; Facilities: 5.0,前台服务规范有序，工作人员leah  很好  有问必答，办事麻利不拖沓，让人感觉很踏实。住了这么多酒店，这家的前台服务绝对算得上是数一数二的，推荐,,False,True,0,3,False,尊敬的宾客您好，非常感谢您选择下榻北京索菲特大酒店并抽出宝贵的时间给予我们好评，谢谢您的分享与支持，能得到您的喜爱与赞扬，我们感到十分温暖，酒店地处二环，交通便利，步行可至1号线和2号线地铁，出行便捷，我们将秉承一贯热情的服务，期待在不久的将来再次给您更优质的入住体验！,2026-03-28T00:00:00,"# 北京索菲特大酒店 review (Ctrip)

**Rating:** 5.0/5 ★★★★★
**Travel type:** 朋友出游

## Review
前台服务规范有序，工作人员leah  很好  有问必答，办事麻利不拖沓，让人感觉很踏实。住了这么多酒店，这家的前台服务绝对算得上是数一数二的，推荐

## Hotel response
尊敬的宾客您好，非常感谢您选择下榻北京索菲特大酒店并抽出宝贵的时间给予我们好评，谢谢您的分享与支持，能得到您的喜爱与赞扬，我们感到十分温暖，酒店地处二环，交通便利，步行可至1号线和2号线地铁，出行便捷，我们将秉承一贯热情的服务，期待在不久的将来再次给您更优质的入住体验！",https://hotels.ctrip.com/hotels/1286148.html
1946956505,1286148,北京索菲特大酒店,ctrip,2026-05-13T21:44:04,2026-04,Armstrongppe,17,点评达人,False,发布于湖北,独自旅行,豪华大床房,CN,5,超棒,Cleanliness: 5.0; Location: 5.0; Service: 5.0; Facilities: 5.0,Destin的服务品质满分，人特别温柔体贴、办事高效。全程用心服务，让人感觉被重视、住得特别舒心。,,False,True,0,3,False,尊敬的宾客您好，非常感谢您选择下榻北京索菲特大酒店并抽出宝贵的时间给予我们好评，谢谢您的分享与支持，能得到您的喜爱与赞扬，我们感到十分温暖，酒店地处二环，交通便利，步行可至1号线和2号线地铁，出行便捷，我们将秉承一贯热情的服务，期待在不久的将来再次给您更优质的入住体验！,2026-05-14T00:00:00,"# 北京索菲特大酒店 review (Ctrip)

**Rating:** 5.0/5 ★★★★★
**Travel type:** 独自旅行

## Review
Destin的服务品质满分，人特别温柔体贴、办事高效。全程用心服务，让人感觉被重视、住得特别舒心。

## Hotel response
尊敬的宾客您好，非常感谢您选择下榻北京索菲特大酒店并抽出宝贵的时间给予我们好评，谢谢您的分享与支持，能得到您的喜爱与赞扬，我们感到十分温暖，酒店地处二环，交通便利，步行可至1号线和2号线地铁，出行便捷，我们将秉承一贯热情的服务，期待在不久的将来再次给您更优质的入住体验！",https://hotels.ctrip.com/hotels/1286148.html
1950791445,1286148,北京索菲特大酒店,ctrip,2026-05-17T15:37:20,2026-05,,2,点评新星,True,发布于北京,商务出差,豪华大床房,CN,5,超棒,Cleanliness: 5.0; Location: 5.0; Service: 5.0; Facilities: 5.0,不错的法国连锁酒店，给我升级了行政套房，差旅不错的选择，可以看到几个海外电台。,,False,True,0,3,False,尊敬的宾客您好，非常感谢您选择下榻北京索菲特大酒店并抽出宝贵的时间给予我们好评，谢谢您的分享与支持，能得到您的喜爱与赞扬，我们感到十分温暖，酒店地处二环，交通便利，步行可至1号线和2号线地铁，出行便捷，我们将秉承一贯热情的服务，期待在不久的将来再次给您更优质的入住体验！,2026-05-17T00:00:00,"# 北京索菲特大酒店 review (Ctrip)

**Rating:** 5.0/5 ★★★★★
**Travel type:** 商务出差

## Review
不错的法国连锁酒店，给我升级了行政套房，差旅不错的选择，可以看到几个海外电台。

## Hotel response
尊敬的宾客您好，非常感谢您选择下榻北京索菲特大酒店并抽出宝贵的时间给予我们好评，谢谢您的分享与支持，能得到您的喜爱与赞扬，我们感到十分温暖，酒店地处二环，交通便利，步行可至1号线和2号线地铁，出行便捷，我们将秉承一贯热情的服务，期待在不久的将来再次给您更优质的入住体验！",https://hotels.ctrip.com/hotels/1286148.html
1884116325,1286148,北京索菲特大酒店,ctrip,2026-03-22T18:40:49,2026-03,还有京东和巴黎,22,点评达人,False,发布于北京,商务出差,高级大床房,CN,5,超棒,Cleanliness: 5.0; Location: 5.0; Service: 5.0; Facilities: 5.0,因为到店时间比较晚，前台员工beira 办理的很快，安排的房间也还可以，就是有一些物品没有补齐，不是很理解，但是可以忽略不计，整体还是不错的,,False,True,0,3,False,尊敬的宾客您好，非常感谢您选择下榻北京索菲特大酒店并抽出宝贵的时间给予我们好评，谢谢您的分享与支持，能得到您的喜爱与赞扬，我们感到十分温暖，酒店地处二环，交通便利，步行可至1号线和2号线地铁，出行便捷，我们将秉承一贯热情的服务，期待在不久的将来再次给您更优质的入住体验！,2026-03-23T00:00:00,"# 北京索菲特大酒店 review (Ctrip)

**Rating:** 5.0/5 ★★★★★
**Travel type:** 商务出差

## Review
因为到店时间比较晚，前台员工beira 办理的很快，安排的房间也还可以，就是有一些物品没有补齐，不是很理解，但是可以忽略不计，整体还是不错的

## Hotel response
尊敬的宾客您好，非常感谢您选择下榻北京索菲特大酒店并抽出宝贵的时间给予我们好评，谢谢您的分享与支持，能得到您的喜爱与赞扬，我们感到十分温暖，酒店地处二环，交通便利，步行可至1号线和2号线地铁，出行便捷，我们将秉承一贯热情的服务，期待在不久的将来再次给您更优质的入住体验！",https://hotels.ctrip.com/hotels/1286148.html
1924090593,1286148,北京索菲特大酒店,ctrip,2026-04-26T09:59:55,2026-04,,3,点评新星,True,发布于辽宁,其他,豪华景观大床房,CN,5,超棒,Cleanliness: 5.0; Location: 5.0; Service: 5.0; Facilities: 5.0,去年住过一次索菲特，今年再次选择的原因是上次体验很好，提前微信了栗经理，一切都会安排妥当，帮我们升级到了高楼层，安静的房间，能够看到中国尊，附近地铁站走路原来只要五分钟不到，上次都没发现 每天打车二环特别堵，后面就是紫光园和赛特，周围配套还算ok，房间唯一需要的就是升级一下智能设备了 其他都蛮好！,,False,True,0,3,False,尊敬的宾客：您好！非常感谢您的入住与赞赏！很高兴能为您的出游带来美好的时光。您的赞赏给予酒店很大的鼓舞，也是我们进步的动力，我们会继续保持热忱，致力让每一位宾客享有宾至如归的入住感受，热切期待您的再次光临！欢迎您再回来体验，祝生活愉快,2026-04-26T00:00:00,"# 北京索菲特大酒店 review (Ctrip)

**Rating:** 5.0/5 ★★★★★
**Travel type:** 其他

## Review
去年住过一次索菲特，今年再次选择的原因是上次体验很好，提前微信了栗经理，一切都会安排妥当，帮我们升级到了高楼层，安静的房间，能够看到中国尊，附近地铁站走路原来只要五分钟不到，上次都没发现 每天打车二环特别堵，后面就是紫光园和赛特，周围配套还算ok，房间唯一需要的就是升级一下智能设备了 其他都蛮好！

## Hotel response
尊敬的宾客：您好！非常感谢您的入住与赞赏！很高兴能为您的出游带来美好的时光。您的赞赏给予酒店很大的鼓舞，也是我们进步的动力，我们会继续保持热忱，致力让每一位宾客享有宾至如归的入住感受，热切期待您的再次光临！欢迎您再回来体验，祝生活愉快",https://hotels.ctrip.com/hotels/1286148.html
1889410863,1286148,北京索菲特大酒店,ctrip,2026-03-27T19:11:08,2026-03,,1,点评新星,True,发布于北京,商务出差,豪华景观大床房,CN,5,超棒,Cleanliness: 5.0; Location: 5.0; Service: 5.0; Facilities: 5.0,酒店服务挺好的，特别是 beira 入住时询问入住喜好和要求合理的帮我安排房间，介绍的也很详细，入住期间沟通起来很方便下次还会选择。,,False,True,0,3,False,尊敬的宾客您好，非常感谢您选择下榻北京索菲特大酒店并抽出宝贵的时间给予我们好评，谢谢您的分享与支持，能得到您的喜爱与赞扬，我们感到十分温暖，酒店地处二环，交通便利，步行可至1号线和2号线地铁，出行便捷，我们将秉承一贯热情的服务，期待在不久的将来再次给您更优质的入住体验！,2026-03-28T00:00:00,"# 北京索菲特大酒店 review (Ctrip)

**Rating:** 5.0/5 ★★★★★
**Travel type:** 商务出差

## Review
酒店服务挺好的，特别是 beira 入住时询问入住喜好和要求合理的帮我安排房间，介绍的也很详细，入住期间沟通起来很方便下次还会选择。

## Hotel response
尊敬的宾客您好，非常感谢您选择下榻北京索菲特大酒店并抽出宝贵的时间给予我们好评，谢谢您的分享与支持，能得到您的喜爱与赞扬，我们感到十分温暖，酒店地处二环，交通便利，步行可至1号线和2号线地铁，出行便捷，我们将秉承一贯热情的服务，期待在不久的将来再次给您更优质的入住体验！",https://hotels.ctrip.com/hotels/1286148.html
1892019913,1286148,北京索菲特大酒店,ctrip,2026-03-30T10:45:41,2026-03,,27,点评达人,True,发布于北京,商务出差,豪华景观大床房,CN,5,超棒,Cleanliness: 5.0; Location: 5.0; Service: 5.0; Facilities: 5.0,入住索菲特酒店Sunny特别暖心，办理入住耐心细致，有问题都主动帮忙解决，温柔又周到。硬件虽一般，但服务真的很加分，住得很安心。,,False,True,0,3,False,尊敬的宾客您好，非常感谢您选择下榻北京索菲特大酒店并抽出宝贵的时间给予我们好评，谢谢您的分享与支持，能得到您的喜爱与赞扬，我们感到十分温暖，酒店地处二环，交通便利，步行可至1号线和2号线地铁，出行便捷，我们将秉承一贯热情的服务，期待在不久的将来再次给您更优质的入住体验！,2026-03-30T00:00:00,"# 北京索菲特大酒店 review (Ctrip)

**Rating:** 5.0/5 ★★★★★
**Travel type:** 商务出差

## Review
入住索菲特酒店Sunny特别暖心，办理入住耐心细致，有问题都主动帮忙解决，温柔又周到。硬件虽一般，但服务真的很加分，住得很安心。

## Hotel response
尊敬的宾客您好，非常感谢您选择下榻北京索菲特大酒店并抽出宝贵的时间给予我们好评，谢谢您的分享与支持，能得到您的喜爱与赞扬，我们感到十分温暖，酒店地处二环，交通便利，步行可至1号线和2号线地铁，出行便捷，我们将秉承一贯热情的服务，期待在不久的将来再次给您更优质的入住体验！",https://hotels.ctrip.com/hotels/1286148.html
1977753879,1286148,北京索菲特大酒店,ctrip,2026-06-08T21:08:25,2026-03,,29,点评达人,True,发布于广东,家庭亲子,豪华大床房,CN,5,超棒,Cleanliness: 5.0; Location: 5.0; Service: 5.0; Facilities: 5.0,满意加惊喜，前厅部工作人员服务热情又专业。Sunny办理入住、退房手续效率很高，态度亲切耐心，主动讲解酒店设施与周边出行，房间采光很好，隔音也很好！,,False,True,0,3,False,尊敬的宾客：您好！非常感谢您的入住与赞赏！很高兴能为您的出游带来美好的时光。您的赞赏给予酒店很大的鼓舞，也是我们进步的动力，我们会继续保持热忱，致力让每一位宾客享有宾至如归的入住感受，热切期待您的再次光临！欢迎您再回来体验，祝生活愉快,2026-06-09T00:00:00,"# 北京索菲特大酒店 review (Ctrip)

**Rating:** 5.0/5 ★★★★★
**Travel type:** 家庭亲子

## Review
满意加惊喜，前厅部工作人员服务热情又专业。Sunny办理入住、退房手续效率很高，态度亲切耐心，主动讲解酒店设施与周边出行，房间采光很好，隔音也很好！

## Hotel response
尊敬的宾客：您好！非常感谢您的入住与赞赏！很高兴能为您的出游带来美好的时光。您的赞赏给予酒店很大的鼓舞，也是我们进步的动力，我们会继续保持热忱，致力让每一位宾客享有宾至如归的入住感受，热切期待您的再次光临！欢迎您再回来体验，祝生活愉快",https://hotels.ctrip.com/hotels/1286148.html
1835700863,1286148,北京索菲特大酒店,ctrip,2026-02-04T16:46:42,2026-02,,2,点评新星,True,发布于北京,家庭亲子,豪华大床房,CN,5,超棒,Cleanliness: 5.0; Location: 5.0; Service: 5.0; Facilities: 5.0,带小孩来北京旅游，选择入住北京索菲特大酒店，房间很舒适，面积很大，来的时候保安帮忙拿行李🧳，早餐很棒，有北京小吃，面食特别好，食材新鲜，大堂吧下午茶也很好，我们很喜欢。服务也很好，candy 很帮忙，很照顾我们，欣赏大堂电梯总会安排工作人员帮忙按电梯，体验不错，还会再来[微笑]。,,False,True,0,3,False,尊敬的宾客您好，感谢您选择下榻北京索菲特大酒店，并抽出宝贵的时间与我们分享您的入住体验，谢谢您的分享与支持，为您服务的每一位大使都倍感荣幸，备受鼓舞，我们一定会再接再厉，专心的服务每一位尊贵客人，再次感谢您的评价，祝您身体健康，吉祥如意。,2026-02-05T00:00:00,"# 北京索菲特大酒店 review (Ctrip)

**Rating:** 5.0/5 ★★★★★
**Travel type:** 家庭亲子

## Review
带小孩来北京旅游，选择入住北京索菲特大酒店，房间很舒适，面积很大，来的时候保安帮忙拿行李🧳，早餐很棒，有北京小吃，面食特别好，食材新鲜，大堂吧下午茶也很好，我们很喜欢。服务也很好，candy 很帮忙，很照顾我们，欣赏大堂电梯总会安排工作人员帮忙按电梯，体验不错，还会再来[微笑]。

## Hotel response
尊敬的宾客您好，感谢您选择下榻北京索菲特大酒店，并抽出宝贵的时间与我们分享您的入住体验，谢谢您的分享与支持，为您服务的每一位大使都倍感荣幸，备受鼓舞，我们一定会再接再厉，专心的服务每一位尊贵客人，再次感谢您的评价，祝您身体健康，吉祥如意。",https://hotels.ctrip.com/hotels/1286148.html
1833975493,1286148,北京索菲特大酒店,ctrip,2026-02-02T21:20:39,2026-01,,25,点评达人,True,发布于北京,家庭亲子,豪华景观大床房,CN,5,超棒,Cleanliness: 5.0; Location: 5.0; Service: 5.0; Facilities: 5.0,这次入住感受还是不错的，入住时遇到了酒店beira ，服务很专业，介绍的也很详细，入住期间发生了一些问题，员工也都及时的帮我处理了。早餐也很丰富，距离地铁建国门站也很近，整体还是满意的，下次来北京还会选择索菲特。,,False,True,0,3,False,尊敬的宾客您好，感谢您选择下榻北京索菲特大酒店，并抽出宝贵的时间与我们分享您的入住体验，谢谢您的分享与支持，为您服务的每一位大使都倍感荣幸，备受鼓舞，我们一定会再接再厉，专心的服务每一位尊贵客人，再次感谢您的评价，祝您身体健康，吉祥如意。,2026-02-03T00:00:00,"# 北京索菲特大酒店 review (Ctrip)

**Rating:** 5.0/5 ★★★★★
**Travel type:** 家庭亲子

## Review
这次入住感受还是不错的，入住时遇到了酒店beira ，服务很专业，介绍的也很详细，入住期间发生了一些问题，员工也都及时的帮我处理了。早餐也很丰富，距离地铁建国门站也很近，整体还是满意的，下次来北京还会选择索菲特。

## Hotel response
尊敬的宾客您好，感谢您选择下榻北京索菲特大酒店，并抽出宝贵的时间与我们分享您的入住体验，谢谢您的分享与支持，为您服务的每一位大使都倍感荣幸，备受鼓舞，我们一定会再接再厉，专心的服务每一位尊贵客人，再次感谢您的评价，祝您身体健康，吉祥如意。",https://hotels.ctrip.com/hotels/1286148.html
1876922243,1286148,北京索菲特大酒店,ctrip,2026-03-15T21:14:56,2026-03,,53,点评专家,True,发布于海南,商务出差,豪华双床房,CN,5,超棒,Cleanliness: 5.0; Location: 5.0; Service: 5.0; Facilities: 5.0,服务态度热情周到，前台leah roc 办理入住高效快捷，有需求都能及时回应。性价比很高，是一次非常愉快的住宿体验，下次一定会再来，强烈推荐！,,False,True,0,3,False,尊敬的宾客您好，首先非常感谢您选择北京索菲特大酒店并且抽出您宝贵的时间给予我们好评，您满意的入住以及您的肯定是对我们最大的鼓舞，期待着与您能再次相遇，最后祝愿您工作顺利，心想事成。,2026-03-16T00:00:00,"# 北京索菲特大酒店 review (Ctrip)

**Rating:** 5.0/5 ★★★★★
**Travel type:** 商务出差

## Review
服务态度热情周到，前台leah roc 办理入住高效快捷，有需求都能及时回应。性价比很高，是一次非常愉快的住宿体验，下次一定会再来，强烈推荐！

## Hotel response
尊敬的宾客您好，首先非常感谢您选择北京索菲特大酒店并且抽出您宝贵的时间给予我们好评，您满意的入住以及您的肯定是对我们最大的鼓舞，期待着与您能再次相遇，最后祝愿您工作顺利，心想事成。",https://hotels.ctrip.com/hotels/1286148.html
1890806823,1286148,北京索菲特大酒店,ctrip,2026-03-29T12:03:39,2026-02,,2,点评新星,True,发布于辽宁,家庭亲子,豪华大床房,CN,5,超棒,Cleanliness: 5.0; Location: 5.0; Service: 5.0; Facilities: 5.0,今年来北京又回到了索菲特，上次栗经理安排的特别好，这次自然就又选择了他们家，整体体验蛮好，就是去年说会逐步升级维护这些，今年依然没有投屏和usb口这些，希望酒店能尽快升级一下吧，这些300多的酒店都有的东西，其他都蛮好了，房间够大 主要是这个浴缸孩子们很喜欢，明年回来还会选择的。,,False,True,0,3,False,尊敬的宾客您好，非常感谢您选择下榻北京索菲特大酒店并抽出宝贵的时间给予我们好评，谢谢您的分享与支持，能得到您的喜爱与赞扬，我们感到十分温暖，酒店地处二环，交通便利，步行可至1号线和2号线地铁，出行便捷，我们将秉承一贯热情的服务，期待在不久的将来再次给您更优质的入住体验！,2026-03-29T00:00:00,"# 北京索菲特大酒店 review (Ctrip)

**Rating:** 5.0/5 ★★★★★
**Travel type:** 家庭亲子

## Review
今年来北京又回到了索菲特，上次栗经理安排的特别好，这次自然就又选择了他们家，整体体验蛮好，就是去年说会逐步升级维护这些，今年依然没有投屏和usb口这些，希望酒店能尽快升级一下吧，这些300多的酒店都有的东西，其他都蛮好了，房间够大 主要是这个浴缸孩子们很喜欢，明年回来还会选择的。

## Hotel response
尊敬的宾客您好，非常感谢您选择下榻北京索菲特大酒店并抽出宝贵的时间给予我们好评，谢谢您的分享与支持，能得到您的喜爱与赞扬，我们感到十分温暖，酒店地处二环，交通便利，步行可至1号线和2号线地铁，出行便捷，我们将秉承一贯热情的服务，期待在不久的将来再次给您更优质的入住体验！",https://hotels.ctrip.com/hotels/1286148.html
1878608971,1286148,北京索菲特大酒店,ctrip,2026-03-17T14:19:59,2026-03,,7,点评达人,True,发布于北京,独自旅行,豪华大床房,CN,5,超棒,Cleanliness: 5.0; Location: 5.0; Service: 5.0; Facilities: 5.0,入住感受很好，酒店员工都很专业，素质也很高，前台员工beira 办理入住手续非常迅速，介绍设施非常详细，联系他也都及时回复 下次还会选择,,False,True,0,3,False,尊敬的宾客：您好！非常感谢您的入住与赞赏！很高兴能为您的出游带来美好的时光。您的赞赏给予酒店很大的鼓舞，也是我们进步的动力，我们会继续保持热忱，致力让每一位宾客享有宾至如归的入住感受，热切期待您的再次光临！欢迎您再回来体验，祝生活愉快,2026-03-17T00:00:00,"# 北京索菲特大酒店 review (Ctrip)

**Rating:** 5.0/5 ★★★★★
**Travel type:** 独自旅行

## Review
入住感受很好，酒店员工都很专业，素质也很高，前台员工beira 办理入住手续非常迅速，介绍设施非常详细，联系他也都及时回复 下次还会选择

## Hotel response
尊敬的宾客：您好！非常感谢您的入住与赞赏！很高兴能为您的出游带来美好的时光。您的赞赏给予酒店很大的鼓舞，也是我们进步的动力，我们会继续保持热忱，致力让每一位宾客享有宾至如归的入住感受，热切期待您的再次光临！欢迎您再回来体验，祝生活愉快",https://hotels.ctrip.com/hotels/1286148.html
1830611219,1286148,北京索菲特大酒店,ctrip,2026-01-30T16:50:52,2026-01,,30,点评专家,True,发布于上海,家庭亲子,豪华景观双床房,CN,5,超棒,Cleanliness: 5.0; Location: 5.0; Service: 5.0; Facilities: 5.0,酒店的地理位紧挨着北京站，距离大概300米，出行很方便。前台给我们房间做了升级；我小孩一个人去吃晚餐自助，虽然超过了身高，但是餐厅工作人员还是非常友好只收了儿童价格，酒店软硬件都很好，总之我们住的非常满意👍,,False,True,1,6,False,尊敬的宾客您好，感谢您选择下榻北京索菲特大酒店，并抽出宝贵的时间与我们分享您的入住体验，谢谢您的分享与支持，为您服务的每一位大使都倍感荣幸，备受鼓舞，我们一定会再接再厉，专心的服务每一位尊贵客人，再次感谢您的评价，祝您身体健康，吉祥如意。,2026-01-30T00:00:00,"# 北京索菲特大酒店 review (Ctrip)

**Rating:** 5.0/5 ★★★★★
**Travel type:** 家庭亲子

## Review
酒店的地理位紧挨着北京站，距离大概300米，出行很方便。前台给我们房间做了升级；我小孩一个人去吃晚餐自助，虽然超过了身高，但是餐厅工作人员还是非常友好只收了儿童价格，酒店软硬件都很好，总之我们住的非常满意👍

## Hotel response
尊敬的宾客您好，感谢您选择下榻北京索菲特大酒店，并抽出宝贵的时间与我们分享您的入住体验，谢谢您的分享与支持，为您服务的每一位大使都倍感荣幸，备受鼓舞，我们一定会再接再厉，专心的服务每一位尊贵客人，再次感谢您的评价，祝您身体健康，吉祥如意。",https://hotels.ctrip.com/hotels/1286148.html
1876423013,1286148,北京索菲特大酒店,ctrip,2026-03-15T16:17:31,2026-03,,12,点评达人,True,发布于北京,情侣出游,豪华大床房,CN,5,超棒,Cleanliness: 5.0; Location: 5.0; Service: 5.0; Facilities: 5.0,入住Sofitel 前台Miya 服务特别热情周到，办理入住又快又顺畅，态度温柔有耐心，提前安排好了房间，房间住得舒心又安心，强烈推荐！,,False,True,0,3,False,尊敬的宾客您好，首先非常感谢您选择北京索菲特大酒店并且抽出您宝贵的时间给予我们好评，您满意的入住以及您的肯定是对我们最大的鼓舞，期待着与您能再次相遇，最后祝愿您工作顺利，心想事成。,2026-03-16T00:00:00,"# 北京索菲特大酒店 review (Ctrip)

**Rating:** 5.0/5 ★★★★★
**Travel type:** 情侣出游

## Review
入住Sofitel 前台Miya 服务特别热情周到，办理入住又快又顺畅，态度温柔有耐心，提前安排好了房间，房间住得舒心又安心，强烈推荐！

## Hotel response
尊敬的宾客您好，首先非常感谢您选择北京索菲特大酒店并且抽出您宝贵的时间给予我们好评，您满意的入住以及您的肯定是对我们最大的鼓舞，期待着与您能再次相遇，最后祝愿您工作顺利，心想事成。",https://hotels.ctrip.com/hotels/1286148.html
1854991189,1286148,北京索菲特大酒店,ctrip,2026-02-23T19:11:00,2026-02,,1,点评新星,True,发布于山西,独自旅行,豪华大床房,CN,5,超棒,Cleanliness: 5.0; Location: 5.0; Service: 5.0; Facilities: 5.0,为前台Linda的服务打call！从进门时的亲切问候，到办理入住的娴熟高效，处处体现了五星级专业水准。退房时还贴心地询问行程并送上热水，这样有温度的服务值得点赞！,,False,True,0,3,False,尊敬的宾客您好，感谢您选择下榻北京索菲特大酒店，并抽出宝贵的时间与我们分享您的入住体验，谢谢您的分享与支持，为您服务的每一位大使都倍感荣幸，备受鼓舞，我们一定会再接再厉，专心的服务每一位尊贵客人，再次感谢您的评价，祝您身体健康，吉祥如意。,2026-02-23T00:00:00,"# 北京索菲特大酒店 review (Ctrip)

**Rating:** 5.0/5 ★★★★★
**Travel type:** 独自旅行

## Review
为前台Linda的服务打call！从进门时的亲切问候，到办理入住的娴熟高效，处处体现了五星级专业水准。退房时还贴心地询问行程并送上热水，这样有温度的服务值得点赞！

## Hotel response
尊敬的宾客您好，感谢您选择下榻北京索菲特大酒店，并抽出宝贵的时间与我们分享您的入住体验，谢谢您的分享与支持，为您服务的每一位大使都倍感荣幸，备受鼓舞，我们一定会再接再厉，专心的服务每一位尊贵客人，再次感谢您的评价，祝您身体健康，吉祥如意。",https://hotels.ctrip.com/hotels/1286148.html
1947496967,1286148,北京索菲特大酒店,ctrip,2026-05-14T15:31:11,2026-05,,1,点评新星,True,发布于北京,朋友出游,豪华大床房,CN,5,超棒,Cleanliness: 5.0; Location: 5.0; Service: 5.0; Facilities: 5.0,我们是凌晨2:00 多到的，前台Aria 康雪仍然热情接待，专业耐心,,False,True,0,4,False,尊敬的宾客您好，非常感谢您选择下榻北京索菲特大酒店并抽出宝贵的时间给予我们好评，谢谢您的分享与支持，能得到您的喜爱与赞扬，我们感到十分温暖，酒店地处二环，交通便利，步行可至1号线和2号线地铁，出行便捷，我们将秉承一贯热情的服务，期待在不久的将来再次给您更优质的入住体验！,2026-05-14T00:00:00,"# 北京索菲特大酒店 review (Ctrip)

**Rating:** 5.0/5 ★★★★★
**Travel type:** 朋友出游

## Review
我们是凌晨2:00 多到的，前台Aria 康雪仍然热情接待，专业耐心

## Hotel response
尊敬的宾客您好，非常感谢您选择下榻北京索菲特大酒店并抽出宝贵的时间给予我们好评，谢谢您的分享与支持，能得到您的喜爱与赞扬，我们感到十分温暖，酒店地处二环，交通便利，步行可至1号线和2号线地铁，出行便捷，我们将秉承一贯热情的服务，期待在不久的将来再次给您更优质的入住体验！",https://hotels.ctrip.com/hotels/1286148.html
1865637167,1286148,北京索菲特大酒店,ctrip,2026-03-04T16:59:21,2026-03,,28,点评达人,True,发布于北京,商务出差,高级大床房,CN,5,超棒,Cleanliness: 5.0; Location: 5.0; Service: 5.0; Facilities: 5.0,对这家的服务还是认可的，员工beira 提前联系我安排房间，询问入住时间，进入酒店办理入住，手续办理的也非常迅速，有问题联系他们也都及时的解决，非常好,,False,True,0,3,False,尊敬的宾客您好，首先非常感谢您选择北京索菲特大酒店并且抽出您宝贵的时间给予我们最高的评价，您满意的入住以及您的肯定是对我们最大的鼓舞，期待着与您能再次相遇，最后祝愿您工作顺利，心想事成。,2026-03-04T00:00:00,"# 北京索菲特大酒店 review (Ctrip)

**Rating:** 5.0/5 ★★★★★
**Travel type:** 商务出差

## Review
对这家的服务还是认可的，员工beira 提前联系我安排房间，询问入住时间，进入酒店办理入住，手续办理的也非常迅速，有问题联系他们也都及时的解决，非常好

## Hotel response
尊敬的宾客您好，首先非常感谢您选择北京索菲特大酒店并且抽出您宝贵的时间给予我们最高的评价，您满意的入住以及您的肯定是对我们最大的鼓舞，期待着与您能再次相遇，最后祝愿您工作顺利，心想事成。",https://hotels.ctrip.com/hotels/1286148.html
1831851059,1286148,北京索菲特大酒店,ctrip,2026-01-31T22:51:38,2026-01,,68,点评专家,True,发布于海南,家庭亲子,高级大床房,CN,5,超棒,Cleanliness: 5.0; Location: 5.0; Service: 5.0; Facilities: 5.0,一次温暖的入住体验。工作人员leah  笑容亲切，有求必应。房间布置 温馨，床垫枕头舒服极了，像在家一样。离店时还赠送了小熊，很贴心.，很热情周到，在到店之前提前联系了我们，准备好了房间，真的非常棒,,False,True,0,3,False,尊敬的宾客您好，感谢您选择下榻北京索菲特大酒店，并抽出宝贵的时间与我们分享您的入住体验，谢谢您的分享与支持，为您服务的每一位大使都倍感荣幸，备受鼓舞，我们一定会再接再厉，专心的服务每一位尊贵客人，再次感谢您的评价，祝您身体健康，吉祥如意。,2026-02-02T00:00:00,"# 北京索菲特大酒店 review (Ctrip)

**Rating:** 5.0/5 ★★★★★
**Travel type:** 家庭亲子

## Review
一次温暖的入住体验。工作人员leah  笑容亲切，有求必应。房间布置 温馨，床垫枕头舒服极了，像在家一样。离店时还赠送了小熊，很贴心.，很热情周到，在到店之前提前联系了我们，准备好了房间，真的非常棒

## Hotel response
尊敬的宾客您好，感谢您选择下榻北京索菲特大酒店，并抽出宝贵的时间与我们分享您的入住体验，谢谢您的分享与支持，为您服务的每一位大使都倍感荣幸，备受鼓舞，我们一定会再接再厉，专心的服务每一位尊贵客人，再次感谢您的评价，祝您身体健康，吉祥如意。",https://hotels.ctrip.com/hotels/1286148.html
1896899769,1286148,北京索菲特大酒店,ctrip,2026-04-03T14:34:50,2026-03,,6,点评达人,True,发布于江苏,家庭亲子,豪华大床房,CN,5,超棒,Cleanliness: 5.0; Location: 5.0; Service: 5.0; Facilities: 5.0,房间很大，很干净，交通方便，景观很好，视野很棒。前台热心的小姐姐听说小朋友第一次来北京，特意给了精英会员楼层。,,False,True,0,4,False,尊敬的宾客：您好！非常感谢您的入住与赞赏！很高兴能为您的出游带来美好的时光。您的赞赏给予酒店很大的鼓舞，也是我们进步的动力，我们会继续保持热忱，致力让每一位宾客享有宾至如归的入住感受，热切期待您的再次光临！欢迎您再回来体验，祝生活愉快,2026-04-03T00:00:00,"# 北京索菲特大酒店 review (Ctrip)

**Rating:** 5.0/5 ★★★★★
**Travel type:** 家庭亲子

## Review
房间很大，很干净，交通方便，景观很好，视野很棒。前台热心的小姐姐听说小朋友第一次来北京，特意给了精英会员楼层。

## Hotel response
尊敬的宾客：您好！非常感谢您的入住与赞赏！很高兴能为您的出游带来美好的时光。您的赞赏给予酒店很大的鼓舞，也是我们进步的动力，我们会继续保持热忱，致力让每一位宾客享有宾至如归的入住感受，热切期待您的再次光临！欢迎您再回来体验，祝生活愉快",https://hotels.ctrip.com/hotels/1286148.html
1961529155,1286148,北京索菲特大酒店,ctrip,2026-05-26T17:04:40,2026-05,,43,点评专家,True,发布于江西,其他,豪华大床房,CN,5,超棒,Cleanliness: 5.0; Location: 5.0; Service: 5.0; Facilities: 5.0,我来北京应该会一直预定索菲特大酒店 一是这里工作人员态度很好 二是位置很不错 当天入住已经很晚了 前台帮我办理入住 给了一个高层的房间 ，还帮忙送了行李，到了房间发现 房间有点烟味后Leah帮我们换了新房间 也赠送了水果态度也很好 退房时候前台经理也来送别 整体体验感很不错 下次还会来入住。,,False,True,0,5,False,尊敬的宾客：您好！非常感谢您的入住与赞赏！很高兴能为您的出游带来美好的时光。您的赞赏给予酒店很大的鼓舞，也是我们进步的动力，我们会继续保持热忱，致力让每一位宾客享有宾至如归的入住感受，热切期待您的再次光临！欢迎您再回来体验，祝生活愉快,2026-05-27T00:00:00,"# 北京索菲特大酒店 review (Ctrip)

**Rating:** 5.0/5 ★★★★★
**Travel type:** 其他

## Review
我来北京应该会一直预定索菲特大酒店 一是这里工作人员态度很好 二是位置很不错 当天入住已经很晚了 前台帮我办理入住 给了一个高层的房间 ，还帮忙送了行李，到了房间发现 房间有点烟味后Leah帮我们换了新房间 也赠送了水果态度也很好 退房时候前台经理也来送别 整体体验感很不错 下次还会来入住。

## Hotel response
尊敬的宾客：您好！非常感谢您的入住与赞赏！很高兴能为您的出游带来美好的时光。您的赞赏给予酒店很大的鼓舞，也是我们进步的动力，我们会继续保持热忱，致力让每一位宾客享有宾至如归的入住感受，热切期待您的再次光临！欢迎您再回来体验，祝生活愉快",https://hotels.ctrip.com/hotels/1286148.html
1937178731,1286148,北京索菲特大酒店,ctrip,2026-05-05T20:44:32,2026-04,,62,点评专家,True,发布于贵州,家庭亲子,豪华景观大床房,CN,5,超棒,Cleanliness: 5.0; Location: 5.0; Service: 5.0; Facilities: 5.0,春假带娃出游提前预定了酒店，位置特别好在市中心的位置，出行去哪里都方便，老酒店但是整体还不错，性价比算高的,,False,True,0,2,False,尊敬的宾客：您好！非常感谢您的入住与赞赏！很高兴能为您的出游带来美好的时光。您的赞赏给予酒店很大的鼓舞，也是我们进步的动力，我们会继续保持热忱，致力让每一位宾客享有宾至如归的入住感受，热切期待您的再次光临！欢迎您再回来体验，祝生活愉快,2026-05-06T00:00:00,"# 北京索菲特大酒店 review (Ctrip)

**Rating:** 5.0/5 ★★★★★
**Travel type:** 家庭亲子

## Review
春假带娃出游提前预定了酒店，位置特别好在市中心的位置，出行去哪里都方便，老酒店但是整体还不错，性价比算高的

## Hotel response
尊敬的宾客：您好！非常感谢您的入住与赞赏！很高兴能为您的出游带来美好的时光。您的赞赏给予酒店很大的鼓舞，也是我们进步的动力，我们会继续保持热忱，致力让每一位宾客享有宾至如归的入住感受，热切期待您的再次光临！欢迎您再回来体验，祝生活愉快",https://hotels.ctrip.com/hotels/1286148.html
1855169047,1286148,北京索菲特大酒店,ctrip,2026-02-23T21:31:29,2026-02,,22,点评达人,True,发布于湖南,家庭亲子,豪华双床房,CN,5,超棒,Cleanliness: 5.0; Location: 5.0; Service: 5.0; Facilities: 5.0,交通方便，离天安门，国博，故宫，国贸，天坛，地坛很近，去环球1号线1小时即到。房间宽敞舒适，服务热情周到贴心，有幸升级高楼层，风景独好。,,False,True,0,12,False,尊敬的宾客您好，感谢您选择下榻北京索菲特大酒店，并抽出宝贵的时间与我们分享您的入住体验，谢谢您的分享与支持，为您服务的每一位大使都倍感荣幸，备受鼓舞，我们一定会再接再厉，专心的服务每一位尊贵客人，再次感谢您的评价，祝您身体健康，吉祥如意。,2026-02-24T00:00:00,"# 北京索菲特大酒店 review (Ctrip)

**Rating:** 5.0/5 ★★★★★
**Travel type:** 家庭亲子

## Review
交通方便，离天安门，国博，故宫，国贸，天坛，地坛很近，去环球1号线1小时即到。房间宽敞舒适，服务热情周到贴心，有幸升级高楼层，风景独好。

## Hotel response
尊敬的宾客您好，感谢您选择下榻北京索菲特大酒店，并抽出宝贵的时间与我们分享您的入住体验，谢谢您的分享与支持，为您服务的每一位大使都倍感荣幸，备受鼓舞，我们一定会再接再厉，专心的服务每一位尊贵客人，再次感谢您的评价，祝您身体健康，吉祥如意。",https://hotels.ctrip.com/hotels/1286148.html
1858722525,1286148,北京索菲特大酒店,ctrip,2026-02-26T15:17:35,2026-02,,2,点评新星,True,发布于北京,其他,高级大床房,CN,5,超棒,Cleanliness: 5.0; Location: 5.0; Service: 5.0; Facilities: 5.0,ella服务很细致的哦，看我刚回来帮我延迟了一会，很人性化，房间大，有浴缸，小朋友很喜欢，北京比较干，可以多要点水，总之服务是超级满意的， 下次无脑冲,,False,True,0,3,False,尊敬的宾客您好，感谢您选择入住北京索菲特大酒店并给予我们好评。我们会继续努力提升酒店的服务品质，精益求精，祝愿您平安康健，幸福美满！期待您的再次莅临！,2026-02-26T00:00:00,"# 北京索菲特大酒店 review (Ctrip)

**Rating:** 5.0/5 ★★★★★
**Travel type:** 其他

## Review
ella服务很细致的哦，看我刚回来帮我延迟了一会，很人性化，房间大，有浴缸，小朋友很喜欢，北京比较干，可以多要点水，总之服务是超级满意的， 下次无脑冲

## Hotel response
尊敬的宾客您好，感谢您选择入住北京索菲特大酒店并给予我们好评。我们会继续努力提升酒店的服务品质，精益求精，祝愿您平安康健，幸福美满！期待您的再次莅临！",https://hotels.ctrip.com/hotels/1286148.html
1856811183,1286148,北京索菲特大酒店,ctrip,2026-02-25T00:01:46,2026-02,Black wind,25,点评达人,False,发布于辽宁,家庭亲子,豪华大床房,CN,5,超棒,Cleanliness: 5.0; Location: 5.0; Service: 5.0; Facilities: 5.0,"房间整洁明亮，设施齐全，隔音效果好。睡得特别踏实，整体的性价比也很高。
很感谢Sunny的服务，特别耐心，热情，详细在做完登记信息后，我想带孩子去吃北京的火锅与Sunny闲聊，她很热情详细的告诉我当地人去吃哪家火锅，然后也会告诉我每次出行都要到前台扫一下停车券。有减免优惠，很细心，一下让我感觉很感动，我觉得我还会再来北京旅游的，当然我还会预定该酒店的。
嘘！……Sunny是位人美心善的大美妞吖。
我有些神经衰弱，想要安静、楼层高一些的房间。Sunny很耐心、细心的帮我安排房间，并告诉有任何问题都可以随时咨询她。很暖心",,False,True,0,4,True,尊敬的宾客您好，感谢您选择下榻北京索菲特大酒店，并抽出宝贵的时间与我们分享您的入住体验，谢谢您的分享与支持，为您服务的每一位大使都倍感荣幸，备受鼓舞，我们一定会再接再厉，专心的服务每一位尊贵客人，再次感谢您的评价，祝您身体健康，吉祥如意。,2026-02-25T00:00:00,"# 北京索菲特大酒店 review (Ctrip)

**Rating:** 5.0/5 ★★★★★
**Travel type:** 家庭亲子

## Review
房间整洁明亮，设施齐全，隔音效果好。睡得特别踏实，整体的性价比也很高。
很感谢Sunny的服务，特别耐心，热情，详细在做完登记信息后，我想带孩子去吃北京的火锅与Sunny闲聊，她很热情详细的告诉我当地人去吃哪家火锅，然后也会告诉我每次出行都要到前台扫一下停车券。有减免优惠，很细心，一下让我感觉很感动，我觉得我还会再来北京旅游的，当然我还会预定该酒店的。
嘘！……Sunny是位人美心善的大美妞吖。
我有些神经衰弱，想要安静、楼层高一些的房间。Sunny很耐心、细心的帮我安排房间，并告诉有任何问题都可以随时咨询她。很暖心

## Hotel response
尊敬的宾客您好，感谢您选择下榻北京索菲特大酒店，并抽出宝贵的时间与我们分享您的入住体验，谢谢您的分享与支持，为您服务的每一位大使都倍感荣幸，备受鼓舞，我们一定会再接再厉，专心的服务每一位尊贵客人，再次感谢您的评价，祝您身体健康，吉祥如意。",https://hotels.ctrip.com/hotels/1286148.html
1801543113,1286148,北京索菲特大酒店,ctrip,2026-01-02T16:28:17,2026-01,,12,点评达人,True,发布于北京,家庭亲子,索菲特俱乐部大床房,CN,5,超棒,Cleanliness: 5.0; Location: 5.0; Service: 5.0; Facilities: 5.0,元旦带家人在北京索菲特大酒店团聚，真是太明智的选择！酒店的位置和景观绝佳，房间超赞，餐饮美味，服务一级棒！经过补差价升级为100㎡的双套间，超级震撼，双面落地窗俯瞰长安街与东二环，夜景璀璨如画。配备两个大床和大沙发，全家住得舒服顺心！大堂节日装饰温馨，享受了手冲金米兰咖啡的醇香浓厚，怡品堂的粤菜美味正宗，还有早餐丰富精美。最感动的是商务部的Leo先生全程协调，从房型建议到入住安排都给与周到考虑，让我们感受到宾至如归的温暖！前台和大堂吧行政酒廊的工作人员，还有怡品堂餐厅的赵营小姐姐，以及辛勤工作的三位客房人员（赵向芹、刘华菊、苏南南），都是非常亲切敬业。总之，强烈推荐北京索菲特，彰显五星级酒店的高端品质！,,False,True,1,12,False,尊敬的宾客，非常感谢您对我们酒店的点评，今后我们会以更优质的服务迎接宾客，再次感谢您对酒店的肯定，期待再次光临，祝旅途愉快,2026-01-02T00:00:00,"# 北京索菲特大酒店 review (Ctrip)

**Rating:** 5.0/5 ★★★★★
**Travel type:** 家庭亲子

## Review
元旦带家人在北京索菲特大酒店团聚，真是太明智的选择！酒店的位置和景观绝佳，房间超赞，餐饮美味，服务一级棒！经过补差价升级为100㎡的双套间，超级震撼，双面落地窗俯瞰长安街与东二环，夜景璀璨如画。配备两个大床和大沙发，全家住得舒服顺心！大堂节日装饰温馨，享受了手冲金米兰咖啡的醇香浓厚，怡品堂的粤菜美味正宗，还有早餐丰富精美。最感动的是商务部的Leo先生全程协调，从房型建议到入住安排都给与周到考虑，让我们感受到宾至如归的温暖！前台和大堂吧行政酒廊的工作人员，还有怡品堂餐厅的赵营小姐姐，以及辛勤工作的三位客房人员（赵向芹、刘华菊、苏南南），都是非常亲切敬业。总之，强烈推荐北京索菲特，彰显五星级酒店的高端品质！

## Hotel response
尊敬的宾客，非常感谢您对我们酒店的点评，今后我们会以更优质的服务迎接宾客，再次感谢您对酒店的肯定，期待再次光临，祝旅途愉快",https://hotels.ctrip.com/hotels/1286148.html
1884666665,1286148,北京索菲特大酒店,ctrip,2026-03-23T11:10:24,2026-03,Mr. Buddha,61,点评专家,False,发布于山东,情侣出游,豪华大床房,CN,5,超棒,Cleanliness: 5.0; Location: 5.0; Service: 5.0; Facilities: 5.0,"地理位置很好
房间环境很好
空间很大.灯还会变色很有情趣
酒店服务也很人性化很优秀
价格也很亲民
来北京很适合体验",,False,True,0,4,False,尊敬的宾客您好，非常感谢您选择下榻北京索菲特大酒店并抽出宝贵的时间给予我们好评，谢谢您的分享与支持，能得到您的喜爱与赞扬，我们感到十分温暖，酒店地处二环，交通便利，步行可至1号线和2号线地铁，出行便捷，我们将秉承一贯热情的服务，期待在不久的将来再次给您更优质的入住体验！,2026-03-23T00:00:00,"# 北京索菲特大酒店 review (Ctrip)

**Rating:** 5.0/5 ★★★★★
**Travel type:** 情侣出游

## Review
地理位置很好
房间环境很好
空间很大.灯还会变色很有情趣
酒店服务也很人性化很优秀
价格也很亲民
来北京很适合体验

## Hotel response
尊敬的宾客您好，非常感谢您选择下榻北京索菲特大酒店并抽出宝贵的时间给予我们好评，谢谢您的分享与支持，能得到您的喜爱与赞扬，我们感到十分温暖，酒店地处二环，交通便利，步行可至1号线和2号线地铁，出行便捷，我们将秉承一贯热情的服务，期待在不久的将来再次给您更优质的入住体验！",https://hotels.ctrip.com/hotels/1286148.html
1975081853,1286148,北京索菲特大酒店,ctrip,2026-06-06T17:37:28,2026-06,,3,点评新星,True,发布于北京,朋友出游,智能优眠家庭客房,CN,5,超棒,Cleanliness: 5.0; Location: 5.0; Service: 5.0; Facilities: 5.0,这个酒店的服务简直太好啦，到店了是Ella经理给我办的入住，房间也选的好，实在是太nice的小姐姐啦，房间视野超级棒，看着心情都变好啦，有机会在回去住一下,,False,True,0,3,False,尊敬的宾客：您好！非常感谢您的入住与赞赏！很高兴能为您的出游带来美好的时光。您的赞赏给予酒店很大的鼓舞，也是我们进步的动力，我们会继续保持热忱，致力让每一位宾客享有宾至如归的入住感受，热切期待您的再次光临！欢迎您再回来体验，祝生活愉快,2026-06-07T00:00:00,"# 北京索菲特大酒店 review (Ctrip)

**Rating:** 5.0/5 ★★★★★
**Travel type:** 朋友出游

## Review
这个酒店的服务简直太好啦，到店了是Ella经理给我办的入住，房间也选的好，实在是太nice的小姐姐啦，房间视野超级棒，看着心情都变好啦，有机会在回去住一下

## Hotel response
尊敬的宾客：您好！非常感谢您的入住与赞赏！很高兴能为您的出游带来美好的时光。您的赞赏给予酒店很大的鼓舞，也是我们进步的动力，我们会继续保持热忱，致力让每一位宾客享有宾至如归的入住感受，热切期待您的再次光临！欢迎您再回来体验，祝生活愉快",https://hotels.ctrip.com/hotels/1286148.html
1815658535,1286148,北京索菲特大酒店,ctrip,2026-01-15T14:39:57,2026-01,,10,点评达人,True,发布于北京,家庭亲子,豪华大床房,CN,5,超棒,Cleanliness: 5.0; Location: 5.0; Service: 5.0; Facilities: 5.0,入住前的Leah 提前问了入住要求房间的minibar首轮也是免费的给房间安排了很不错的位置可以看到街景，下次还会过来入住推荐景色别说还是不错的，有机器人送外卖，遇到高峰得等会，就是大堂有些冷别的都还可以。早餐质量不错，就是座位少了些,,False,True,1,3,False,尊敬的宾客您好，非常感谢您选择下榻北京索菲特大酒店并抽出宝贵的时间给予我们好评，谢谢您的分享与支持，能得到您的喜爱与赞扬，我们感到十分温暖，酒店地处二环，交通便利，步行可至1号线和2号线地铁，出行便捷，我们将秉承一贯热情的服务，期待在不久的将来再次给您更优质的入住体验！,2026-01-15T00:00:00,"# 北京索菲特大酒店 review (Ctrip)

**Rating:** 5.0/5 ★★★★★
**Travel type:** 家庭亲子

## Review
入住前的Leah 提前问了入住要求房间的minibar首轮也是免费的给房间安排了很不错的位置可以看到街景，下次还会过来入住推荐景色别说还是不错的，有机器人送外卖，遇到高峰得等会，就是大堂有些冷别的都还可以。早餐质量不错，就是座位少了些

## Hotel response
尊敬的宾客您好，非常感谢您选择下榻北京索菲特大酒店并抽出宝贵的时间给予我们好评，谢谢您的分享与支持，能得到您的喜爱与赞扬，我们感到十分温暖，酒店地处二环，交通便利，步行可至1号线和2号线地铁，出行便捷，我们将秉承一贯热情的服务，期待在不久的将来再次给您更优质的入住体验！",https://hotels.ctrip.com/hotels/1286148.html
1822973587,1286148,北京索菲特大酒店,ctrip,2026-01-22T18:06:17,2026-01,,1,点评新星,True,发布于北京,独自旅行,高级大床房,CN,5,超棒,Cleanliness: 5.0; Location: 5.0; Service: 5.0; Facilities: 5.0,这次入住感觉很好，前台小姑娘 beira 服务很专业，因为我到店比较早，他得知这个诉求后，第一时间来帮我解决这个问题，退房后也询问我的入住感受，整个过程都是可以感受到这家酒店是有服务的很好,,False,True,0,3,False,尊敬的宾客您好，感谢您选择下榻北京索菲特大酒店，并抽出宝贵的时间与我们分享您的入住体验，谢谢您的分享与支持，为您服务的每一位大使都倍感荣幸，备受鼓舞，我们一定会再接再厉，专心的服务每一位尊贵客人，再次感谢您的评价，祝您身体健康，吉祥如意。,2026-01-23T00:00:00,"# 北京索菲特大酒店 review (Ctrip)

**Rating:** 5.0/5 ★★★★★
**Travel type:** 独自旅行

## Review
这次入住感觉很好，前台小姑娘 beira 服务很专业，因为我到店比较早，他得知这个诉求后，第一时间来帮我解决这个问题，退房后也询问我的入住感受，整个过程都是可以感受到这家酒店是有服务的很好

## Hotel response
尊敬的宾客您好，感谢您选择下榻北京索菲特大酒店，并抽出宝贵的时间与我们分享您的入住体验，谢谢您的分享与支持，为您服务的每一位大使都倍感荣幸，备受鼓舞，我们一定会再接再厉，专心的服务每一位尊贵客人，再次感谢您的评价，祝您身体健康，吉祥如意。",https://hotels.ctrip.com/hotels/1286148.html
1857330037,1286148,北京索菲特大酒店,ctrip,2026-02-25T14:38:30,2026-02,,1,点评新星,True,发布于河北,情侣出游,豪华大床房,CN,5,超棒,Cleanliness: 5.0; Location: 5.0; Service: 5.0; Facilities: 5.0,下午1点多到店直接办理了，有房间ella经理就给入住了，过年都排队就没办法了，还挺人性化的，房间也很干净，帮我选的房间也是我喜欢的，必须好评,,False,True,0,3,False,尊敬的宾客您好，感谢您选择下榻北京索菲特大酒店，并抽出宝贵的时间与我们分享您的入住体验，谢谢您的分享与支持，为您服务的每一位大使都倍感荣幸，备受鼓舞，我们一定会再接再厉，专心的服务每一位尊贵客人，再次感谢您的评价，祝您身体健康，吉祥如意。,2026-02-25T00:00:00,"# 北京索菲特大酒店 review (Ctrip)

**Rating:** 5.0/5 ★★★★★
**Travel type:** 情侣出游

## Review
下午1点多到店直接办理了，有房间ella经理就给入住了，过年都排队就没办法了，还挺人性化的，房间也很干净，帮我选的房间也是我喜欢的，必须好评

## Hotel response
尊敬的宾客您好，感谢您选择下榻北京索菲特大酒店，并抽出宝贵的时间与我们分享您的入住体验，谢谢您的分享与支持，为您服务的每一位大使都倍感荣幸，备受鼓舞，我们一定会再接再厉，专心的服务每一位尊贵客人，再次感谢您的评价，祝您身体健康，吉祥如意。",https://hotels.ctrip.com/hotels/1286148.html
1813885973,1286148,北京索菲特大酒店,ctrip,2026-01-13T19:17:25,2026-01,,5,点评达人,True,发布于北京,情侣出游,豪华大床房,CN,5,超棒,Cleanliness: 5.0; Location: 5.0; Service: 5.0; Facilities: 5.0,真心为这家酒店的前厅部团队点赞！从进门问候到办理手续，整个流程顺畅又贴心，能明显感受到团队协作的默契。特别要夸夸Sunny，不仅主动帮我协调房型，还和同事配合着快速解决了我行李寄存的需求，分工明确又高效。这样专业的团队，真的能让住客一进门就感受到满满的暖意！,,False,True,0,3,False,尊敬的宾客您好，非常感谢您选择下榻北京索菲特大酒店并抽出宝贵的时间给予我们好评，谢谢您的分享与支持，能得到您的喜爱与赞扬，我们感到十分温暖，酒店地处二环，交通便利，步行可至1号线和2号线地铁，出行便捷，我们将秉承一贯热情的服务，期待在不久的将来再次给您更优质的入住体验！,2026-01-14T00:00:00,"# 北京索菲特大酒店 review (Ctrip)

**Rating:** 5.0/5 ★★★★★
**Travel type:** 情侣出游

## Review
真心为这家酒店的前厅部团队点赞！从进门问候到办理手续，整个流程顺畅又贴心，能明显感受到团队协作的默契。特别要夸夸Sunny，不仅主动帮我协调房型，还和同事配合着快速解决了我行李寄存的需求，分工明确又高效。这样专业的团队，真的能让住客一进门就感受到满满的暖意！

## Hotel response
尊敬的宾客您好，非常感谢您选择下榻北京索菲特大酒店并抽出宝贵的时间给予我们好评，谢谢您的分享与支持，能得到您的喜爱与赞扬，我们感到十分温暖，酒店地处二环，交通便利，步行可至1号线和2号线地铁，出行便捷，我们将秉承一贯热情的服务，期待在不久的将来再次给您更优质的入住体验！",https://hotels.ctrip.com/hotels/1286148.html
1886598283,1286148,北京索菲特大酒店,ctrip,2026-03-25T04:23:24,2026-02,,3,点评新星,True,发布于北京,朋友出游,高级大床房,CN,5,超棒,Cleanliness: 5.0; Location: 5.0; Service: 5.0; Facilities: 5.0,酒店房间设施都不错 感谢前台Destin的热情服务 还有服务中心的golden 遇到问题耐心解答 入住体验拉满 非常满意 必须夸夸 下次来北京玩还会入住,,False,True,0,3,False,尊敬的宾客您好，非常感谢您选择下榻北京索菲特大酒店并抽出宝贵的时间给予我们好评，谢谢您的分享与支持，能得到您的喜爱与赞扬，我们感到十分温暖，酒店地处二环，交通便利，步行可至1号线和2号线地铁，出行便捷，我们将秉承一贯热情的服务，期待在不久的将来再次给您更优质的入住体验！,2026-03-25T00:00:00,"# 北京索菲特大酒店 review (Ctrip)

**Rating:** 5.0/5 ★★★★★
**Travel type:** 朋友出游

## Review
酒店房间设施都不错 感谢前台Destin的热情服务 还有服务中心的golden 遇到问题耐心解答 入住体验拉满 非常满意 必须夸夸 下次来北京玩还会入住

## Hotel response
尊敬的宾客您好，非常感谢您选择下榻北京索菲特大酒店并抽出宝贵的时间给予我们好评，谢谢您的分享与支持，能得到您的喜爱与赞扬，我们感到十分温暖，酒店地处二环，交通便利，步行可至1号线和2号线地铁，出行便捷，我们将秉承一贯热情的服务，期待在不久的将来再次给您更优质的入住体验！",https://hotels.ctrip.com/hotels/1286148.html
1857448209,1286148,北京索菲特大酒店,ctrip,2026-02-25T16:02:12,2026-02,新野王翦,19,点评达人,False,发布于北京,商务出差,豪华景观大床房,CN,5,超棒,Cleanliness: 5.0; Location: 5.0; Service: 5.0; Facilities: 5.0,非常有特色的一家酒店，房间很大，床很舒适，服务非常好，尤其夸赞他们家的圆浴缸，真心推荐！景观也很不错，在房间里可以欣赏古观象台，诚挚推荐！,,False,True,0,6,False,尊敬的宾客您好，感谢您选择下榻北京索菲特大酒店，并抽出宝贵的时间与我们分享您的入住体验，谢谢您的分享与支持，为您服务的每一位大使都倍感荣幸，备受鼓舞，我们一定会再接再厉，专心的服务每一位尊贵客人，再次感谢您的评价，祝您身体健康，吉祥如意。,2026-02-25T00:00:00,"# 北京索菲特大酒店 review (Ctrip)

**Rating:** 5.0/5 ★★★★★
**Travel type:** 商务出差

## Review
非常有特色的一家酒店，房间很大，床很舒适，服务非常好，尤其夸赞他们家的圆浴缸，真心推荐！景观也很不错，在房间里可以欣赏古观象台，诚挚推荐！

## Hotel response
尊敬的宾客您好，感谢您选择下榻北京索菲特大酒店，并抽出宝贵的时间与我们分享您的入住体验，谢谢您的分享与支持，为您服务的每一位大使都倍感荣幸，备受鼓舞，我们一定会再接再厉，专心的服务每一位尊贵客人，再次感谢您的评价，祝您身体健康，吉祥如意。",https://hotels.ctrip.com/hotels/1286148.html
1811763627,1286148,北京索菲特大酒店,ctrip,2026-01-11T18:44:53,2026-01,Thanatos丶诗人,1,点评新星,False,发布于北京,情侣出游,豪华大床房,CN,5,超棒,Cleanliness: 5.0; Location: 5.0; Service: 5.0; Facilities: 5.0,酒店地理位置优越，打车很方便，工作人员服务态度很好，前台Miya 提前联系我帮忙安排好了房间，房间很大住的很舒适，有机器人送外卖真的很方便，唯一不足就是大堂有点冷，风很大，需要改进一下，整体来说还是很不错的,,False,True,0,3,False,尊敬的宾客您好，非常感谢您选择下榻北京索菲特大酒店并抽出宝贵的时间给予我们好评，谢谢您的分享与支持，能得到您的喜爱与赞扬，我们感到十分温暖，酒店地处二环，交通便利，步行可至1号线和2号线地铁，出行便捷，我们将秉承一贯热情的服务，期待在不久的将来再次给您更优质的入住体验！,2026-01-12T00:00:00,"# 北京索菲特大酒店 review (Ctrip)

**Rating:** 5.0/5 ★★★★★
**Travel type:** 情侣出游

## Review
酒店地理位置优越，打车很方便，工作人员服务态度很好，前台Miya 提前联系我帮忙安排好了房间，房间很大住的很舒适，有机器人送外卖真的很方便，唯一不足就是大堂有点冷，风很大，需要改进一下，整体来说还是很不错的

## Hotel response
尊敬的宾客您好，非常感谢您选择下榻北京索菲特大酒店并抽出宝贵的时间给予我们好评，谢谢您的分享与支持，能得到您的喜爱与赞扬，我们感到十分温暖，酒店地处二环，交通便利，步行可至1号线和2号线地铁，出行便捷，我们将秉承一贯热情的服务，期待在不久的将来再次给您更优质的入住体验！",https://hotels.ctrip.com/hotels/1286148.html
1966487999,1286148,北京索菲特大酒店,ctrip,2026-05-31T01:41:28,2026-05,Xeonsaga,2,点评新星,False,发布于北京,情侣出游,豪华大床房,CN,5,超棒,Cleanliness: 5.0; Location: 5.0; Service: 5.0; Facilities: 5.0,继承自W的风格，保持了W一贯的调调，变色灯和浴缸很有特点～,,False,True,0,2,False,尊敬的宾客：您好！非常感谢您的入住与赞赏！很高兴能为您的出游带来美好的时光。您的赞赏给予酒店很大的鼓舞，也是我们进步的动力，我们会继续保持热忱，致力让每一位宾客享有宾至如归的入住感受，热切期待您的再次光临！欢迎您再回来体验，祝生活愉快,2026-05-31T00:00:00,"# 北京索菲特大酒店 review (Ctrip)

**Rating:** 5.0/5 ★★★★★
**Travel type:** 情侣出游

## Review
继承自W的风格，保持了W一贯的调调，变色灯和浴缸很有特点～

## Hotel response
尊敬的宾客：您好！非常感谢您的入住与赞赏！很高兴能为您的出游带来美好的时光。您的赞赏给予酒店很大的鼓舞，也是我们进步的动力，我们会继续保持热忱，致力让每一位宾客享有宾至如归的入住感受，热切期待您的再次光临！欢迎您再回来体验，祝生活愉快",https://hotels.ctrip.com/hotels/1286148.html
1959770417,1286148,北京索菲特大酒店,ctrip,2026-05-25T07:43:07,2026-05,,3,点评新星,True,发布于沙特阿拉伯,情侣出游,50平米景观绮梦大床房,CN,5,超棒,Cleanliness: 5.0; Location: 5.0; Service: 5.0; Facilities: 5.0,"满意的 服务迅捷收到 给我们延长到了下午三点 早饭好吃。🚘到了之后礼宾周到 帮忙拿行李啥的。谢谢总机小金 这个打电话说延迟退房帮我们办了

如果工作人员能知道酒店哪里方便出片就更好

总体来说很好 很浪漫",,False,True,0,3,False,尊敬的宾客：您好！非常感谢您的入住与赞赏！很高兴能为您的出游带来美好的时光。您的赞赏给予酒店很大的鼓舞，也是我们进步的动力，我们会继续保持热忱，致力让每一位宾客享有宾至如归的入住感受，热切期待您的再次光临！欢迎您再回来体验，祝生活愉快,2026-05-25T00:00:00,"# 北京索菲特大酒店 review (Ctrip)

**Rating:** 5.0/5 ★★★★★
**Travel type:** 情侣出游

## Review
满意的 服务迅捷收到 给我们延长到了下午三点 早饭好吃。🚘到了之后礼宾周到 帮忙拿行李啥的。谢谢总机小金 这个打电话说延迟退房帮我们办了

如果工作人员能知道酒店哪里方便出片就更好

总体来说很好 很浪漫

## Hotel response
尊敬的宾客：您好！非常感谢您的入住与赞赏！很高兴能为您的出游带来美好的时光。您的赞赏给予酒店很大的鼓舞，也是我们进步的动力，我们会继续保持热忱，致力让每一位宾客享有宾至如归的入住感受，热切期待您的再次光临！欢迎您再回来体验，祝生活愉快",https://hotels.ctrip.com/hotels/1286148.html
1862314811,1286148,北京索菲特大酒店,ctrip,2026-03-01T15:36:33,2026-02,,13,点评达人,True,发布于北京,家庭亲子,豪华双床房,CN,5,超棒,Cleanliness: 5.0; Location: 5.0; Service: 5.0; Facilities: 5.0,非常好的一次住宿体验！双床房床很大，适合带还孩子来！交通也非常方便出门走两步就是地铁！服务也非常棒！值得推荐！下次来北京首选！,,False,True,1,1,False,尊敬的宾客：您好！非常感谢您的入住与赞赏！很高兴能为您的出游带来美好的时光。您的赞赏给予酒店很大的鼓舞，也是我们进步的动力，我们会继续保持热忱，致力让每一位宾客享有宾至如归的入住感受，热切期待您的再次光临！欢迎您再回来体验，祝生活愉快,2026-03-02T00:00:00,"# 北京索菲特大酒店 review (Ctrip)

**Rating:** 5.0/5 ★★★★★
**Travel type:** 家庭亲子

## Review
非常好的一次住宿体验！双床房床很大，适合带还孩子来！交通也非常方便出门走两步就是地铁！服务也非常棒！值得推荐！下次来北京首选！

## Hotel response
尊敬的宾客：您好！非常感谢您的入住与赞赏！很高兴能为您的出游带来美好的时光。您的赞赏给予酒店很大的鼓舞，也是我们进步的动力，我们会继续保持热忱，致力让每一位宾客享有宾至如归的入住感受，热切期待您的再次光临！欢迎您再回来体验，祝生活愉快",https://hotels.ctrip.com/hotels/1286148.html
1806684484,1286148,北京索菲特大酒店,ctrip,2026-01-06T15:31:03,2026-01,,6,,True,,朋友出游,豪华景观双床房,CN,5,超棒,Cleanliness: 5.0; Location: 5.0; Service: 5.0; Facilities: 5.0,"非常满意对这个酒店，入住时遇到了beira ，非常专业，耐心的介绍酒店设施，以及我包含的东西，在住期间找他，恢复的也非常及时，下次还会选择

比我预想的日子又延长了一天,那个要求也迅速而亲切地回应了。 托她的福，北京之行非常愉快。 谢谢。",,False,True,0,3,False,尊敬的宾客，非常感谢您对我们酒店的点评，今后我们会以更优质的服务迎接宾客，再次感谢您对酒店的肯定，期待再次光临，祝旅途愉快,2026-01-06T00:00:00,"# 北京索菲特大酒店 review (Ctrip)

**Rating:** 5.0/5 ★★★★★
**Travel type:** 朋友出游

## Review
非常满意对这个酒店，入住时遇到了beira ，非常专业，耐心的介绍酒店设施，以及我包含的东西，在住期间找他，恢复的也非常及时，下次还会选择

比我预想的日子又延长了一天,那个要求也迅速而亲切地回应了。 托她的福，北京之行非常愉快。 谢谢。

## Hotel response
尊敬的宾客，非常感谢您对我们酒店的点评，今后我们会以更优质的服务迎接宾客，再次感谢您对酒店的肯定，期待再次光临，祝旅途愉快",https://hotels.ctrip.com/hotels/1286148.html
1850847477,1286148,北京索菲特大酒店,ctrip,2026-02-20T20:19:34,2026-02,,4,点评新星,True,发布于安徽,家庭亲子,至尊双卧家庭套房,CN,5,超棒,Cleanliness: 5.0; Location: 5.0; Service: 5.0; Facilities: 5.0,"卫生：打扫的很干净每天都来打扫
环境：适合家庭出游房间面积很大
服务：不错很贴心送了水果和甜品有机器人送外卖
设施：智能化现代化咖啡机水壶都有",,False,True,0,3,False,尊敬的宾客您好，感谢您选择下榻北京索菲特大酒店，并抽出宝贵的时间与我们分享您的入住体验，谢谢您的分享与支持，为您服务的每一位大使都倍感荣幸，备受鼓舞，我们一定会再接再厉，专心的服务每一位尊贵客人，再次感谢您的评价，祝您身体健康，吉祥如意。,2026-02-23T00:00:00,"# 北京索菲特大酒店 review (Ctrip)

**Rating:** 5.0/5 ★★★★★
**Travel type:** 家庭亲子

## Review
卫生：打扫的很干净每天都来打扫
环境：适合家庭出游房间面积很大
服务：不错很贴心送了水果和甜品有机器人送外卖
设施：智能化现代化咖啡机水壶都有

## Hotel response
尊敬的宾客您好，感谢您选择下榻北京索菲特大酒店，并抽出宝贵的时间与我们分享您的入住体验，谢谢您的分享与支持，为您服务的每一位大使都倍感荣幸，备受鼓舞，我们一定会再接再厉，专心的服务每一位尊贵客人，再次感谢您的评价，祝您身体健康，吉祥如意。",https://hotels.ctrip.com/hotels/1286148.html
1921362655,1286148,北京索菲特大酒店,ctrip,2026-04-23T18:50:51,2026-04,,1,点评新星,True,发布于北京,情侣出游,豪华大床房,CN,5,超棒,Cleanliness: 5.0; Location: 5.0; Service: 5.0; Facilities: 5.0,房间很出片 很宽敞 还可以环境 夜景很好看 布置一下更有氛围感,,False,True,0,4,False,尊敬的宾客：您好！非常感谢您的入住与赞赏！很高兴能为您的出游带来美好的时光。您的赞赏给予酒店很大的鼓舞，也是我们进步的动力，我们会继续保持热忱，致力让每一位宾客享有宾至如归的入住感受，热切期待您的再次光临！欢迎您再回来体验，祝生活愉快,2026-04-24T00:00:00,"# 北京索菲特大酒店 review (Ctrip)

**Rating:** 5.0/5 ★★★★★
**Travel type:** 情侣出游

## Review
房间很出片 很宽敞 还可以环境 夜景很好看 布置一下更有氛围感

## Hotel response
尊敬的宾客：您好！非常感谢您的入住与赞赏！很高兴能为您的出游带来美好的时光。您的赞赏给予酒店很大的鼓舞，也是我们进步的动力，我们会继续保持热忱，致力让每一位宾客享有宾至如归的入住感受，热切期待您的再次光临！欢迎您再回来体验，祝生活愉快",https://hotels.ctrip.com/hotels/1286148.html
1888495069,1286148,北京索菲特大酒店,ctrip,2026-03-26T21:52:35,2026-03,每天卡布奇诺,55,点评专家,False,发布于上海,代人预订,豪华双床房,CN,5,超棒,Cleanliness: 5.0; Location: 5.0; Service: 5.0; Facilities: 5.0,入住感受还不错，员工leah 提前联系我 为我安排了房间，入住时办理的也很迅速办理手续快速顺畅，一站式服务，热情周到，添加了sunny微信有问必答，听说孩子不舒服还主动给予了帮助,,False,True,0,3,False,尊敬的宾客您好，非常感谢您选择下榻北京索菲特大酒店并抽出宝贵的时间给予我们好评，谢谢您的分享与支持，能得到您的喜爱与赞扬，我们感到十分温暖，酒店地处二环，交通便利，步行可至1号线和2号线地铁，出行便捷，我们将秉承一贯热情的服务，期待在不久的将来再次给您更优质的入住体验！,2026-03-28T00:00:00,"# 北京索菲特大酒店 review (Ctrip)

**Rating:** 5.0/5 ★★★★★
**Travel type:** 代人预订

## Review
入住感受还不错，员工leah 提前联系我 为我安排了房间，入住时办理的也很迅速办理手续快速顺畅，一站式服务，热情周到，添加了sunny微信有问必答，听说孩子不舒服还主动给予了帮助

## Hotel response
尊敬的宾客您好，非常感谢您选择下榻北京索菲特大酒店并抽出宝贵的时间给予我们好评，谢谢您的分享与支持，能得到您的喜爱与赞扬，我们感到十分温暖，酒店地处二环，交通便利，步行可至1号线和2号线地铁，出行便捷，我们将秉承一贯热情的服务，期待在不久的将来再次给您更优质的入住体验！",https://hotels.ctrip.com/hotels/1286148.html
1857923759,1286148,北京索菲特大酒店,ctrip,2026-02-25T18:49:48,2026-02,,64,点评专家,True,发布于北京,情侣出游,高级大床房,CN,5,超棒,Cleanliness: 5.0; Location: 5.0; Service: 5.0; Facilities: 5.0,入住感受还不错，员工beira 提前联系我 为我安排房间，入住时办理的也很迅速，就是房间太热了 开空调热关空调冷 不是很理解,,False,True,0,3,False,尊敬的宾客您好，感谢您选择下榻北京索菲特大酒店，并抽出宝贵的时间与我们分享您的入住体验，谢谢您的分享与支持，为您服务的每一位大使都倍感荣幸，备受鼓舞，我们一定会再接再厉，专心的服务每一位尊贵客人，再次感谢您的评价，祝您身体健康，吉祥如意。,2026-02-26T00:00:00,"# 北京索菲特大酒店 review (Ctrip)

**Rating:** 5.0/5 ★★★★★
**Travel type:** 情侣出游

## Review
入住感受还不错，员工beira 提前联系我 为我安排房间，入住时办理的也很迅速，就是房间太热了 开空调热关空调冷 不是很理解

## Hotel response
尊敬的宾客您好，感谢您选择下榻北京索菲特大酒店，并抽出宝贵的时间与我们分享您的入住体验，谢谢您的分享与支持，为您服务的每一位大使都倍感荣幸，备受鼓舞，我们一定会再接再厉，专心的服务每一位尊贵客人，再次感谢您的评价，祝您身体健康，吉祥如意。",https://hotels.ctrip.com/hotels/1286148.html
1956574079,1286148,北京索菲特大酒店,ctrip,2026-05-22T14:50:01,2026-05,,4,点评新星,True,发布于北京,其他,豪华大床房,CN,5,超棒,Cleanliness: 5.0; Location: 5.0; Service: 5.0; Facilities: 5.0,前台小梁Rebecca接待十分专业，态度亲和大方，办理流程简单顺畅，处处尽显贴心服务，整体体验感绝佳，强烈推荐入住。,,False,True,0,3,False,尊敬的宾客：您好！非常感谢您的入住与赞赏！很高兴能为您的出游带来美好的时光。您的赞赏给予酒店很大的鼓舞，也是我们进步的动力，我们会继续保持热忱，致力让每一位宾客享有宾至如归的入住感受，热切期待您的再次光临！欢迎您再回来体验，祝生活愉快,2026-05-22T00:00:00,"# 北京索菲特大酒店 review (Ctrip)

**Rating:** 5.0/5 ★★★★★
**Travel type:** 其他

## Review
前台小梁Rebecca接待十分专业，态度亲和大方，办理流程简单顺畅，处处尽显贴心服务，整体体验感绝佳，强烈推荐入住。

## Hotel response
尊敬的宾客：您好！非常感谢您的入住与赞赏！很高兴能为您的出游带来美好的时光。您的赞赏给予酒店很大的鼓舞，也是我们进步的动力，我们会继续保持热忱，致力让每一位宾客享有宾至如归的入住感受，热切期待您的再次光临！欢迎您再回来体验，祝生活愉快",https://hotels.ctrip.com/hotels/1286148.html
1841029923,1286148,北京索菲特大酒店,ctrip,2026-02-09T21:02:31,2026-02,,87,点评专家,True,发布于北京,情侣出游,高级大床房,CN,5,超棒,Cleanliness: 5.0; Location: 5.0; Service: 5.0; Facilities: 5.0,第二次来这家酒店入住了，感觉很不错，这次是leah 办理、，不仅高效办理入住，还主动帮忙安排了安静舒适的房间。酒店卫生整洁，床品干净，环境清新。位置也很便利，周边交通方便，距离地铁站很近。整体体验超预期，下次还会选择这里，值得推荐！,,False,True,0,3,False,尊敬的宾客您好，感谢您选择下榻北京索菲特大酒店，并抽出宝贵的时间与我们分享您的入住体验，谢谢您的分享与支持，为您服务的每一位大使都倍感荣幸，备受鼓舞，我们一定会再接再厉，专心的服务每一位尊贵客人，再次感谢您的评价，祝您身体健康，吉祥如意。,2026-02-10T00:00:00,"# 北京索菲特大酒店 review (Ctrip)

**Rating:** 5.0/5 ★★★★★
**Travel type:** 情侣出游

## Review
第二次来这家酒店入住了，感觉很不错，这次是leah 办理、，不仅高效办理入住，还主动帮忙安排了安静舒适的房间。酒店卫生整洁，床品干净，环境清新。位置也很便利，周边交通方便，距离地铁站很近。整体体验超预期，下次还会选择这里，值得推荐！

## Hotel response
尊敬的宾客您好，感谢您选择下榻北京索菲特大酒店，并抽出宝贵的时间与我们分享您的入住体验，谢谢您的分享与支持，为您服务的每一位大使都倍感荣幸，备受鼓舞，我们一定会再接再厉，专心的服务每一位尊贵客人，再次感谢您的评价，祝您身体健康，吉祥如意。",https://hotels.ctrip.com/hotels/1286148.html
1813896033,1286148,北京索菲特大酒店,ctrip,2026-01-13T19:34:27,2026-01,,25,点评达人,True,发布于广东,商务出差,高级大床房,CN,5,超棒,Cleanliness: 5.0; Location: 5.0; Service: 5.0; Facilities: 5.0,从前台到礼宾 ，处处能感受到用心🌹 礼宾部主动帮忙提行李 前台leah 办理很快。 就是酒店大堂太冷了，房间设施有点老旧  ，总而言之除了这个，强烈推荐，因为地理位置很不错。,,False,True,0,3,False,尊敬的宾客您好，非常感谢您选择下榻北京索菲特大酒店并抽出宝贵的时间给予我们好评，谢谢您的分享与支持，能得到您的喜爱与赞扬，我们感到十分温暖，酒店地处二环，交通便利，步行可至1号线和2号线地铁，出行便捷，我们将秉承一贯热情的服务，期待在不久的将来再次给您更优质的入住体验！,2026-01-14T00:00:00,"# 北京索菲特大酒店 review (Ctrip)

**Rating:** 5.0/5 ★★★★★
**Travel type:** 商务出差

## Review
从前台到礼宾 ，处处能感受到用心🌹 礼宾部主动帮忙提行李 前台leah 办理很快。 就是酒店大堂太冷了，房间设施有点老旧  ，总而言之除了这个，强烈推荐，因为地理位置很不错。

## Hotel response
尊敬的宾客您好，非常感谢您选择下榻北京索菲特大酒店并抽出宝贵的时间给予我们好评，谢谢您的分享与支持，能得到您的喜爱与赞扬，我们感到十分温暖，酒店地处二环，交通便利，步行可至1号线和2号线地铁，出行便捷，我们将秉承一贯热情的服务，期待在不久的将来再次给您更优质的入住体验！",https://hotels.ctrip.com/hotels/1286148.html
1928500911,1286148,北京索菲特大酒店,ctrip,2026-04-29T14:15:48,2026-04,,71,点评专家,True,发布于北京,商务出差,豪华大床房,CN,5,超棒,Cleanliness: 5.0; Location: 5.0; Service: 5.0; Facilities: 5.0,非常棒的一次旅行 员工leah  提前加了微信 细致周到地提供了服务. 无论是游玩还是办事都特别方便。环境干净安静，让人住得安心又舒心，前台leah 服务热情，安排周到，下次继续回来,,False,True,0,3,False,尊敬的宾客：您好！非常感谢您的入住与赞赏！很高兴能为您的出游带来美好的时光。您的赞赏给予酒店很大的鼓舞，也是我们进步的动力，我们会继续保持热忱，致力让每一位宾客享有宾至如归的入住感受，热切期待您的再次光临！欢迎您再回来体验，祝生活愉快,2026-04-29T00:00:00,"# 北京索菲特大酒店 review (Ctrip)

**Rating:** 5.0/5 ★★★★★
**Travel type:** 商务出差

## Review
非常棒的一次旅行 员工leah  提前加了微信 细致周到地提供了服务. 无论是游玩还是办事都特别方便。环境干净安静，让人住得安心又舒心，前台leah 服务热情，安排周到，下次继续回来

## Hotel response
尊敬的宾客：您好！非常感谢您的入住与赞赏！很高兴能为您的出游带来美好的时光。您的赞赏给予酒店很大的鼓舞，也是我们进步的动力，我们会继续保持热忱，致力让每一位宾客享有宾至如归的入住感受，热切期待您的再次光临！欢迎您再回来体验，祝生活愉快",https://hotels.ctrip.com/hotels/1286148.html
1802964177,1286148,北京索菲特大酒店,ctrip,2026-01-03T16:17:55,2025-12,tiffbb,3,点评新星,False,发布于北京,情侣出游,豪华大床房,CN,5,超棒,Cleanliness: 5.0; Location: 5.0; Service: 5.0; Facilities: 5.0,"设施与服务落差大，但楼层保洁阿人员是亮点

入住体验比较失望，主要问题在硬件和服务细节上。房间设施明显老旧：卫生间地漏下水缓慢；墙面有潮湿痕迹，部分家具边角脱皮；房间噪音较大，夜间影响休息。前台办理入住时效率较低，预定3间房间但提出同一楼层入住的要求后未能满足

但必须重点表扬楼层保洁员，主动热情打招呼，清洁态度积极到位，并主动问询我的入住诉求 非常好！",,False,True,0,1,False,尊敬的宾客，非常感谢您对我们酒店的点评，今后我们会以更优质的服务迎接宾客，再次感谢您对酒店的肯定，期待再次光临，祝旅途愉快,2026-01-04T00:00:00,"# 北京索菲特大酒店 review (Ctrip)

**Rating:** 5.0/5 ★★★★★
**Travel type:** 情侣出游

## Review
设施与服务落差大，但楼层保洁阿人员是亮点

入住体验比较失望，主要问题在硬件和服务细节上。房间设施明显老旧：卫生间地漏下水缓慢；墙面有潮湿痕迹，部分家具边角脱皮；房间噪音较大，夜间影响休息。前台办理入住时效率较低，预定3间房间但提出同一楼层入住的要求后未能满足

但必须重点表扬楼层保洁员，主动热情打招呼，清洁态度积极到位，并主动问询我的入住诉求 非常好！

## Hotel response
尊敬的宾客，非常感谢您对我们酒店的点评，今后我们会以更优质的服务迎接宾客，再次感谢您对酒店的肯定，期待再次光临，祝旅途愉快",https://hotels.ctrip.com/hotels/1286148.html
1949447807,1286148,北京索菲特大酒店,ctrip,2026-05-16T12:03:03,2026-05,,4,点评新星,True,发布于北京,情侣出游,50平米景观绮梦大床房,CN,5,超棒,Cleanliness: 5.0; Location: 5.0; Service: 5.0; Facilities: 5.0,很不错，每次回北京都来这里住，很满意,,False,True,0,3,False,尊敬的宾客您好，非常感谢您选择下榻北京索菲特大酒店并抽出宝贵的时间给予我们好评，谢谢您的分享与支持，能得到您的喜爱与赞扬，我们感到十分温暖，酒店地处二环，交通便利，步行可至1号线和2号线地铁，出行便捷，我们将秉承一贯热情的服务，期待在不久的将来再次给您更优质的入住体验！,2026-05-17T00:00:00,"# 北京索菲特大酒店 review (Ctrip)

**Rating:** 5.0/5 ★★★★★
**Travel type:** 情侣出游

## Review
很不错，每次回北京都来这里住，很满意

## Hotel response
尊敬的宾客您好，非常感谢您选择下榻北京索菲特大酒店并抽出宝贵的时间给予我们好评，谢谢您的分享与支持，能得到您的喜爱与赞扬，我们感到十分温暖，酒店地处二环，交通便利，步行可至1号线和2号线地铁，出行便捷，我们将秉承一贯热情的服务，期待在不久的将来再次给您更优质的入住体验！",https://hotels.ctrip.com/hotels/1286148.html
1815724451,1286148,北京索菲特大酒店,ctrip,2026-01-15T15:33:56,2026-01,,62,点评专家,True,发布于广东,商务出差,高级大床房,CN,5,超棒,Cleanliness: 5.0; Location: 5.0; Service: 5.0; Facilities: 5.0,强烈推荐这家酒店！位置绝佳，性价比超高的宝藏酒店！房间宽敞明亮，设施齐全，菜品品类丰富味道棒，工作人员态度亲切，住得舒心又自在，下次还来！退房的前台leah问了入住感受推荐,,False,True,1,3,False,尊敬的宾客您好，非常感谢您选择下榻北京索菲特大酒店并抽出宝贵的时间给予我们好评，谢谢您的分享与支持，能得到您的喜爱与赞扬，我们感到十分温暖，酒店地处二环，交通便利，步行可至1号线和2号线地铁，出行便捷，我们将秉承一贯热情的服务，期待在不久的将来再次给您更优质的入住体验！,2026-01-15T00:00:00,"# 北京索菲特大酒店 review (Ctrip)

**Rating:** 5.0/5 ★★★★★
**Travel type:** 商务出差

## Review
强烈推荐这家酒店！位置绝佳，性价比超高的宝藏酒店！房间宽敞明亮，设施齐全，菜品品类丰富味道棒，工作人员态度亲切，住得舒心又自在，下次还来！退房的前台leah问了入住感受推荐

## Hotel response
尊敬的宾客您好，非常感谢您选择下榻北京索菲特大酒店并抽出宝贵的时间给予我们好评，谢谢您的分享与支持，能得到您的喜爱与赞扬，我们感到十分温暖，酒店地处二环，交通便利，步行可至1号线和2号线地铁，出行便捷，我们将秉承一贯热情的服务，期待在不久的将来再次给您更优质的入住体验！",https://hotels.ctrip.com/hotels/1286148.html
1839242145,1286148,北京索菲特大酒店,ctrip,2026-02-08T10:14:42,2026-02,lostole,5,点评达人,False,发布于福建,情侣出游,豪华大床房,CN,5,超棒,Cleanliness: 5.0; Location: 5.0; Service: 5.0; Facilities: 5.0,前台接待Miya服务温馨周到，礼貌得体，操作熟练高效，酒店设施齐全且运作正常。周边交通也便利。性价比超高，整体感受特别舒心，下次来还会选择这家！,,False,True,0,3,False,尊敬的宾客您好，感谢您选择下榻北京索菲特大酒店，并抽出宝贵的时间与我们分享您的入住体验，谢谢您的分享与支持，为您服务的每一位大使都倍感荣幸，备受鼓舞，我们一定会再接再厉，专心的服务每一位尊贵客人，再次感谢您的评价，祝您身体健康，吉祥如意。,2026-02-08T00:00:00,"# 北京索菲特大酒店 review (Ctrip)

**Rating:** 5.0/5 ★★★★★
**Travel type:** 情侣出游

## Review
前台接待Miya服务温馨周到，礼貌得体，操作熟练高效，酒店设施齐全且运作正常。周边交通也便利。性价比超高，整体感受特别舒心，下次来还会选择这家！

## Hotel response
尊敬的宾客您好，感谢您选择下榻北京索菲特大酒店，并抽出宝贵的时间与我们分享您的入住体验，谢谢您的分享与支持，为您服务的每一位大使都倍感荣幸，备受鼓舞，我们一定会再接再厉，专心的服务每一位尊贵客人，再次感谢您的评价，祝您身体健康，吉祥如意。",https://hotels.ctrip.com/hotels/1286148.html
1815702089,1286148,北京索菲特大酒店,ctrip,2026-01-15T15:14:30,2026-01,,8,点评达人,True,发布于河北,家庭亲子,高级大床房,CN,5,超棒,Cleanliness: 5.0; Location: 5.0; Service: 5.0; Facilities: 5.0,入住前的Leah 提前问了入住要求房间的minibar首轮也是免费的给房间安排了很不错的位置可以看到长安街，酒店位置很好距离地铁站很近，下次过来北京还会来入住的推荐,,False,True,0,3,False,尊敬的宾客您好，非常感谢您选择下榻北京索菲特大酒店并抽出宝贵的时间给予我们好评，谢谢您的分享与支持，能得到您的喜爱与赞扬，我们感到十分温暖，酒店地处二环，交通便利，步行可至1号线和2号线地铁，出行便捷，我们将秉承一贯热情的服务，期待在不久的将来再次给您更优质的入住体验！,2026-01-15T00:00:00,"# 北京索菲特大酒店 review (Ctrip)

**Rating:** 5.0/5 ★★★★★
**Travel type:** 家庭亲子

## Review
入住前的Leah 提前问了入住要求房间的minibar首轮也是免费的给房间安排了很不错的位置可以看到长安街，酒店位置很好距离地铁站很近，下次过来北京还会来入住的推荐

## Hotel response
尊敬的宾客您好，非常感谢您选择下榻北京索菲特大酒店并抽出宝贵的时间给予我们好评，谢谢您的分享与支持，能得到您的喜爱与赞扬，我们感到十分温暖，酒店地处二环，交通便利，步行可至1号线和2号线地铁，出行便捷，我们将秉承一贯热情的服务，期待在不久的将来再次给您更优质的入住体验！",https://hotels.ctrip.com/hotels/1286148.html
1848060243,1286148,北京索菲特大酒店,ctrip,2026-02-17T21:50:01,2026-02,,98,点评专家,True,发布于北京,家庭亲子,豪华双床房,CN,5,超棒,Cleanliness: 5.0; Location: 5.0; Service: 5.0; Facilities: 5.0,酒店位置非常方便，大厅很气派，灯光氛围感十足。床品干净整洁舒适，房间也很大，还给升级房型，早餐品种也非常丰富，下回还来住。,,False,True,0,4,False,尊敬的宾客您好，感谢您选择下榻北京索菲特大酒店，并抽出宝贵的时间与我们分享您的入住体验，谢谢您的分享与支持，为您服务的每一位大使都倍感荣幸，备受鼓舞，我们一定会再接再厉，专心的服务每一位尊贵客人，再次感谢您的评价，祝您新春快乐，万事如意。,2026-02-18T00:00:00,"# 北京索菲特大酒店 review (Ctrip)

**Rating:** 5.0/5 ★★★★★
**Travel type:** 家庭亲子

## Review
酒店位置非常方便，大厅很气派，灯光氛围感十足。床品干净整洁舒适，房间也很大，还给升级房型，早餐品种也非常丰富，下回还来住。

## Hotel response
尊敬的宾客您好，感谢您选择下榻北京索菲特大酒店，并抽出宝贵的时间与我们分享您的入住体验，谢谢您的分享与支持，为您服务的每一位大使都倍感荣幸，备受鼓舞，我们一定会再接再厉，专心的服务每一位尊贵客人，再次感谢您的评价，祝您新春快乐，万事如意。",https://hotels.ctrip.com/hotels/1286148.html
1976128059,1286148,北京索菲特大酒店,ctrip,2026-06-07T19:07:48,2026-06,G.E他爹,15,点评达人,False,发布于安徽,商务出差,豪华大床房,CN,5,超棒,Cleanliness: 5.0; Location: 5.0; Service: 5.0; Facilities: 5.0,到北京出差住过几次的酒店，这次入驻前台Aria康雪给升级了下房间，酒店位置佳，出行比较方便，房间硬件完善，床品很合适,,False,True,0,1,False,尊敬的宾客：您好！非常感谢您的入住与赞赏！很高兴能为您的出游带来美好的时光。您的赞赏给予酒店很大的鼓舞，也是我们进步的动力，我们会继续保持热忱，致力让每一位宾客享有宾至如归的入住感受，热切期待您的再次光临！欢迎您再回来体验，祝生活愉快,2026-06-07T00:00:00,"# 北京索菲特大酒店 review (Ctrip)

**Rating:** 5.0/5 ★★★★★
**Travel type:** 商务出差

## Review
到北京出差住过几次的酒店，这次入驻前台Aria康雪给升级了下房间，酒店位置佳，出行比较方便，房间硬件完善，床品很合适

## Hotel response
尊敬的宾客：您好！非常感谢您的入住与赞赏！很高兴能为您的出游带来美好的时光。您的赞赏给予酒店很大的鼓舞，也是我们进步的动力，我们会继续保持热忱，致力让每一位宾客享有宾至如归的入住感受，热切期待您的再次光临！欢迎您再回来体验，祝生活愉快",https://hotels.ctrip.com/hotels/1286148.html
1823567521,1286148,北京索菲特大酒店,ctrip,2026-01-23T15:28:46,2026-01,Eddie0007,24,点评达人,False,发布于北京,商务出差,豪华大床房,CN,5,超棒,Cleanliness: 5.0; Location: 5.0; Service: 5.0; Facilities: 5.0,酒店环境可以的，入住是ella经理帮我办的，很nice的小姐姐，入住期间有问必答，房间面积挺大，视野无敌了，也干净整洁，考虑的可以直接定了，不会让人失望的,,False,True,0,3,False,尊敬的宾客您好，感谢您选择下榻北京索菲特大酒店，并抽出宝贵的时间与我们分享您的入住体验，谢谢您的分享与支持，为您服务的每一位大使都倍感荣幸，备受鼓舞，我们一定会再接再厉，专心的服务每一位尊贵客人，再次感谢您的评价，祝您身体健康，吉祥如意。,2026-01-23T00:00:00,"# 北京索菲特大酒店 review (Ctrip)

**Rating:** 5.0/5 ★★★★★
**Travel type:** 商务出差

## Review
酒店环境可以的，入住是ella经理帮我办的，很nice的小姐姐，入住期间有问必答，房间面积挺大，视野无敌了，也干净整洁，考虑的可以直接定了，不会让人失望的

## Hotel response
尊敬的宾客您好，感谢您选择下榻北京索菲特大酒店，并抽出宝贵的时间与我们分享您的入住体验，谢谢您的分享与支持，为您服务的每一位大使都倍感荣幸，备受鼓舞，我们一定会再接再厉，专心的服务每一位尊贵客人，再次感谢您的评价，祝您身体健康，吉祥如意。",https://hotels.ctrip.com/hotels/1286148.html
1849772069,1286148,北京索菲特大酒店,ctrip,2026-02-19T21:27:22,2026-02,黑八ztq,4,点评新星,False,发布于天津,情侣出游,豪华大床房,CN,5,超棒,Cleanliness: 5.0; Location: 5.0; Service: 5.0; Facilities: 5.0,入住感觉还不错，节假日期间人流量增加，但是服务质量还是非常好，有问题都及时的得到了解决，特别是 beira 服务非常好,,False,True,0,3,False,尊敬的宾客您好，感谢您选择下榻北京索菲特大酒店，并抽出宝贵的时间与我们分享您的入住体验，谢谢您的分享与支持，为您服务的每一位大使都倍感荣幸，备受鼓舞，我们一定会再接再厉，专心的服务每一位尊贵客人，再次感谢您的评价，祝您新春快乐，万事如意。,2026-02-20T00:00:00,"# 北京索菲特大酒店 review (Ctrip)

**Rating:** 5.0/5 ★★★★★
**Travel type:** 情侣出游

## Review
入住感觉还不错，节假日期间人流量增加，但是服务质量还是非常好，有问题都及时的得到了解决，特别是 beira 服务非常好

## Hotel response
尊敬的宾客您好，感谢您选择下榻北京索菲特大酒店，并抽出宝贵的时间与我们分享您的入住体验，谢谢您的分享与支持，为您服务的每一位大使都倍感荣幸，备受鼓舞，我们一定会再接再厉，专心的服务每一位尊贵客人，再次感谢您的评价，祝您新春快乐，万事如意。",https://hotels.ctrip.com/hotels/1286148.html
1801732973,1286148,北京索菲特大酒店,ctrip,2026-01-02T19:52:12,2026-01,,10,点评达人,True,发布于中国香港,情侣出游,豪华景观大床房,CN,5,超棒,Cleanliness: 5.0; Location: 5.0; Service: 5.0; Facilities: 5.0,必须为前台Linda写一条好评！Linda一句温暖的问候、一个真诚的笑容，瞬间洗去了旅途的劳顿。她不仅快速办好入住，电话问候了我们的偏好，入住时依然记得，这种被记住的感觉真好。,,False,True,0,3,False,尊敬的宾客，非常感谢您对我们酒店的点评，今后我们会以更优质的服务迎接宾客，再次感谢您对酒店的肯定，期待再次光临，祝旅途愉快,2026-01-02T00:00:00,"# 北京索菲特大酒店 review (Ctrip)

**Rating:** 5.0/5 ★★★★★
**Travel type:** 情侣出游

## Review
必须为前台Linda写一条好评！Linda一句温暖的问候、一个真诚的笑容，瞬间洗去了旅途的劳顿。她不仅快速办好入住，电话问候了我们的偏好，入住时依然记得，这种被记住的感觉真好。

## Hotel response
尊敬的宾客，非常感谢您对我们酒店的点评，今后我们会以更优质的服务迎接宾客，再次感谢您对酒店的肯定，期待再次光临，祝旅途愉快",https://hotels.ctrip.com/hotels/1286148.html
1828703708,1286148,北京索菲特大酒店,ctrip,2026-01-28T16:48:28,2026-01,,1,,True,,商务出差,高级大床房,CN,5,超棒,Cleanliness: 5.0; Location: 5.0; Service: 5.0; Facilities: 5.0,入住感受很好，入住时遇到了酒店员工beira 她的服务很专业，介绍的也很详细，有问题他都会及时的帮我解决，房间帮我安排的也很好，下次还会选择,,False,True,0,3,False,尊敬的宾客您好，感谢您选择下榻北京索菲特大酒店，并抽出宝贵的时间与我们分享您的入住体验，谢谢您的分享与支持，为您服务的每一位大使都倍感荣幸，备受鼓舞，我们一定会再接再厉，专心的服务每一位尊贵客人，再次感谢您的评价，祝您身体健康，吉祥如意。,2026-01-28T00:00:00,"# 北京索菲特大酒店 review (Ctrip)

**Rating:** 5.0/5 ★★★★★
**Travel type:** 商务出差

## Review
入住感受很好，入住时遇到了酒店员工beira 她的服务很专业，介绍的也很详细，有问题他都会及时的帮我解决，房间帮我安排的也很好，下次还会选择

## Hotel response
尊敬的宾客您好，感谢您选择下榻北京索菲特大酒店，并抽出宝贵的时间与我们分享您的入住体验，谢谢您的分享与支持，为您服务的每一位大使都倍感荣幸，备受鼓舞，我们一定会再接再厉，专心的服务每一位尊贵客人，再次感谢您的评价，祝您身体健康，吉祥如意。",https://hotels.ctrip.com/hotels/1286148.html
1802625767,1286148,北京索菲特大酒店,ctrip,2026-01-03T14:10:51,2026-01,,2,点评新星,True,发布于浙江,家庭亲子,至尊双卧家庭套房,CN,5,超棒,Cleanliness: 5.0; Location: 5.0; Service: 5.0; Facilities: 5.0,酒店整体都很好，尤其是前台的服务。前台Linda精准的预抵确认和后续的顺畅衔接，为我节省了宝贵时间，建立了坚实的信任，是可靠的出行伙伴，在索菲特这里住的很愉快，不错的选择。,,False,True,0,2,False,尊敬的宾客，非常感谢您对我们酒店的点评，今后我们会以更优质的服务迎接宾客，再次感谢您对酒店的肯定，期待再次光临，祝旅途愉快,2026-01-04T00:00:00,"# 北京索菲特大酒店 review (Ctrip)

**Rating:** 5.0/5 ★★★★★
**Travel type:** 家庭亲子

## Review
酒店整体都很好，尤其是前台的服务。前台Linda精准的预抵确认和后续的顺畅衔接，为我节省了宝贵时间，建立了坚实的信任，是可靠的出行伙伴，在索菲特这里住的很愉快，不错的选择。

## Hotel response
尊敬的宾客，非常感谢您对我们酒店的点评，今后我们会以更优质的服务迎接宾客，再次感谢您对酒店的肯定，期待再次光临，祝旅途愉快",https://hotels.ctrip.com/hotels/1286148.html
1835956929,1286148,北京索菲特大酒店,ctrip,2026-02-04T20:03:04,2026-02,Donjon😌,185,点评专家,False,发布于广东,朋友出游,高级大床房,CN,5,超棒,Cleanliness: 5.0; Location: 5.0; Service: 5.0; Facilities: 5.0,第二次住这里了，交通便利，房间卫生干净，住得很舒服，前台leah 开发票很快，入住依然还有欢迎水果，空调温度很好，很舒适，满意😀,,False,True,0,3,False,尊敬的宾客您好，感谢您选择下榻北京索菲特大酒店，并抽出宝贵的时间与我们分享您的入住体验，谢谢您的分享与支持，为您服务的每一位大使都倍感荣幸，备受鼓舞，我们一定会再接再厉，专心的服务每一位尊贵客人，再次感谢您的评价，祝您身体健康，吉祥如意。,2026-02-05T00:00:00,"# 北京索菲特大酒店 review (Ctrip)

**Rating:** 5.0/5 ★★★★★
**Travel type:** 朋友出游

## Review
第二次住这里了，交通便利，房间卫生干净，住得很舒服，前台leah 开发票很快，入住依然还有欢迎水果，空调温度很好，很舒适，满意😀

## Hotel response
尊敬的宾客您好，感谢您选择下榻北京索菲特大酒店，并抽出宝贵的时间与我们分享您的入住体验，谢谢您的分享与支持，为您服务的每一位大使都倍感荣幸，备受鼓舞，我们一定会再接再厉，专心的服务每一位尊贵客人，再次感谢您的评价，祝您身体健康，吉祥如意。",https://hotels.ctrip.com/hotels/1286148.html
1978518641,1286148,北京索菲特大酒店,ctrip,2026-06-09T16:31:18,2026-06,,12,点评达人,True,发布于天津,朋友出游,豪华双床房,CN,5,超棒,Cleanliness: 5.0; Location: 5.0; Service: 5.0; Facilities: 5.0,张先生，麻烦您啦，文案和三张酒店图片发给您啦，下午两点之后，携程上订单做个五分好评，谢谢！！！！！！,,False,True,2,3,False,尊敬的宾客，非常感谢您对我们酒店的好评，我们会再接再厉不辜负您的好评。再次感谢您对酒店的肯定，期待再次光临，祝旅途愉快！,2026-06-09T00:00:00,"# 北京索菲特大酒店 review (Ctrip)

**Rating:** 5.0/5 ★★★★★
**Travel type:** 朋友出游

## Review
张先生，麻烦您啦，文案和三张酒店图片发给您啦，下午两点之后，携程上订单做个五分好评，谢谢！！！！！！

## Hotel response
尊敬的宾客，非常感谢您对我们酒店的好评，我们会再接再厉不辜负您的好评。再次感谢您对酒店的肯定，期待再次光临，祝旅途愉快！",https://hotels.ctrip.com/hotels/1286148.html
1951334855,1286148,北京索菲特大酒店,ctrip,2026-05-17T20:35:48,2026-05,在路上,7,点评达人,False,发布于辽宁,朋友出游,豪华大床房,CN,5,超棒,Cleanliness: 5.0; Location: 5.0; Service: 5.0; Facilities: 5.0,"非常好
下次还会入住",,False,True,0,2,False,尊敬的宾客您好，非常感谢您选择下榻北京索菲特大酒店并抽出宝贵的时间给予我们好评，谢谢您的分享与支持，能得到您的喜爱与赞扬，我们感到十分温暖，酒店地处二环，交通便利，步行可至1号线和2号线地铁，出行便捷，我们将秉承一贯热情的服务，期待在不久的将来再次给您更优质的入住体验！,2026-05-17T00:00:00,"# 北京索菲特大酒店 review (Ctrip)

**Rating:** 5.0/5 ★★★★★
**Travel type:** 朋友出游

## Review
非常好
下次还会入住

## Hotel response
尊敬的宾客您好，非常感谢您选择下榻北京索菲特大酒店并抽出宝贵的时间给予我们好评，谢谢您的分享与支持，能得到您的喜爱与赞扬，我们感到十分温暖，酒店地处二环，交通便利，步行可至1号线和2号线地铁，出行便捷，我们将秉承一贯热情的服务，期待在不久的将来再次给您更优质的入住体验！",https://hotels.ctrip.com/hotels/1286148.html
1869732511,1286148,北京索菲特大酒店,ctrip,2026-03-08T20:32:25,2026-03,,2,点评新星,True,发布于北京,商务出差,索菲特俱乐部大床房,CN,5,超棒,Cleanliness: 5.0; Location: 5.0; Service: 5.0; Facilities: 5.0,"体验非常好，还免费升级了巨大的 100 平米套房，住得太爽了！
巨大浴缸超赞，城景很好",,False,True,0,4,False,尊敬的宾客您好，首先非常感谢您选择北京索菲特大酒店并且抽出您宝贵的时间给予我们最高的评价，您满意的入住以及您的肯定是对我们最大的鼓舞，期待着与您能再次相遇，最后祝愿您工作顺利，心想事成。,2026-03-09T00:00:00,"# 北京索菲特大酒店 review (Ctrip)

**Rating:** 5.0/5 ★★★★★
**Travel type:** 商务出差

## Review
体验非常好，还免费升级了巨大的 100 平米套房，住得太爽了！
巨大浴缸超赞，城景很好

## Hotel response
尊敬的宾客您好，首先非常感谢您选择北京索菲特大酒店并且抽出您宝贵的时间给予我们最高的评价，您满意的入住以及您的肯定是对我们最大的鼓舞，期待着与您能再次相遇，最后祝愿您工作顺利，心想事成。",https://hotels.ctrip.com/hotels/1286148.html
1806683865,1286148,北京索菲特大酒店,ctrip,2026-01-06T15:30:25,2026-01,,1,点评新星,True,发布于北京,家庭亲子,豪华大床房,CN,5,超棒,Cleanliness: 5.0; Location: 5.0; Service: 5.0; Facilities: 5.0,到店后办理入住遇到了前台小姑娘beira 看我是带着孩子出行，贴心的帮我安排离电梯远的房间，还安排了儿童洗漱用品，退房时，礼宾同事也很给力，帮我把行李送到了车上,,False,True,0,3,False,尊敬的宾客，非常感谢您对我们酒店的点评，今后我们会以更优质的服务迎接宾客，再次感谢您对酒店的肯定，期待再次光临，祝旅途愉快,2026-01-06T00:00:00,"# 北京索菲特大酒店 review (Ctrip)

**Rating:** 5.0/5 ★★★★★
**Travel type:** 家庭亲子

## Review
到店后办理入住遇到了前台小姑娘beira 看我是带着孩子出行，贴心的帮我安排离电梯远的房间，还安排了儿童洗漱用品，退房时，礼宾同事也很给力，帮我把行李送到了车上

## Hotel response
尊敬的宾客，非常感谢您对我们酒店的点评，今后我们会以更优质的服务迎接宾客，再次感谢您对酒店的肯定，期待再次光临，祝旅途愉快",https://hotels.ctrip.com/hotels/1286148.html
1915395267,1286148,北京索菲特大酒店,ctrip,2026-04-18T20:49:33,2026-03,,47,点评专家,True,发布于云南,商务出差,豪华大床房,CN,5,超棒,Cleanliness: 5.0; Location: 5.0; Service: 5.0; Facilities: 5.0,不是第一次来北京，但是第一次住这个位置，二环开车是堵的，还是选择地铁比较合适，ella经理非常贴心，每次帮我录入停车优惠券，点个赞，房间也很好，床品很软,,False,True,0,3,False,尊敬的宾客：您好！非常感谢您的入住与赞赏！很高兴能为您的出游带来美好的时光。您的赞赏给予酒店很大的鼓舞，也是我们进步的动力，我们会继续保持热忱，致力让每一位宾客享有宾至如归的入住感受，热切期待您的再次光临！欢迎您再回来体验，祝生活愉快,2026-04-19T00:00:00,"# 北京索菲特大酒店 review (Ctrip)

**Rating:** 5.0/5 ★★★★★
**Travel type:** 商务出差

## Review
不是第一次来北京，但是第一次住这个位置，二环开车是堵的，还是选择地铁比较合适，ella经理非常贴心，每次帮我录入停车优惠券，点个赞，房间也很好，床品很软

## Hotel response
尊敬的宾客：您好！非常感谢您的入住与赞赏！很高兴能为您的出游带来美好的时光。您的赞赏给予酒店很大的鼓舞，也是我们进步的动力，我们会继续保持热忱，致力让每一位宾客享有宾至如归的入住感受，热切期待您的再次光临！欢迎您再回来体验，祝生活愉快",https://hotels.ctrip.com/hotels/1286148.html
1869205159,1286148,北京索菲特大酒店,ctrip,2026-03-08T15:08:40,2026-01,,2,点评新星,True,发布于辽宁,其他,豪华大床房,CN,5,超棒,Cleanliness: 5.0; Location: 5.0; Service: 5.0; Facilities: 5.0,非常好，上次住了一回索菲特添加了前厅部的栗经理微信，本次回来提前联系了一下，果然秒回信息，帮我安排妥当 安排到了高楼层的房间，景观特好，在这个时代有这种全方位的服务，这个价格在北京不上2000是不可能有的，这价格性价比很高了，如果能接受他家硬件差点意思的情况下可以无脑上，最后还是建议多少更新下设备吧，没有USB口 ，又借不到充电插头，还是很不方便的,,False,True,0,3,False,尊敬的宾客您好，首先非常感谢您选择北京索菲特大酒店并且抽出您宝贵的时间给予我们最高的评价，您满意的入住以及您的肯定是对我们最大的鼓舞，期待着与您能再次相遇，最后祝愿您工作顺利，心想事成。,2026-03-08T00:00:00,"# 北京索菲特大酒店 review (Ctrip)

**Rating:** 5.0/5 ★★★★★
**Travel type:** 其他

## Review
非常好，上次住了一回索菲特添加了前厅部的栗经理微信，本次回来提前联系了一下，果然秒回信息，帮我安排妥当 安排到了高楼层的房间，景观特好，在这个时代有这种全方位的服务，这个价格在北京不上2000是不可能有的，这价格性价比很高了，如果能接受他家硬件差点意思的情况下可以无脑上，最后还是建议多少更新下设备吧，没有USB口 ，又借不到充电插头，还是很不方便的

## Hotel response
尊敬的宾客您好，首先非常感谢您选择北京索菲特大酒店并且抽出您宝贵的时间给予我们最高的评价，您满意的入住以及您的肯定是对我们最大的鼓舞，期待着与您能再次相遇，最后祝愿您工作顺利，心想事成。",https://hotels.ctrip.com/hotels/1286148.html
1842417685,1286148,北京索菲特大酒店,ctrip,2026-02-11T12:02:31,2026-02,草莓大王来了,26,点评达人,False,发布于吉林,朋友出游,高级大床房,CN,5,超棒,Cleanliness: 5.0; Location: 5.0; Service: 5.0; Facilities: 5.0,前台礼宾的服务太贴心了！leah 办理入住全程高效，工作人员主动帮拿行李、介绍酒店设施，还耐心推荐周边打卡点和美食，态度温和又热情，细节里全是用心，入住体验超棒！,,False,True,0,3,False,尊敬的宾客您好，感谢您选择下榻北京索菲特大酒店，并抽出宝贵的时间与我们分享您的入住体验，谢谢您的分享与支持，为您服务的每一位大使都倍感荣幸，备受鼓舞，我们一定会再接再厉，专心的服务每一位尊贵客人，再次感谢您的评价，祝您身体健康，吉祥如意。,2026-02-11T00:00:00,"# 北京索菲特大酒店 review (Ctrip)

**Rating:** 5.0/5 ★★★★★
**Travel type:** 朋友出游

## Review
前台礼宾的服务太贴心了！leah 办理入住全程高效，工作人员主动帮拿行李、介绍酒店设施，还耐心推荐周边打卡点和美食，态度温和又热情，细节里全是用心，入住体验超棒！

## Hotel response
尊敬的宾客您好，感谢您选择下榻北京索菲特大酒店，并抽出宝贵的时间与我们分享您的入住体验，谢谢您的分享与支持，为您服务的每一位大使都倍感荣幸，备受鼓舞，我们一定会再接再厉，专心的服务每一位尊贵客人，再次感谢您的评价，祝您身体健康，吉祥如意。",https://hotels.ctrip.com/hotels/1286148.html
1781748591,1286148,北京索菲特大酒店,ctrip,2025-12-14T15:03:57,2025-12,,2,点评新星,True,发布于北京,朋友出游,豪华大床房,CN,5,超棒,Cleanliness: 5.0; Location: 5.0; Service: 5.0; Facilities: 5.0,连着两次来北京都定这个酒店 体验感满分 大厅区域蛮全的 装修很北京old money的感觉 酒店有24h送餐服务 可以点点甜品and酒水 酒店早餐很齐全 烟熏三文鱼口感很不错！好评 下次还来,,False,True,0,1,False,尊敬的宾客您好，非常感谢您选择下榻北京索菲特大酒店并抽出宝贵的时间给予我们好评，谢谢您的分享与支持，能得到您的喜爱与赞扬，我们感到十分温暖，酒店地处二环，交通便利，步行可至1号线和2号线地铁，出行便捷，我们将秉承一贯热情的服务，期待在不久的将来再次给您更优质的入住体验！,2025-12-14T00:00:00,"# 北京索菲特大酒店 review (Ctrip)

**Rating:** 5.0/5 ★★★★★
**Travel type:** 朋友出游

## Review
连着两次来北京都定这个酒店 体验感满分 大厅区域蛮全的 装修很北京old money的感觉 酒店有24h送餐服务 可以点点甜品and酒水 酒店早餐很齐全 烟熏三文鱼口感很不错！好评 下次还来

## Hotel response
尊敬的宾客您好，非常感谢您选择下榻北京索菲特大酒店并抽出宝贵的时间给予我们好评，谢谢您的分享与支持，能得到您的喜爱与赞扬，我们感到十分温暖，酒店地处二环，交通便利，步行可至1号线和2号线地铁，出行便捷，我们将秉承一贯热情的服务，期待在不久的将来再次给您更优质的入住体验！",https://hotels.ctrip.com/hotels/1286148.html
1773051921,1286148,北京索菲特大酒店,ctrip,2025-12-06T16:30:41,2025-12,,6,点评达人,True,发布于北京,情侣出游,豪华大床房,CN,5,超棒,Cleanliness: 5.0; Location: 5.0; Service: 5.0; Facilities: 5.0,给男友提前过生日，预定的套餐备注好，酒店的工作人员太给力了，升级了房间，还布置了一下，更好的是送了蛋糕，巨好吃！开心的我两天都在嘿嘿傻笑！真的太感谢了，男友应该也特别开心吧，又是健身房又是泡浴缸的！还是要谢谢你们的服务，以后节日庆典都来咱们酒店吧，一价全包，真的真的太值了！,,False,True,0,4,False,尊敬的宾客，非常感谢您对我们酒店的点评，今后我们会以更优质的服务迎接宾客，再次感谢您对酒店的肯定，期待再次光临，祝旅途愉快！,2025-12-06T00:00:00,"# 北京索菲特大酒店 review (Ctrip)

**Rating:** 5.0/5 ★★★★★
**Travel type:** 情侣出游

## Review
给男友提前过生日，预定的套餐备注好，酒店的工作人员太给力了，升级了房间，还布置了一下，更好的是送了蛋糕，巨好吃！开心的我两天都在嘿嘿傻笑！真的太感谢了，男友应该也特别开心吧，又是健身房又是泡浴缸的！还是要谢谢你们的服务，以后节日庆典都来咱们酒店吧，一价全包，真的真的太值了！

## Hotel response
尊敬的宾客，非常感谢您对我们酒店的点评，今后我们会以更优质的服务迎接宾客，再次感谢您对酒店的肯定，期待再次光临，祝旅途愉快！",https://hotels.ctrip.com/hotels/1286148.html
1854265229,1286148,北京索菲特大酒店,ctrip,2026-02-23T14:16:56,2026-02,ShuiyiMeng,44,点评专家,False,发布于北京,独自旅行,高级大床房,CN,5,超棒,Cleanliness: 5.0; Location: 5.0; Service: 5.0; Facilities: 5.0,"一如既往的满意。

感谢Sunny 丁的帮忙协助。下次北京再见。

房间很温馨，整体设施也很全面。

最近lavin的洗护用品套房的柚味也很喜爱。",,False,True,0,3,False,尊敬的宾客您好，感谢您选择下榻北京索菲特大酒店，并抽出宝贵的时间与我们分享您的入住体验，谢谢您的分享与支持，为您服务的每一位大使都倍感荣幸，备受鼓舞，我们一定会再接再厉，专心的服务每一位尊贵客人，再次感谢您的评价，祝您身体健康，吉祥如意。,2026-02-23T00:00:00,"# 北京索菲特大酒店 review (Ctrip)

**Rating:** 5.0/5 ★★★★★
**Travel type:** 独自旅行

## Review
一如既往的满意。

感谢Sunny 丁的帮忙协助。下次北京再见。

房间很温馨，整体设施也很全面。

最近lavin的洗护用品套房的柚味也很喜爱。

## Hotel response
尊敬的宾客您好，感谢您选择下榻北京索菲特大酒店，并抽出宝贵的时间与我们分享您的入住体验，谢谢您的分享与支持，为您服务的每一位大使都倍感荣幸，备受鼓舞，我们一定会再接再厉，专心的服务每一位尊贵客人，再次感谢您的评价，祝您身体健康，吉祥如意。",https://hotels.ctrip.com/hotels/1286148.html
1775403299,1286148,北京索菲特大酒店,ctrip,2025-12-08T17:45:43,2025-12,,4,点评新星,True,发布于北京,独自旅行,豪华大床房,CN,5,超棒,Cleanliness: 5.0; Location: 5.0; Service: 5.0; Facilities: 5.0,索菲特大酒店真的绝了，酒店方考虑是第一次入住，免费给升级成了套房，空间超大超敞亮，客厅卧室分开特舒服。全景落地窗视野超棒，看城市景色非常赞。床品软乎乎的，睡得巨香，卫浴宽敞干净，大浴缸泡澡超放松，洗护用品好用味道也好闻。服务热情周到，响应快，入住离店都省心。体验感拉满，真心推荐！,,False,True,0,4,False,尊敬的宾客，非常感谢您对我们酒店的点评，今后我们会以更优质的服务迎接宾客，再次感谢您对酒店的肯定，期待再次光临，祝旅途愉快,2025-12-09T00:00:00,"# 北京索菲特大酒店 review (Ctrip)

**Rating:** 5.0/5 ★★★★★
**Travel type:** 独自旅行

## Review
索菲特大酒店真的绝了，酒店方考虑是第一次入住，免费给升级成了套房，空间超大超敞亮，客厅卧室分开特舒服。全景落地窗视野超棒，看城市景色非常赞。床品软乎乎的，睡得巨香，卫浴宽敞干净，大浴缸泡澡超放松，洗护用品好用味道也好闻。服务热情周到，响应快，入住离店都省心。体验感拉满，真心推荐！

## Hotel response
尊敬的宾客，非常感谢您对我们酒店的点评，今后我们会以更优质的服务迎接宾客，再次感谢您对酒店的肯定，期待再次光临，祝旅途愉快",https://hotels.ctrip.com/hotels/1286148.html
1807825521,1286148,北京索菲特大酒店,ctrip,2026-01-07T18:25:00,2026-01,,2,点评新星,True,发布于北京,其他,豪华大床房,CN,5,超棒,Cleanliness: 5.0; Location: 5.0; Service: 5.0; Facilities: 5.0,这家酒店服务是蛮不错的，ella提前联系的我，还问了我入住体验，超级nice的小姐姐，必须给五分，房间确实旧了点，瑕不掩瑜吧，可以回购，介意旧的话慎拍,,False,True,0,3,False,尊敬的宾客您好，感谢您选择下榻北京索菲特大酒店，并抽出宝贵的时间与我们分享您的入住体验，谢谢您的分享与支持，为您服务的每一位大使都倍感荣幸，备受鼓舞，我们一定会再接再厉，专心的服务每一位尊贵客人，再次感谢您的评价，祝您身体健康，吉祥如意。,2026-01-08T00:00:00,"# 北京索菲特大酒店 review (Ctrip)

**Rating:** 5.0/5 ★★★★★
**Travel type:** 其他

## Review
这家酒店服务是蛮不错的，ella提前联系的我，还问了我入住体验，超级nice的小姐姐，必须给五分，房间确实旧了点，瑕不掩瑜吧，可以回购，介意旧的话慎拍

## Hotel response
尊敬的宾客您好，感谢您选择下榻北京索菲特大酒店，并抽出宝贵的时间与我们分享您的入住体验，谢谢您的分享与支持，为您服务的每一位大使都倍感荣幸，备受鼓舞，我们一定会再接再厉，专心的服务每一位尊贵客人，再次感谢您的评价，祝您身体健康，吉祥如意。",https://hotels.ctrip.com/hotels/1286148.html
1935026641,1286148,北京索菲特大酒店,ctrip,2026-05-04T18:03:46,2026-03,Sunny1204,16,点评达人,False,发布于广东,商务出差,豪华双床房,CN,5,超棒,Cleanliness: 5.0; Location: 5.0; Service: 5.0; Facilities: 5.0,房间宽敞明亮，交通便利，步行五分钟可到明城墙公园，二十分钟可到国贸。,,False,True,0,1,True,尊敬的宾客您好，非常感谢您选择下榻北京索菲特大酒店并抽出宝贵的时间给予我们好评，谢谢您的分享与支持，能得到您的喜爱与赞扬，我们感到十分温暖，酒店地处二环，交通便利，步行可至1号线和2号线地铁，出行便捷，我们将秉承一贯热情的服务，期待在不久的将来再次给您更优质的入住体验！,2026-05-04T00:00:00,"# 北京索菲特大酒店 review (Ctrip)

**Rating:** 5.0/5 ★★★★★
**Travel type:** 商务出差

## Review
房间宽敞明亮，交通便利，步行五分钟可到明城墙公园，二十分钟可到国贸。

## Hotel response
尊敬的宾客您好，非常感谢您选择下榻北京索菲特大酒店并抽出宝贵的时间给予我们好评，谢谢您的分享与支持，能得到您的喜爱与赞扬，我们感到十分温暖，酒店地处二环，交通便利，步行可至1号线和2号线地铁，出行便捷，我们将秉承一贯热情的服务，期待在不久的将来再次给您更优质的入住体验！",https://hotels.ctrip.com/hotels/1286148.html
1861131279,1286148,北京索菲特大酒店,ctrip,2026-02-28T15:10:21,2026-02,,4,点评新星,True,发布于北京,情侣出游,豪华大床房,CN,5,超棒,Cleanliness: 5.0; Location: 5.0; Service: 5.0; Facilities: 5.0,在北京最满意的一次酒店住宿，夜景非常非常漂亮，房间干净整洁，毛巾浴巾洗漱用品齐全，床品舒适，浴缸也很舒服，工作人员服务态度极好，整体非常非常满意，体验感极好。已经推荐给身边朋友了，真的是非常非常满意的一次出行。,,False,True,0,3,False,尊敬的宾客：您好！非常感谢您的入住与赞赏！很高兴能为您的出游带来美好的时光。您的赞赏给予酒店很大的鼓舞，也是我们进步的动力，我们会继续保持热忱，致力让每一位宾客享有宾至如归的入住感受，热切期待您的再次光临！欢迎您再回来体验，祝生活愉快,2026-03-02T00:00:00,"# 北京索菲特大酒店 review (Ctrip)

**Rating:** 5.0/5 ★★★★★
**Travel type:** 情侣出游

## Review
在北京最满意的一次酒店住宿，夜景非常非常漂亮，房间干净整洁，毛巾浴巾洗漱用品齐全，床品舒适，浴缸也很舒服，工作人员服务态度极好，整体非常非常满意，体验感极好。已经推荐给身边朋友了，真的是非常非常满意的一次出行。

## Hotel response
尊敬的宾客：您好！非常感谢您的入住与赞赏！很高兴能为您的出游带来美好的时光。您的赞赏给予酒店很大的鼓舞，也是我们进步的动力，我们会继续保持热忱，致力让每一位宾客享有宾至如归的入住感受，热切期待您的再次光临！欢迎您再回来体验，祝生活愉快",https://hotels.ctrip.com/hotels/1286148.html
1793181779,1286148,北京索菲特大酒店,ctrip,2025-12-25T18:33:48,2025-12,兔老喵,4,点评新星,False,发布于上海,家庭亲子,至尊双卧家庭套房,CN,5,超棒,Cleanliness: 5.0; Location: 5.0; Service: 5.0; Facilities: 5.0,对这家酒店的印象很好，入住前备注了一些需求，酒店员工beira提前联系我帮我解决，入住时员工也很专业的介绍我包含的内容以及酒店设施，觉得酒店主动服务意识很好 下次还会选择,,False,True,0,3,False,尊敬的宾客，非常感谢您对我们酒店的点评，今后我们会以更优质的服务迎接宾客，再次感谢您对酒店的肯定，期待再次光临，祝旅途愉快,2025-12-27T00:00:00,"# 北京索菲特大酒店 review (Ctrip)

**Rating:** 5.0/5 ★★★★★
**Travel type:** 家庭亲子

## Review
对这家酒店的印象很好，入住前备注了一些需求，酒店员工beira提前联系我帮我解决，入住时员工也很专业的介绍我包含的内容以及酒店设施，觉得酒店主动服务意识很好 下次还会选择

## Hotel response
尊敬的宾客，非常感谢您对我们酒店的点评，今后我们会以更优质的服务迎接宾客，再次感谢您对酒店的肯定，期待再次光临，祝旅途愉快",https://hotels.ctrip.com/hotels/1286148.html
1813639033,1286148,北京索菲特大酒店,ctrip,2026-01-13T14:29:18,2026-01,,4,点评新星,True,发布于北京,商务出差,豪华景观大床房,CN,5,超棒,Cleanliness: 5.0; Location: 5.0; Service: 5.0; Facilities: 5.0,这次入住感受还不错，就是大堂温度有点低，办入住时只想尽快上楼，退房时间上有一些问题，遇到了beira 也都合理的帮我解决好了，服务还是不错的,,False,True,0,3,False,尊敬的宾客您好，非常感谢您选择下榻北京索菲特大酒店并抽出宝贵的时间给予我们好评，谢谢您的分享与支持，能得到您的喜爱与赞扬，我们感到十分温暖，酒店地处二环，交通便利，步行可至1号线和2号线地铁，出行便捷，我们将秉承一贯热情的服务，期待在不久的将来再次给您更优质的入住体验！,2026-01-13T00:00:00,"# 北京索菲特大酒店 review (Ctrip)

**Rating:** 5.0/5 ★★★★★
**Travel type:** 商务出差

## Review
这次入住感受还不错，就是大堂温度有点低，办入住时只想尽快上楼，退房时间上有一些问题，遇到了beira 也都合理的帮我解决好了，服务还是不错的

## Hotel response
尊敬的宾客您好，非常感谢您选择下榻北京索菲特大酒店并抽出宝贵的时间给予我们好评，谢谢您的分享与支持，能得到您的喜爱与赞扬，我们感到十分温暖，酒店地处二环，交通便利，步行可至1号线和2号线地铁，出行便捷，我们将秉承一贯热情的服务，期待在不久的将来再次给您更优质的入住体验！",https://hotels.ctrip.com/hotels/1286148.html
1815624191,1286148,北京索菲特大酒店,ctrip,2026-01-15T14:15:16,2026-01,,129,点评专家,True,发布于广西,朋友出游,高级大床房,CN,5,超棒,Cleanliness: 5.0; Location: 5.0; Service: 5.0; Facilities: 5.0,这次入住体验非常棒，酒店位置便利，环境安静优雅。布置温馨舒适，设施维护良好。服务人员Miya 态度亲切热情，响应及时，让人有宾至如归的感觉，强烈推荐。,,False,True,0,3,False,尊敬的宾客您好，非常感谢您选择下榻北京索菲特大酒店并抽出宝贵的时间给予我们好评，谢谢您的分享与支持，能得到您的喜爱与赞扬，我们感到十分温暖，酒店地处二环，交通便利，步行可至1号线和2号线地铁，出行便捷，我们将秉承一贯热情的服务，期待在不久的将来再次给您更优质的入住体验！,2026-01-15T00:00:00,"# 北京索菲特大酒店 review (Ctrip)

**Rating:** 5.0/5 ★★★★★
**Travel type:** 朋友出游

## Review
这次入住体验非常棒，酒店位置便利，环境安静优雅。布置温馨舒适，设施维护良好。服务人员Miya 态度亲切热情，响应及时，让人有宾至如归的感觉，强烈推荐。

## Hotel response
尊敬的宾客您好，非常感谢您选择下榻北京索菲特大酒店并抽出宝贵的时间给予我们好评，谢谢您的分享与支持，能得到您的喜爱与赞扬，我们感到十分温暖，酒店地处二环，交通便利，步行可至1号线和2号线地铁，出行便捷，我们将秉承一贯热情的服务，期待在不久的将来再次给您更优质的入住体验！",https://hotels.ctrip.com/hotels/1286148.html
1882542569,1286148,北京索菲特大酒店,ctrip,2026-03-21T14:07:52,2026-03,,13,点评达人,True,发布于北京,独自旅行,豪华大床房,CN,5,超棒,Cleanliness: 5.0; Location: 5.0; Service: 5.0; Facilities: 5.0,17层的服务员姓孙跟姓王，主管姓卢和姓刘的两位都非常好，前台给升级了套房，住的很好,,False,True,0,1,False,尊敬的宾客您好，非常感谢您选择下榻北京索菲特大酒店并抽出宝贵的时间给予我们好评，谢谢您的分享与支持，能得到您的喜爱与赞扬，我们感到十分温暖，酒店地处二环，交通便利，步行可至1号线和2号线地铁，出行便捷，我们将秉承一贯热情的服务，期待在不久的将来再次给您更优质的入住体验！,2026-03-22T00:00:00,"# 北京索菲特大酒店 review (Ctrip)

**Rating:** 5.0/5 ★★★★★
**Travel type:** 独自旅行

## Review
17层的服务员姓孙跟姓王，主管姓卢和姓刘的两位都非常好，前台给升级了套房，住的很好

## Hotel response
尊敬的宾客您好，非常感谢您选择下榻北京索菲特大酒店并抽出宝贵的时间给予我们好评，谢谢您的分享与支持，能得到您的喜爱与赞扬，我们感到十分温暖，酒店地处二环，交通便利，步行可至1号线和2号线地铁，出行便捷，我们将秉承一贯热情的服务，期待在不久的将来再次给您更优质的入住体验！",https://hotels.ctrip.com/hotels/1286148.html
1883482301,1286148,北京索菲特大酒店,ctrip,2026-03-22T12:34:50,2026-03,,3,点评新星,True,发布于安徽,商务出差,豪华双床房,CN,5,超棒,Cleanliness: 5.0; Location: 5.0; Service: 5.0; Facilities: 5.0,"卫生干净，环境优雅，前台小姐姐非常Nice,服务热情，地段很是优越。",,False,True,0,3,False,尊敬的宾客您好，非常感谢您选择下榻北京索菲特大酒店并抽出宝贵的时间给予我们好评，谢谢您的分享与支持，能得到您的喜爱与赞扬，我们感到十分温暖，酒店地处二环，交通便利，步行可至1号线和2号线地铁，出行便捷，我们将秉承一贯热情的服务，期待在不久的将来再次给您更优质的入住体验！,2026-03-22T00:00:00,"# 北京索菲特大酒店 review (Ctrip)

**Rating:** 5.0/5 ★★★★★
**Travel type:** 商务出差

## Review
卫生干净，环境优雅，前台小姐姐非常Nice,服务热情，地段很是优越。

## Hotel response
尊敬的宾客您好，非常感谢您选择下榻北京索菲特大酒店并抽出宝贵的时间给予我们好评，谢谢您的分享与支持，能得到您的喜爱与赞扬，我们感到十分温暖，酒店地处二环，交通便利，步行可至1号线和2号线地铁，出行便捷，我们将秉承一贯热情的服务，期待在不久的将来再次给您更优质的入住体验！",https://hotels.ctrip.com/hotels/1286148.html
1820969791,1286148,北京索菲特大酒店,ctrip,2026-01-20T17:13:01,2026-01,天使邦尼兔兔,10,点评达人,False,发布于韩国,情侣出游,豪华大床房,CN,5,超棒,Cleanliness: 5.0; Location: 5.0; Service: 5.0; Facilities: 5.0,很推荐这家索菲特！连住两晚，小徐帮忙升级了套房。房间很大很安静，非常舒适，而且酒店位置离天安门故宫都很近，性价比非常高的酒店！,,False,True,0,3,False,尊敬的宾客您好，感谢您选择下榻北京索菲特大酒店，并抽出宝贵的时间与我们分享您的入住体验，谢谢您的分享与支持，为您服务的每一位大使都倍感荣幸，备受鼓舞，我们一定会再接再厉，专心的服务每一位尊贵客人，再次感谢您的评价，祝您身体健康，吉祥如意。,2026-01-21T00:00:00,"# 北京索菲特大酒店 review (Ctrip)

**Rating:** 5.0/5 ★★★★★
**Travel type:** 情侣出游

## Review
很推荐这家索菲特！连住两晚，小徐帮忙升级了套房。房间很大很安静，非常舒适，而且酒店位置离天安门故宫都很近，性价比非常高的酒店！

## Hotel response
尊敬的宾客您好，感谢您选择下榻北京索菲特大酒店，并抽出宝贵的时间与我们分享您的入住体验，谢谢您的分享与支持，为您服务的每一位大使都倍感荣幸，备受鼓舞，我们一定会再接再厉，专心的服务每一位尊贵客人，再次感谢您的评价，祝您身体健康，吉祥如意。",https://hotels.ctrip.com/hotels/1286148.html
1829627023,1286148,北京索菲特大酒店,ctrip,2026-01-29T16:41:35,2026-01,wukun123_,5,点评达人,False,发布于北京,商务出差,豪华大床房,CN,5,超棒,Cleanliness: 5.0; Location: 5.0; Service: 5.0; Facilities: 5.0,非常好，下次还住，还升级了套房，希望下次来还能升级，商务出行位置很好也方便，出行太方便，房间足足70到80平吧.,,False,True,0,5,False,尊敬的宾客您好，感谢您选择下榻北京索菲特大酒店，并抽出宝贵的时间与我们分享您的入住体验，谢谢您的分享与支持，为您服务的每一位大使都倍感荣幸，备受鼓舞，我们一定会再接再厉，专心的服务每一位尊贵客人，再次感谢您的评价，祝您身体健康，吉祥如意。,2026-01-30T00:00:00,"# 北京索菲特大酒店 review (Ctrip)

**Rating:** 5.0/5 ★★★★★
**Travel type:** 商务出差

## Review
非常好，下次还住，还升级了套房，希望下次来还能升级，商务出行位置很好也方便，出行太方便，房间足足70到80平吧.

## Hotel response
尊敬的宾客您好，感谢您选择下榻北京索菲特大酒店，并抽出宝贵的时间与我们分享您的入住体验，谢谢您的分享与支持，为您服务的每一位大使都倍感荣幸，备受鼓舞，我们一定会再接再厉，专心的服务每一位尊贵客人，再次感谢您的评价，祝您身体健康，吉祥如意。",https://hotels.ctrip.com/hotels/1286148.html
1808238623,1286148,北京索菲特大酒店,ctrip,2026-01-08T10:50:21,2026-01,,61,点评专家,True,发布于北京,情侣出游,豪华大床房,CN,5,超棒,Cleanliness: 5.0; Location: 5.0; Service: 5.0; Facilities: 5.0,前台Miya 服务真的太赞了！ 办理入住退房都超高效，看我拎着大行李主动上前帮忙，还耐心推荐了本地美食和游玩路线，全程笑容满面，暖心值拉满～,,False,True,0,3,False,尊敬的宾客您好，感谢您选择下榻北京索菲特大酒店，并抽出宝贵的时间与我们分享您的入住体验，谢谢您的分享与支持，为您服务的每一位大使都倍感荣幸，备受鼓舞，我们一定会再接再厉，专心的服务每一位尊贵客人，再次感谢您的评价，祝您身体健康，吉祥如意。,2026-01-08T00:00:00,"# 北京索菲特大酒店 review (Ctrip)

**Rating:** 5.0/5 ★★★★★
**Travel type:** 情侣出游

## Review
前台Miya 服务真的太赞了！ 办理入住退房都超高效，看我拎着大行李主动上前帮忙，还耐心推荐了本地美食和游玩路线，全程笑容满面，暖心值拉满～

## Hotel response
尊敬的宾客您好，感谢您选择下榻北京索菲特大酒店，并抽出宝贵的时间与我们分享您的入住体验，谢谢您的分享与支持，为您服务的每一位大使都倍感荣幸，备受鼓舞，我们一定会再接再厉，专心的服务每一位尊贵客人，再次感谢您的评价，祝您身体健康，吉祥如意。",https://hotels.ctrip.com/hotels/1286148.html
1814740505,1286148,北京索菲特大酒店,ctrip,2026-01-14T15:59:57,2026-01,,10,点评达人,True,发布于北京,朋友出游,豪华景观大床房,CN,5,超棒,Cleanliness: 5.0; Location: 5.0; Service: 5.0; Facilities: 5.0,前厅部效率超高～办理入住退房都快捷顺畅，员工主动热情，有问必答。细节处见用心，感谢Sunny的安排，为这个优秀的团队打call。,,False,True,0,3,False,尊敬的宾客您好，感谢您选择下榻北京索菲特大酒店，并抽出宝贵的时间与我们分享您的入住体验，谢谢您的分享与支持，为您服务的每一位大使都倍感荣幸，备受鼓舞，我们一定会再接再厉，专心的服务每一位尊贵客人，再次感谢您的评价，祝您身体健康，吉祥如意。,2026-01-14T00:00:00,"# 北京索菲特大酒店 review (Ctrip)

**Rating:** 5.0/5 ★★★★★
**Travel type:** 朋友出游

## Review
前厅部效率超高～办理入住退房都快捷顺畅，员工主动热情，有问必答。细节处见用心，感谢Sunny的安排，为这个优秀的团队打call。

## Hotel response
尊敬的宾客您好，感谢您选择下榻北京索菲特大酒店，并抽出宝贵的时间与我们分享您的入住体验，谢谢您的分享与支持，为您服务的每一位大使都倍感荣幸，备受鼓舞，我们一定会再接再厉，专心的服务每一位尊贵客人，再次感谢您的评价，祝您身体健康，吉祥如意。",https://hotels.ctrip.com/hotels/1286148.html
1912810171,1286148,北京索菲特大酒店,ctrip,2026-04-16T18:53:08,2026-04,,9,点评达人,True,发布于辽宁,其他,豪华双床房,CN,5,超棒,Cleanliness: 5.0; Location: 5.0; Service: 5.0; Facilities: 5.0,时隔一年再次回到索菲特，感觉一切还是那么亲切，上次添加了前台栗经理的微信，这次提前帮我们一家做好的所有安排，升级到了高楼层，特别感谢，酒店整体有求必应，前台小妹妹都特温柔，大家都很满意，下次来北京环球还选择索菲特。,,False,True,0,4,False,尊敬的宾客：您好！非常感谢您的入住与赞赏！很高兴能为您的出游带来美好的时光。您的赞赏给予酒店很大的鼓舞，也是我们进步的动力，我们会继续保持热忱，致力让每一位宾客享有宾至如归的入住感受，热切期待您的再次光临！欢迎您再回来体验，祝生活愉快,2026-04-16T00:00:00,"# 北京索菲特大酒店 review (Ctrip)

**Rating:** 5.0/5 ★★★★★
**Travel type:** 其他

## Review
时隔一年再次回到索菲特，感觉一切还是那么亲切，上次添加了前台栗经理的微信，这次提前帮我们一家做好的所有安排，升级到了高楼层，特别感谢，酒店整体有求必应，前台小妹妹都特温柔，大家都很满意，下次来北京环球还选择索菲特。

## Hotel response
尊敬的宾客：您好！非常感谢您的入住与赞赏！很高兴能为您的出游带来美好的时光。您的赞赏给予酒店很大的鼓舞，也是我们进步的动力，我们会继续保持热忱，致力让每一位宾客享有宾至如归的入住感受，热切期待您的再次光临！欢迎您再回来体验，祝生活愉快",https://hotels.ctrip.com/hotels/1286148.html
1823582379,1286148,北京索菲特大酒店,ctrip,2026-01-23T15:43:46,2026-01,,2,点评新星,True,发布于北京,情侣出游,高级大床房,CN,5,超棒,Cleanliness: 5.0; Location: 5.0; Service: 5.0; Facilities: 5.0,这次入住感受挺好的，酒店地理位置很好去哪里都很方便，入住时beira 办理的，非常迅速，就是大堂有一些冷，不想多待,,False,True,0,3,False,尊敬的宾客您好，感谢您选择下榻北京索菲特大酒店，并抽出宝贵的时间与我们分享您的入住体验，谢谢您的分享与支持，为您服务的每一位大使都倍感荣幸，备受鼓舞，我们一定会再接再厉，专心的服务每一位尊贵客人，再次感谢您的评价，祝您身体健康，吉祥如意。,2026-01-23T00:00:00,"# 北京索菲特大酒店 review (Ctrip)

**Rating:** 5.0/5 ★★★★★
**Travel type:** 情侣出游

## Review
这次入住感受挺好的，酒店地理位置很好去哪里都很方便，入住时beira 办理的，非常迅速，就是大堂有一些冷，不想多待

## Hotel response
尊敬的宾客您好，感谢您选择下榻北京索菲特大酒店，并抽出宝贵的时间与我们分享您的入住体验，谢谢您的分享与支持，为您服务的每一位大使都倍感荣幸，备受鼓舞，我们一定会再接再厉，专心的服务每一位尊贵客人，再次感谢您的评价，祝您身体健康，吉祥如意。",https://hotels.ctrip.com/hotels/1286148.html
1956606695,1286148,北京索菲特大酒店,ctrip,2026-05-22T15:16:05,2026-05,WMQ1122,17,点评达人,False,发布于河南,商务出差,豪华大床房,CN,5,超棒,Cleanliness: 5.0; Location: 5.0; Service: 5.0; Facilities: 5.0,前台Leah 与礼宾服务特别贴心，办理入住高效快捷，态度温和有礼。出行帮忙指引路线，行李搬运周到细致，待人热情周到，入住体验舒心又惬意，十分满意。,,False,True,1,3,False,尊敬的宾客：您好！非常感谢您的入住与赞赏！很高兴能为您的出游带来美好的时光。您的赞赏给予酒店很大的鼓舞，也是我们进步的动力，我们会继续保持热忱，致力让每一位宾客享有宾至如归的入住感受，热切期待您的再次光临！欢迎您再回来体验，祝生活愉快,2026-05-22T00:00:00,"# 北京索菲特大酒店 review (Ctrip)

**Rating:** 5.0/5 ★★★★★
**Travel type:** 商务出差

## Review
前台Leah 与礼宾服务特别贴心，办理入住高效快捷，态度温和有礼。出行帮忙指引路线，行李搬运周到细致，待人热情周到，入住体验舒心又惬意，十分满意。

## Hotel response
尊敬的宾客：您好！非常感谢您的入住与赞赏！很高兴能为您的出游带来美好的时光。您的赞赏给予酒店很大的鼓舞，也是我们进步的动力，我们会继续保持热忱，致力让每一位宾客享有宾至如归的入住感受，热切期待您的再次光临！欢迎您再回来体验，祝生活愉快",https://hotels.ctrip.com/hotels/1286148.html
1785898869,1286148,北京索菲特大酒店,ctrip,2025-12-18T14:37:51,2025-12,-Bediever,3,点评新星,False,发布于北京,情侣出游,豪华大床房,CN,5,超棒,Cleanliness: 5.0; Location: 5.0; Service: 5.0; Facilities: 5.0,前台Sky的服务确实让人印象深刻，耐心介绍酒店设施和周边景点，酒店位置非常便利，步行几分钟就到地铁站，附近商场、便利店一应俱全。房间整洁温馨，床品舒适，晚上很安静。这次入住体验超出预期，细节处处体现着贴心，下次来还会选择这里！,,False,True,0,3,False,尊敬的宾客您好，非常感谢您选择下榻北京索菲特大酒店并抽出宝贵的时间给予我们好评，谢谢您的分享与支持，能得到您的喜爱与赞扬，我们感到十分温暖，酒店地处二环，交通便利，步行可至1号线和2号线地铁，出行便捷，我们将秉承一贯热情的服务，期待在不久的将来再次给您更优质的入住体验！,2025-12-18T00:00:00,"# 北京索菲特大酒店 review (Ctrip)

**Rating:** 5.0/5 ★★★★★
**Travel type:** 情侣出游

## Review
前台Sky的服务确实让人印象深刻，耐心介绍酒店设施和周边景点，酒店位置非常便利，步行几分钟就到地铁站，附近商场、便利店一应俱全。房间整洁温馨，床品舒适，晚上很安静。这次入住体验超出预期，细节处处体现着贴心，下次来还会选择这里！

## Hotel response
尊敬的宾客您好，非常感谢您选择下榻北京索菲特大酒店并抽出宝贵的时间给予我们好评，谢谢您的分享与支持，能得到您的喜爱与赞扬，我们感到十分温暖，酒店地处二环，交通便利，步行可至1号线和2号线地铁，出行便捷，我们将秉承一贯热情的服务，期待在不久的将来再次给您更优质的入住体验！",https://hotels.ctrip.com/hotels/1286148.html
1958813907,1286148,北京索菲特大酒店,ctrip,2026-05-24T14:41:12,2026-05,,1,点评新星,True,发布于北京,家庭亲子,豪华家庭套房,CN,5,超棒,Cleanliness: 5.0; Location: 5.0; Service: 5.0; Facilities: 5.0,前台sunny服务非常好，非常耐心温柔，来北京就住这绝对不踩坑🥰,,False,True,0,3,False,尊敬的宾客：您好！非常感谢您的入住与赞赏！很高兴能为您的出游带来美好的时光。您的赞赏给予酒店很大的鼓舞，也是我们进步的动力，我们会继续保持热忱，致力让每一位宾客享有宾至如归的入住感受，热切期待您的再次光临！欢迎您再回来体验，祝生活愉快,2026-05-24T00:00:00,"# 北京索菲特大酒店 review (Ctrip)

**Rating:** 5.0/5 ★★★★★
**Travel type:** 家庭亲子

## Review
前台sunny服务非常好，非常耐心温柔，来北京就住这绝对不踩坑🥰

## Hotel response
尊敬的宾客：您好！非常感谢您的入住与赞赏！很高兴能为您的出游带来美好的时光。您的赞赏给予酒店很大的鼓舞，也是我们进步的动力，我们会继续保持热忱，致力让每一位宾客享有宾至如归的入住感受，热切期待您的再次光临！欢迎您再回来体验，祝生活愉快",https://hotels.ctrip.com/hotels/1286148.html
1801540077,1286148,北京索菲特大酒店,ctrip,2026-01-02T16:26:00,2026-01,,25,点评达人,True,发布于北京,朋友出游,豪华大床房,CN,5,超棒,Cleanliness: 5.0; Location: 5.0; Service: 5.0; Facilities: 5.0,这次入住最深刻的印象来自前台Linda。她专业、高效，笑容充满亲和力。办理手续迅速，对酒店设施和周边信息的介绍清晰明了，让初来乍到的我们瞬间安心。感谢她带来的完美第一印象！,,False,True,0,3,False,尊敬的宾客，非常感谢您对我们酒店的点评，今后我们会以更优质的服务迎接宾客，再次感谢您对酒店的肯定，期待再次光临，祝旅途愉快,2026-01-02T00:00:00,"# 北京索菲特大酒店 review (Ctrip)

**Rating:** 5.0/5 ★★★★★
**Travel type:** 朋友出游

## Review
这次入住最深刻的印象来自前台Linda。她专业、高效，笑容充满亲和力。办理手续迅速，对酒店设施和周边信息的介绍清晰明了，让初来乍到的我们瞬间安心。感谢她带来的完美第一印象！

## Hotel response
尊敬的宾客，非常感谢您对我们酒店的点评，今后我们会以更优质的服务迎接宾客，再次感谢您对酒店的肯定，期待再次光临，祝旅途愉快",https://hotels.ctrip.com/hotels/1286148.html
1920944903,1286148,北京索菲特大酒店,ctrip,2026-04-23T15:29:02,2026-04,tagito,8,点评达人,False,发布于北京,其他,豪华大床房,CN,5,超棒,Cleanliness: 5.0; Location: 5.0; Service: 5.0; Facilities: 5.0,挺好的，房间很大很安静,,False,True,0,4,False,尊敬的宾客：您好！非常感谢您的入住与赞赏！很高兴能为您的出游带来美好的时光。您的赞赏给予酒店很大的鼓舞，也是我们进步的动力，我们会继续保持热忱，致力让每一位宾客享有宾至如归的入住感受，热切期待您的再次光临！欢迎您再回来体验，祝生活愉快,2026-04-23T00:00:00,"# 北京索菲特大酒店 review (Ctrip)

**Rating:** 5.0/5 ★★★★★
**Travel type:** 其他

## Review
挺好的，房间很大很安静

## Hotel response
尊敬的宾客：您好！非常感谢您的入住与赞赏！很高兴能为您的出游带来美好的时光。您的赞赏给予酒店很大的鼓舞，也是我们进步的动力，我们会继续保持热忱，致力让每一位宾客享有宾至如归的入住感受，热切期待您的再次光临！欢迎您再回来体验，祝生活愉快",https://hotels.ctrip.com/hotels/1286148.html
1792945287,1286148,北京索菲特大酒店,ctrip,2025-12-25T14:21:21,2025-12,,1,点评新星,True,发布于北京,朋友出游,至尊套房,CN,5,超棒,Cleanliness: 5.0; Location: 5.0; Service: 5.0; Facilities: 5.0,必须为索菲特的前台团队点赞！每次进出都有热情问候，问题咨询总能得到细致解答。前台Linda服务很好！介绍仔细认真，外卖也可以机器人送房间，住店体验感很好,,False,True,0,3,False,尊敬的宾客，非常感谢您对我们酒店的好评，我们会再接再厉不辜负您的好评。再次感谢您对酒店的肯定，期待再次光临，祝旅途愉快！,2025-12-25T00:00:00,"# 北京索菲特大酒店 review (Ctrip)

**Rating:** 5.0/5 ★★★★★
**Travel type:** 朋友出游

## Review
必须为索菲特的前台团队点赞！每次进出都有热情问候，问题咨询总能得到细致解答。前台Linda服务很好！介绍仔细认真，外卖也可以机器人送房间，住店体验感很好

## Hotel response
尊敬的宾客，非常感谢您对我们酒店的好评，我们会再接再厉不辜负您的好评。再次感谢您对酒店的肯定，期待再次光临，祝旅途愉快！",https://hotels.ctrip.com/hotels/1286148.html
1766076783,1286148,北京索菲特大酒店,ctrip,2025-11-29T17:52:06,2025-11,,88,点评专家,True,发布于广东,朋友出游,豪华大床房,CN,5,超棒,Cleanliness: 5.0; Location: 5.0; Service: 5.0; Facilities: 5.0,这次入住体验很好，酒店服务态度好，小姐姐leah很热气！酒店环境很好房间设施齐全，干净清爽。位置就在主街方便快捷出行，吃饭逛街都很方便，入住办理手续也快捷，推荐入住，就是酒店设施有点老旧,,False,True,1,3,False,尊敬的宾客您好，非常感谢您选择下榻北京索菲特大酒店并抽出宝贵的时间给予我们好评，谢谢您的分享与支持，能得到您的喜爱与赞扬，我们感到十分温暖，酒店地处二环，交通便利，步行可至1号线和2号线地铁，出行便捷，我们将秉承一贯热情的服务，期待在不久的将来再次给您更优质的入住体验！,2025-12-01T00:00:00,"# 北京索菲特大酒店 review (Ctrip)

**Rating:** 5.0/5 ★★★★★
**Travel type:** 朋友出游

## Review
这次入住体验很好，酒店服务态度好，小姐姐leah很热气！酒店环境很好房间设施齐全，干净清爽。位置就在主街方便快捷出行，吃饭逛街都很方便，入住办理手续也快捷，推荐入住，就是酒店设施有点老旧

## Hotel response
尊敬的宾客您好，非常感谢您选择下榻北京索菲特大酒店并抽出宝贵的时间给予我们好评，谢谢您的分享与支持，能得到您的喜爱与赞扬，我们感到十分温暖，酒店地处二环，交通便利，步行可至1号线和2号线地铁，出行便捷，我们将秉承一贯热情的服务，期待在不久的将来再次给您更优质的入住体验！",https://hotels.ctrip.com/hotels/1286148.html
1811580245,1286148,北京索菲特大酒店,ctrip,2026-01-11T15:31:23,2026-01,猫咪3311,25,点评达人,False,发布于北京,商务出差,豪华双床房,CN,5,超棒,Cleanliness: 5.0; Location: 5.0; Service: 5.0; Facilities: 5.0,来出差 选择索菲特对了 果断续住，来之前前台小梁rebecca就打电话联系我们询问入住需求，在店期间有求必应 服务非常及时 大半夜也能马上回复 真的点赞，房间设施虽然有点老，但也能满足基本需求，但是！大堂也有点太冷了！手一拿出来就冰凉，前台小姑娘们手都冻通红还认真工作，真敬业，但也希望能改进一些！,,False,True,0,3,False,尊敬的宾客您好，非常感谢您选择下榻北京索菲特大酒店并抽出宝贵的时间给予我们好评，谢谢您的分享与支持，能得到您的喜爱与赞扬，我们感到十分温暖，酒店地处二环，交通便利，步行可至1号线和2号线地铁，出行便捷，我们将秉承一贯热情的服务，期待在不久的将来再次给您更优质的入住体验！,2026-01-12T00:00:00,"# 北京索菲特大酒店 review (Ctrip)

**Rating:** 5.0/5 ★★★★★
**Travel type:** 商务出差

## Review
来出差 选择索菲特对了 果断续住，来之前前台小梁rebecca就打电话联系我们询问入住需求，在店期间有求必应 服务非常及时 大半夜也能马上回复 真的点赞，房间设施虽然有点老，但也能满足基本需求，但是！大堂也有点太冷了！手一拿出来就冰凉，前台小姑娘们手都冻通红还认真工作，真敬业，但也希望能改进一些！

## Hotel response
尊敬的宾客您好，非常感谢您选择下榻北京索菲特大酒店并抽出宝贵的时间给予我们好评，谢谢您的分享与支持，能得到您的喜爱与赞扬，我们感到十分温暖，酒店地处二环，交通便利，步行可至1号线和2号线地铁，出行便捷，我们将秉承一贯热情的服务，期待在不久的将来再次给您更优质的入住体验！",https://hotels.ctrip.com/hotels/1286148.html
1789121351,1286148,北京索菲特大酒店,ctrip,2025-12-21T18:07:36,2025-12,,1,点评新星,True,发布于山东,家庭亲子,索菲特俱乐部双床房,CN,5,超棒,Cleanliness: 5.0; Location: 5.0; Service: 5.0; Facilities: 5.0,酒店位置很不错，属于闹中取静。房间装修很好，宽敞明亮，干净卫生。早餐很丰富。前台服务热情周到，特别点名表扬前厅团队！Sunny热情又专业，帮忙办理的入住，入住时耐心解答各种疑问，服务细致入微，让整个入住体验超棒，下次来还找她。,,False,True,0,3,False,尊敬的宾客您好，非常感谢您选择下榻北京索菲特大酒店并抽出宝贵的时间给予我们好评，谢谢您的分享与支持，能得到您的喜爱与赞扬，我们感到十分温暖，酒店地处二环，交通便利，步行可至1号线和2号线地铁，出行便捷，我们将秉承一贯热情的服务，期待在不久的将来再次给您更优质的入住体验！,2025-12-21T00:00:00,"# 北京索菲特大酒店 review (Ctrip)

**Rating:** 5.0/5 ★★★★★
**Travel type:** 家庭亲子

## Review
酒店位置很不错，属于闹中取静。房间装修很好，宽敞明亮，干净卫生。早餐很丰富。前台服务热情周到，特别点名表扬前厅团队！Sunny热情又专业，帮忙办理的入住，入住时耐心解答各种疑问，服务细致入微，让整个入住体验超棒，下次来还找她。

## Hotel response
尊敬的宾客您好，非常感谢您选择下榻北京索菲特大酒店并抽出宝贵的时间给予我们好评，谢谢您的分享与支持，能得到您的喜爱与赞扬，我们感到十分温暖，酒店地处二环，交通便利，步行可至1号线和2号线地铁，出行便捷，我们将秉承一贯热情的服务，期待在不久的将来再次给您更优质的入住体验！",https://hotels.ctrip.com/hotels/1286148.html
1854978327,1286148,北京索菲特大酒店,ctrip,2026-02-23T19:06:17,2026-02,KevinShelly,1,点评新星,False,发布于天津,家庭亲子,豪华大床房,CN,5,超棒,Cleanliness: 5.0; Location: 5.0; Service: 5.0; Facilities: 5.0,酒店环境很棒，但更让我印象深刻的是前台Linda。不仅业务熟练，笑容也特别有感染力，就像回家一样温暖。因为她的出色服务，让这次旅途变得更加美好，强烈推荐！,,False,True,0,3,False,尊敬的宾客您好，感谢您选择下榻北京索菲特大酒店，并抽出宝贵的时间与我们分享您的入住体验，谢谢您的分享与支持，为您服务的每一位大使都倍感荣幸，备受鼓舞，我们一定会再接再厉，专心的服务每一位尊贵客人，再次感谢您的评价，祝您身体健康，吉祥如意。,2026-02-23T00:00:00,"# 北京索菲特大酒店 review (Ctrip)

**Rating:** 5.0/5 ★★★★★
**Travel type:** 家庭亲子

## Review
酒店环境很棒，但更让我印象深刻的是前台Linda。不仅业务熟练，笑容也特别有感染力，就像回家一样温暖。因为她的出色服务，让这次旅途变得更加美好，强烈推荐！

## Hotel response
尊敬的宾客您好，感谢您选择下榻北京索菲特大酒店，并抽出宝贵的时间与我们分享您的入住体验，谢谢您的分享与支持，为您服务的每一位大使都倍感荣幸，备受鼓舞，我们一定会再接再厉，专心的服务每一位尊贵客人，再次感谢您的评价，祝您身体健康，吉祥如意。",https://hotels.ctrip.com/hotels/1286148.html
1806877509,1286148,北京索菲特大酒店,ctrip,2026-01-06T19:48:27,2026-01,,8,点评达人,True,发布于上海,商务出差,豪华大床房,CN,5,超棒,Cleanliness: 5.0; Location: 5.0; Service: 5.0; Facilities: 5.0,入住感受还不错酒店员工beira 提前联系我，询问诉求以及到店时间，贴心的帮我安排房间，入住后对房间安排的也很满意，下次还会选择,,False,True,0,3,False,尊敬的宾客，非常感谢您对我们酒店的点评，今后我们会以更优质的服务迎接宾客，再次感谢您对酒店的肯定，期待再次光临，祝旅途愉快,2026-01-07T00:00:00,"# 北京索菲特大酒店 review (Ctrip)

**Rating:** 5.0/5 ★★★★★
**Travel type:** 商务出差

## Review
入住感受还不错酒店员工beira 提前联系我，询问诉求以及到店时间，贴心的帮我安排房间，入住后对房间安排的也很满意，下次还会选择

## Hotel response
尊敬的宾客，非常感谢您对我们酒店的点评，今后我们会以更优质的服务迎接宾客，再次感谢您对酒店的肯定，期待再次光临，祝旅途愉快",https://hotels.ctrip.com/hotels/1286148.html
1769328907,1286148,北京索菲特大酒店,ctrip,2025-12-02T18:54:07,2025-11,,30,点评专家,True,发布于广东,朋友出游,豪华景观大床房,CN,5,超棒,Cleanliness: 5.0; Location: 5.0; Service: 5.0; Facilities: 5.0,这家酒店的前身是长安街W酒店，怪不得住进去后感觉房间那么熟悉，房间很大，也干净，视野一流，离地铁站也不算太远，打车也方便，热水也够，暖气也舒服，不会太热太干，就是床有点太软了，其他都挺好。,,False,True,1,1,False,尊敬的宾客您好，非常感谢您选择下榻北京索菲特大酒店并抽出宝贵的时间给予我们好评，谢谢您的分享与支持，能得到您的喜爱与赞扬，我们感到十分温暖，酒店地处二环，交通便利，步行可至1号线和2号线地铁，出行便捷，我们将秉承一贯热情的服务，期待在不久的将来再次给您更优质的入住体验！,2025-12-02T00:00:00,"# 北京索菲特大酒店 review (Ctrip)

**Rating:** 5.0/5 ★★★★★
**Travel type:** 朋友出游

## Review
这家酒店的前身是长安街W酒店，怪不得住进去后感觉房间那么熟悉，房间很大，也干净，视野一流，离地铁站也不算太远，打车也方便，热水也够，暖气也舒服，不会太热太干，就是床有点太软了，其他都挺好。

## Hotel response
尊敬的宾客您好，非常感谢您选择下榻北京索菲特大酒店并抽出宝贵的时间给予我们好评，谢谢您的分享与支持，能得到您的喜爱与赞扬，我们感到十分温暖，酒店地处二环，交通便利，步行可至1号线和2号线地铁，出行便捷，我们将秉承一贯热情的服务，期待在不久的将来再次给您更优质的入住体验！",https://hotels.ctrip.com/hotels/1286148.html
1968602873,1286148,北京索菲特大酒店,ctrip,2026-06-01T14:16:12,2026-05,,2,点评新星,True,发布于辽宁,独自旅行,豪华大床房,CN,5,超棒,Cleanliness: 5.0; Location: 5.0; Service: 5.0; Facilities: 5.0,酒店整体服务没什么问题，第一天晚上突然没有热水，第二天栗经理联系我们并真诚道歉 还升级了房间，气消了一大半，希望硬件能够有所提升吧，位置挺好的 离地铁近，到哪里都方便，房间也够大，早餐也是该有的都有，性价比还是很高的，下次选择酒店还会选择这家索菲特。,,False,True,0,3,False,尊敬的宾客：您好！非常感谢您的入住与赞赏！很高兴能为您的出游带来美好的时光。您的赞赏给予酒店很大的鼓舞，也是我们进步的动力，我们会继续保持热忱，致力让每一位宾客享有宾至如归的入住感受，热切期待您的再次光临！欢迎您再回来体验，祝生活愉快,2026-06-02T00:00:00,"# 北京索菲特大酒店 review (Ctrip)

**Rating:** 5.0/5 ★★★★★
**Travel type:** 独自旅行

## Review
酒店整体服务没什么问题，第一天晚上突然没有热水，第二天栗经理联系我们并真诚道歉 还升级了房间，气消了一大半，希望硬件能够有所提升吧，位置挺好的 离地铁近，到哪里都方便，房间也够大，早餐也是该有的都有，性价比还是很高的，下次选择酒店还会选择这家索菲特。

## Hotel response
尊敬的宾客：您好！非常感谢您的入住与赞赏！很高兴能为您的出游带来美好的时光。您的赞赏给予酒店很大的鼓舞，也是我们进步的动力，我们会继续保持热忱，致力让每一位宾客享有宾至如归的入住感受，热切期待您的再次光临！欢迎您再回来体验，祝生活愉快",https://hotels.ctrip.com/hotels/1286148.html
1798412657,1286148,北京索菲特大酒店,ctrip,2025-12-30T18:14:33,2025-12,爱打羽毛球的猪猪璐,3,点评新星,False,发布于辽宁,商务出差,豪华景观大床房,CN,5,超棒,Cleanliness: 5.0; Location: 5.0; Service: 5.0; Facilities: 5.0,酒店环境优美，服务很好，接到前台Linda给打的预抵电话，提前安排房间，全程可以沟通，房间迷你吧也免费，酒店整体都很好，很好的一次选择。,,False,True,0,3,False,尊敬的宾客，非常感谢您对我们酒店的点评，今后我们会以更优质的服务迎接宾客，再次感谢您对酒店的肯定，期待再次光临，祝旅途愉快,2025-12-31T00:00:00,"# 北京索菲特大酒店 review (Ctrip)

**Rating:** 5.0/5 ★★★★★
**Travel type:** 商务出差

## Review
酒店环境优美，服务很好，接到前台Linda给打的预抵电话，提前安排房间，全程可以沟通，房间迷你吧也免费，酒店整体都很好，很好的一次选择。

## Hotel response
尊敬的宾客，非常感谢您对我们酒店的点评，今后我们会以更优质的服务迎接宾客，再次感谢您对酒店的肯定，期待再次光临，祝旅途愉快",https://hotels.ctrip.com/hotels/1286148.html
1803204089,1286148,北京索菲特大酒店,ctrip,2026-01-03T19:53:43,2026-01,,12,点评达人,True,发布于浙江,朋友出游,豪华大床房,CN,5,超棒,Cleanliness: 5.0; Location: 5.0; Service: 5.0; Facilities: 5.0,从拨通电话那一刻起，前台Linda专业而温暖的声音就让人印象深刻。她会细心确认到达时间，主动询问是否需要特殊协助，将关怀延伸至入住前，令人倍感重视。,,False,True,0,3,False,尊敬的宾客，非常感谢您对我们酒店的点评，今后我们会以更优质的服务迎接宾客，再次感谢您对酒店的肯定，期待再次光临，祝旅途愉快,2026-01-04T00:00:00,"# 北京索菲特大酒店 review (Ctrip)

**Rating:** 5.0/5 ★★★★★
**Travel type:** 朋友出游

## Review
从拨通电话那一刻起，前台Linda专业而温暖的声音就让人印象深刻。她会细心确认到达时间，主动询问是否需要特殊协助，将关怀延伸至入住前，令人倍感重视。

## Hotel response
尊敬的宾客，非常感谢您对我们酒店的点评，今后我们会以更优质的服务迎接宾客，再次感谢您对酒店的肯定，期待再次光临，祝旅途愉快",https://hotels.ctrip.com/hotels/1286148.html
1788877075,1286148,北京索菲特大酒店,ctrip,2025-12-21T15:04:46,2025-12,沈辰辰辰辰,6,点评达人,False,发布于上海,家庭亲子,豪华大床房,CN,5,超棒,Cleanliness: 5.0; Location: 5.0; Service: 5.0; Facilities: 5.0,给前台Linda的服务五星好评！从入住到离店，体验无缝衔接。介绍酒店的营业信息及设施设备全面，服务热情发自内心，办事效率极高，让出行毫无后顾之忧。,,False,True,0,4,False,尊敬的宾客您好，非常感谢您选择下榻北京索菲特大酒店并抽出宝贵的时间给予我们好评，谢谢您的分享与支持，能得到您的喜爱与赞扬，我们感到十分温暖，酒店地处二环，交通便利，步行可至1号线和2号线地铁，出行便捷，我们将秉承一贯热情的服务，期待在不久的将来再次给您更优质的入住体验！,2025-12-21T00:00:00,"# 北京索菲特大酒店 review (Ctrip)

**Rating:** 5.0/5 ★★★★★
**Travel type:** 家庭亲子

## Review
给前台Linda的服务五星好评！从入住到离店，体验无缝衔接。介绍酒店的营业信息及设施设备全面，服务热情发自内心，办事效率极高，让出行毫无后顾之忧。

## Hotel response
尊敬的宾客您好，非常感谢您选择下榻北京索菲特大酒店并抽出宝贵的时间给予我们好评，谢谢您的分享与支持，能得到您的喜爱与赞扬，我们感到十分温暖，酒店地处二环，交通便利，步行可至1号线和2号线地铁，出行便捷，我们将秉承一贯热情的服务，期待在不久的将来再次给您更优质的入住体验！",https://hotels.ctrip.com/hotels/1286148.html
1811496963,1286148,北京索菲特大酒店,ctrip,2026-01-11T14:34:12,2026-01,,6,点评达人,True,发布于北京,其他,豪华大床房,CN,5,超棒,Cleanliness: 5.0; Location: 5.0; Service: 5.0; Facilities: 5.0,此次入住索菲特酒店，前台非常棒，快速办理了入住，退房还帮忙做了延迟退房，感谢sunny此次帮助，提一点大堂太冷啦！！！,,False,True,0,3,False,尊敬的宾客您好，非常感谢您选择下榻北京索菲特大酒店并抽出宝贵的时间给予我们好评，谢谢您的分享与支持，能得到您的喜爱与赞扬，我们感到十分温暖，酒店地处二环，交通便利，步行可至1号线和2号线地铁，出行便捷，我们将秉承一贯热情的服务，期待在不久的将来再次给您更优质的入住体验！,2026-01-12T00:00:00,"# 北京索菲特大酒店 review (Ctrip)

**Rating:** 5.0/5 ★★★★★
**Travel type:** 其他

## Review
此次入住索菲特酒店，前台非常棒，快速办理了入住，退房还帮忙做了延迟退房，感谢sunny此次帮助，提一点大堂太冷啦！！！

## Hotel response
尊敬的宾客您好，非常感谢您选择下榻北京索菲特大酒店并抽出宝贵的时间给予我们好评，谢谢您的分享与支持，能得到您的喜爱与赞扬，我们感到十分温暖，酒店地处二环，交通便利，步行可至1号线和2号线地铁，出行便捷，我们将秉承一贯热情的服务，期待在不久的将来再次给您更优质的入住体验！",https://hotels.ctrip.com/hotels/1286148.html
1815857765,1286148,北京索菲特大酒店,ctrip,2026-01-15T18:03:10,2026-01,,1,点评新星,True,发布于河北,情侣出游,豪华大床房,CN,5,超棒,Cleanliness: 5.0; Location: 5.0; Service: 5.0; Facilities: 5.0,前厅部服务超赞，前台经理Sunny专业又热情，办理入住零等待，细心耐心体贴。酒店体验感拉满，下次还会再来住的，也会推荐给朋友,,False,True,0,3,False,尊敬的客人，您好，感谢您下榻北京索菲特大酒店，并抽出宝贵时间与我们分享您的入住体验。非常感谢您对我们的服务表示认可。我们始终致力于为每一位宾客都带来宾至如归的服务体验。再次感谢您对我们的五星好评，期待与您的再次相会！,2026-01-16T00:00:00,"# 北京索菲特大酒店 review (Ctrip)

**Rating:** 5.0/5 ★★★★★
**Travel type:** 情侣出游

## Review
前厅部服务超赞，前台经理Sunny专业又热情，办理入住零等待，细心耐心体贴。酒店体验感拉满，下次还会再来住的，也会推荐给朋友

## Hotel response
尊敬的客人，您好，感谢您下榻北京索菲特大酒店，并抽出宝贵时间与我们分享您的入住体验。非常感谢您对我们的服务表示认可。我们始终致力于为每一位宾客都带来宾至如归的服务体验。再次感谢您对我们的五星好评，期待与您的再次相会！",https://hotels.ctrip.com/hotels/1286148.html
1910804985,1286148,北京索菲特大酒店,ctrip,2026-04-15T00:35:21,2026-02,醍醐君,161,点评专家,False,发布于四川,商务出差,豪华景观大床房,CN,5,超棒,Cleanliness: 5.0; Location: 5.0; Service: 5.0; Facilities: 5.0,酒店住的很多了，各有特点，总结来看我还是愿意为服务买单，这家是服务很好，尤其是Ella经理，硬件有些缺陷了，我看开业时间比较长了，整体来看算维护的不错的了。,,False,True,0,3,False,尊敬的宾客：您好！非常感谢您的入住与赞赏！很高兴能为您的出游带来美好的时光。您的赞赏给予酒店很大的鼓舞，也是我们进步的动力，我们会继续保持热忱，致力让每一位宾客享有宾至如归的入住感受，热切期待您的再次光临！欢迎您再回来体验，祝生活愉快,2026-04-15T00:00:00,"# 北京索菲特大酒店 review (Ctrip)

**Rating:** 5.0/5 ★★★★★
**Travel type:** 商务出差

## Review
酒店住的很多了，各有特点，总结来看我还是愿意为服务买单，这家是服务很好，尤其是Ella经理，硬件有些缺陷了，我看开业时间比较长了，整体来看算维护的不错的了。

## Hotel response
尊敬的宾客：您好！非常感谢您的入住与赞赏！很高兴能为您的出游带来美好的时光。您的赞赏给予酒店很大的鼓舞，也是我们进步的动力，我们会继续保持热忱，致力让每一位宾客享有宾至如归的入住感受，热切期待您的再次光临！欢迎您再回来体验，祝生活愉快",https://hotels.ctrip.com/hotels/1286148.html
1770965995,1286148,北京索菲特大酒店,ctrip,2025-12-04T14:11:26,2025-12,,1,点评新星,True,发布于河北,家庭亲子,豪华大床房,CN,5,超棒,Cleanliness: 5.0; Location: 5.0; Service: 5.0; Facilities: 5.0,服务很好入住前leah 致电问了入住的要求，并安排了高层房间就是刚进大堂有些冷，但是房间很舒适，床品也很不错打扫的干净，房间也很大，就是设施老旧，希望改善，推荐入住,,False,True,1,3,False,尊敬的宾客您好，非常感谢您选择下榻北京索菲特大酒店并抽出宝贵的时间给予我们好评，谢谢您的分享与支持，能得到您的喜爱与赞扬，我们感到十分温暖，酒店地处二环，交通便利，步行可至1号线和2号线地铁，出行便捷，我们将秉承一贯热情的服务，期待在不久的将来再次给您更优质的入住体验！,2025-12-04T00:00:00,"# 北京索菲特大酒店 review (Ctrip)

**Rating:** 5.0/5 ★★★★★
**Travel type:** 家庭亲子

## Review
服务很好入住前leah 致电问了入住的要求，并安排了高层房间就是刚进大堂有些冷，但是房间很舒适，床品也很不错打扫的干净，房间也很大，就是设施老旧，希望改善，推荐入住

## Hotel response
尊敬的宾客您好，非常感谢您选择下榻北京索菲特大酒店并抽出宝贵的时间给予我们好评，谢谢您的分享与支持，能得到您的喜爱与赞扬，我们感到十分温暖，酒店地处二环，交通便利，步行可至1号线和2号线地铁，出行便捷，我们将秉承一贯热情的服务，期待在不久的将来再次给您更优质的入住体验！",https://hotels.ctrip.com/hotels/1286148.html
1828975403,1286148,北京索菲特大酒店,ctrip,2026-01-28T21:42:00,2026-01,,63,点评专家,True,发布于北京,独自旅行,豪华大床房,CN,5,超棒,Cleanliness: 5.0; Location: 5.0; Service: 5.0; Facilities: 5.0,酒店踞建国门核心，步行可达地铁，近天安门、故宫，交通超便捷。全景窗瞰城市天际线，适配高端商务与品质出行。,,False,True,0,3,False,尊敬的宾客您好，感谢您选择下榻北京索菲特大酒店，并抽出宝贵的时间与我们分享您的入住体验，谢谢您的分享与支持，为您服务的每一位大使都倍感荣幸，备受鼓舞，我们一定会再接再厉，专心的服务每一位尊贵客人，再次感谢您的评价，祝您身体健康，吉祥如意。,2026-01-30T00:00:00,"# 北京索菲特大酒店 review (Ctrip)

**Rating:** 5.0/5 ★★★★★
**Travel type:** 独自旅行

## Review
酒店踞建国门核心，步行可达地铁，近天安门、故宫，交通超便捷。全景窗瞰城市天际线，适配高端商务与品质出行。

## Hotel response
尊敬的宾客您好，感谢您选择下榻北京索菲特大酒店，并抽出宝贵的时间与我们分享您的入住体验，谢谢您的分享与支持，为您服务的每一位大使都倍感荣幸，备受鼓舞，我们一定会再接再厉，专心的服务每一位尊贵客人，再次感谢您的评价，祝您身体健康，吉祥如意。",https://hotels.ctrip.com/hotels/1286148.html
1941437725,1286148,北京索菲特大酒店,ctrip,2026-05-08T23:01:37,2026-05,,27,点评达人,True,发布于广东,独自旅行,豪华大床房,CN,5,超棒,Cleanliness: 5.0; Location: 5.0; Service: 5.0; Facilities: 5.0,北京的酒店千千万，选了这家没踩雷，真好，房间的床品啥的都好软和呀，我喜欢软一点的，躺的舒服，Ella经理很贴心，退房记录了我的喜好，下次还去,,False,True,0,3,False,尊敬的宾客：您好！非常感谢您的入住与赞赏！很高兴能为您的出游带来美好的时光。您的赞赏给予酒店很大的鼓舞，也是我们进步的动力，我们会继续保持热忱，致力让每一位宾客享有宾至如归的入住感受，热切期待您的再次光临！欢迎您再回来体验，祝生活愉快,2026-05-09T00:00:00,"# 北京索菲特大酒店 review (Ctrip)

**Rating:** 5.0/5 ★★★★★
**Travel type:** 独自旅行

## Review
北京的酒店千千万，选了这家没踩雷，真好，房间的床品啥的都好软和呀，我喜欢软一点的，躺的舒服，Ella经理很贴心，退房记录了我的喜好，下次还去

## Hotel response
尊敬的宾客：您好！非常感谢您的入住与赞赏！很高兴能为您的出游带来美好的时光。您的赞赏给予酒店很大的鼓舞，也是我们进步的动力，我们会继续保持热忱，致力让每一位宾客享有宾至如归的入住感受，热切期待您的再次光临！欢迎您再回来体验，祝生活愉快",https://hotels.ctrip.com/hotels/1286148.html
1755690399,1286148,北京索菲特大酒店,ctrip,2025-11-19T12:29:42,2025-11,,94,点评专家,True,发布于广东,商务出差,豪华大床房,CN,5,超棒,Cleanliness: 5.0; Location: 5.0; Service: 5.0; Facilities: 5.0,北京索菲特大酒店服务一流，员工态度亲切专业，办理入住高效顺畅。客房宽敞舒适，清洁度极高，床品柔软助眠。酒店位置优越，周边交通便利。早餐种类丰富，品质上乘。整体入住体验非常愉快，值得再次选择与推荐。,,False,True,3,3,False,尊敬的宾客，非常感谢您对我们酒店的好评，我们会再接再厉不辜负您的好评。再次感谢您对酒店的肯定，期待再次光临，祝旅途愉快！,2025-11-19T00:00:00,"# 北京索菲特大酒店 review (Ctrip)

**Rating:** 5.0/5 ★★★★★
**Travel type:** 商务出差

## Review
北京索菲特大酒店服务一流，员工态度亲切专业，办理入住高效顺畅。客房宽敞舒适，清洁度极高，床品柔软助眠。酒店位置优越，周边交通便利。早餐种类丰富，品质上乘。整体入住体验非常愉快，值得再次选择与推荐。

## Hotel response
尊敬的宾客，非常感谢您对我们酒店的好评，我们会再接再厉不辜负您的好评。再次感谢您对酒店的肯定，期待再次光临，祝旅途愉快！",https://hotels.ctrip.com/hotels/1286148.html
1772240635,1286148,北京索菲特大酒店,ctrip,2025-12-05T21:45:11,2025-12,Z_kx,19,点评达人,False,发布于河北,商务出差,豪华大床房,CN,5,超棒,Cleanliness: 5.0; Location: 5.0; Service: 5.0; Facilities: 5.0,为索菲特大酒店疯狂打call！Jayna服务热情周到，让人宾至如归～房间干净无异味，屋内保险柜安全可靠，地理位置好，出门超方便，健身、游泳设施都很棒，下次还来！,,False,True,0,3,False,尊敬的宾客，非常感谢您对我们酒店的点评，今后我们会以更优质的服务迎接宾客，再次感谢您对酒店的肯定，期待再次光临，祝旅途愉快！,2025-12-06T00:00:00,"# 北京索菲特大酒店 review (Ctrip)

**Rating:** 5.0/5 ★★★★★
**Travel type:** 商务出差

## Review
为索菲特大酒店疯狂打call！Jayna服务热情周到，让人宾至如归～房间干净无异味，屋内保险柜安全可靠，地理位置好，出门超方便，健身、游泳设施都很棒，下次还来！

## Hotel response
尊敬的宾客，非常感谢您对我们酒店的点评，今后我们会以更优质的服务迎接宾客，再次感谢您对酒店的肯定，期待再次光临，祝旅途愉快！",https://hotels.ctrip.com/hotels/1286148.html
1743616965,1286148,北京索菲特大酒店,ctrip,2025-11-07T17:04:30,2025-11,,1,点评新星,True,发布于北京,商务出差,豪华大床房,CN,5,超棒,Cleanliness: 5.0; Location: 5.0; Service: 5.0; Facilities: 5.0,极力推荐北京索菲特大酒店！从气派的大堂到细节服务都无可挑剔，早餐也比较丰富！特别感谢前台Linda的热情帮助！真的很好！东西落在酒店了及时帮忙协调确认！地理位置便利，购物观光都方便。无论是商务出行还是度假，这里都是绝佳选择。,,False,True,0,4,False,尊敬的宾客，非常感谢您对我们酒店的好评，我们会再接再厉不辜负您的好评。再次感谢您对酒店的肯定，期待再次光临，祝旅途愉快！,2025-11-09T00:00:00,"# 北京索菲特大酒店 review (Ctrip)

**Rating:** 5.0/5 ★★★★★
**Travel type:** 商务出差

## Review
极力推荐北京索菲特大酒店！从气派的大堂到细节服务都无可挑剔，早餐也比较丰富！特别感谢前台Linda的热情帮助！真的很好！东西落在酒店了及时帮忙协调确认！地理位置便利，购物观光都方便。无论是商务出行还是度假，这里都是绝佳选择。

## Hotel response
尊敬的宾客，非常感谢您对我们酒店的好评，我们会再接再厉不辜负您的好评。再次感谢您对酒店的肯定，期待再次光临，祝旅途愉快！",https://hotels.ctrip.com/hotels/1286148.html
1976107629,1286148,北京索菲特大酒店,ctrip,2026-06-07T18:42:23,2026-06,普拉格耶纳茨安其罗,6,点评达人,False,发布于山西,商务出差,豪华大床房,CN,5,超棒,Cleanliness: 5.0; Location: 5.0; Service: 5.0; Facilities: 5.0,之前就住过这个酒店，这次前台Aria康雪还帮我升级了房型，服务特别热情，酒店特色就是房间大，我喜欢他的大浴缸，来北京还会选择。,,False,True,0,3,False,尊敬的宾客：您好！非常感谢您的入住与赞赏！很高兴能为您的出游带来美好的时光。您的赞赏给予酒店很大的鼓舞，也是我们进步的动力，我们会继续保持热忱，致力让每一位宾客享有宾至如归的入住感受，热切期待您的再次光临！欢迎您再回来体验，祝生活愉快,2026-06-07T00:00:00,"# 北京索菲特大酒店 review (Ctrip)

**Rating:** 5.0/5 ★★★★★
**Travel type:** 商务出差

## Review
之前就住过这个酒店，这次前台Aria康雪还帮我升级了房型，服务特别热情，酒店特色就是房间大，我喜欢他的大浴缸，来北京还会选择。

## Hotel response
尊敬的宾客：您好！非常感谢您的入住与赞赏！很高兴能为您的出游带来美好的时光。您的赞赏给予酒店很大的鼓舞，也是我们进步的动力，我们会继续保持热忱，致力让每一位宾客享有宾至如归的入住感受，热切期待您的再次光临！欢迎您再回来体验，祝生活愉快",https://hotels.ctrip.com/hotels/1286148.html
1755099863,1286148,北京索菲特大酒店,ctrip,2025-11-18T16:29:01,2025-11,,5,点评达人,True,发布于辽宁,情侣出游,豪华大床房,CN,5,超棒,Cleanliness: 5.0; Location: 5.0; Service: 5.0; Facilities: 5.0,被索菲特大酒店餐厅圈粉了！感谢前台Jayna安利的特色菜，味道正宗分量足，连早餐的点心都超精致。餐厅环境安静，窗外视野好，菜品更新快，不管是正餐还是简餐都好吃，下次来还想尝遍菜单！,,False,True,0,3,False,尊敬的宾客，非常感谢您对我们酒店的好评，我们会再接再厉不辜负您的好评。再次感谢您对酒店的肯定，期待再次光临，祝旅途愉快！,2025-11-18T00:00:00,"# 北京索菲特大酒店 review (Ctrip)

**Rating:** 5.0/5 ★★★★★
**Travel type:** 情侣出游

## Review
被索菲特大酒店餐厅圈粉了！感谢前台Jayna安利的特色菜，味道正宗分量足，连早餐的点心都超精致。餐厅环境安静，窗外视野好，菜品更新快，不管是正餐还是简餐都好吃，下次来还想尝遍菜单！

## Hotel response
尊敬的宾客，非常感谢您对我们酒店的好评，我们会再接再厉不辜负您的好评。再次感谢您对酒店的肯定，期待再次光临，祝旅途愉快！",https://hotels.ctrip.com/hotels/1286148.html
1805679423,1286148,北京索菲特大酒店,ctrip,2026-01-05T16:30:49,2026-01,,1,点评新星,True,发布于北京,朋友出游,豪华大床房,CN,5,超棒,Cleanliness: 5.0; Location: 5.0; Service: 5.0; Facilities: 5.0,必须给前台小姐姐点赞！入住时Miya 帮我安排好了房间，又快又好，有问必答超耐心，房间很大，住的很舒服，下次还会过来住,,False,True,0,3,False,尊敬的宾客，非常感谢您对我们酒店的点评，今后我们会以更优质的服务迎接宾客，再次感谢您对酒店的肯定，期待再次光临，祝旅途愉快,2026-01-06T00:00:00,"# 北京索菲特大酒店 review (Ctrip)

**Rating:** 5.0/5 ★★★★★
**Travel type:** 朋友出游

## Review
必须给前台小姐姐点赞！入住时Miya 帮我安排好了房间，又快又好，有问必答超耐心，房间很大，住的很舒服，下次还会过来住

## Hotel response
尊敬的宾客，非常感谢您对我们酒店的点评，今后我们会以更优质的服务迎接宾客，再次感谢您对酒店的肯定，期待再次光临，祝旅途愉快",https://hotels.ctrip.com/hotels/1286148.html
1755152247,1286148,北京索菲特大酒店,ctrip,2025-11-18T17:27:29,2025-11,,101,点评专家,True,发布于北京,其他,豪华大床房,CN,5,超棒,Cleanliness: 5.0; Location: 5.0; Service: 5.0; Facilities: 5.0,索菲特大酒店的餐厅完全超出预期！前台Jayna说餐厅菜品很赞果然没错，热菜现点现做超入味，甜品颜值口味双在线。24小时都能吃到热乎饭，食材新鲜调味绝，住店不用愁吃饭，太方便美味了！,,False,True,0,3,False,尊敬的宾客，非常感谢您对我们酒店的好评，我们会再接再厉不辜负您的好评。再次感谢您对酒店的肯定，期待再次光临，祝旅途愉快！,2025-11-19T00:00:00,"# 北京索菲特大酒店 review (Ctrip)

**Rating:** 5.0/5 ★★★★★
**Travel type:** 其他

## Review
索菲特大酒店的餐厅完全超出预期！前台Jayna说餐厅菜品很赞果然没错，热菜现点现做超入味，甜品颜值口味双在线。24小时都能吃到热乎饭，食材新鲜调味绝，住店不用愁吃饭，太方便美味了！

## Hotel response
尊敬的宾客，非常感谢您对我们酒店的好评，我们会再接再厉不辜负您的好评。再次感谢您对酒店的肯定，期待再次光临，祝旅途愉快！",https://hotels.ctrip.com/hotels/1286148.html
1797146671,1286148,北京索菲特大酒店,ctrip,2025-12-29T14:54:42,2025-12,,14,点评达人,True,发布于北京,商务出差,豪华大床房,CN,5,超棒,Cleanliness: 5.0; Location: 5.0; Service: 5.0; Facilities: 5.0,进门即享暖心服务，前台beira超靠谱。答疑指引超高效，住得舒心又安心！酒店地理位置也很不错，出行去哪里都很方便下次还会选择,,False,True,0,3,False,尊敬的宾客，非常感谢您对我们酒店的点评，今后我们会以更优质的服务迎接宾客，再次感谢您对酒店的肯定，期待再次光临，祝旅途愉快,2025-12-30T00:00:00,"# 北京索菲特大酒店 review (Ctrip)

**Rating:** 5.0/5 ★★★★★
**Travel type:** 商务出差

## Review
进门即享暖心服务，前台beira超靠谱。答疑指引超高效，住得舒心又安心！酒店地理位置也很不错，出行去哪里都很方便下次还会选择

## Hotel response
尊敬的宾客，非常感谢您对我们酒店的点评，今后我们会以更优质的服务迎接宾客，再次感谢您对酒店的肯定，期待再次光临，祝旅途愉快",https://hotels.ctrip.com/hotels/1286148.html
1868414101,1286148,北京索菲特大酒店,ctrip,2026-03-07T16:54:18,2026-03,,10,点评达人,True,发布于北京,朋友出游,豪华双床房,CN,5,超棒,Cleanliness: 5.0; Location: 5.0; Service: 5.0; Facilities: 5.0,索菲特老粉，到哪都索菲特，服务，环境都一如既往的好,,False,True,0,1,False,尊敬的宾客您好，首先非常感谢您选择北京索菲特大酒店并且抽出您宝贵的时间给予我们最高的评价，您满意的入住以及您的肯定是对我们最大的鼓舞，期待着与您能再次相遇，最后祝愿您工作顺利，心想事成。,2026-03-08T00:00:00,"# 北京索菲特大酒店 review (Ctrip)

**Rating:** 5.0/5 ★★★★★
**Travel type:** 朋友出游

## Review
索菲特老粉，到哪都索菲特，服务，环境都一如既往的好

## Hotel response
尊敬的宾客您好，首先非常感谢您选择北京索菲特大酒店并且抽出您宝贵的时间给予我们最高的评价，您满意的入住以及您的肯定是对我们最大的鼓舞，期待着与您能再次相遇，最后祝愿您工作顺利，心想事成。",https://hotels.ctrip.com/hotels/1286148.html
1755095899,1286148,北京索菲特大酒店,ctrip,2025-11-18T16:25:08,2025-11,,234,点评专家,True,发布于北京,情侣出游,豪华大床房,CN,5,超棒,Cleanliness: 5.0; Location: 5.0; Service: 5.0; Facilities: 5.0,入住体验超棒！房间布置温馨，设施齐全且崭新，卫浴干湿分离很贴心。酒店环境安静，夜景视野好。服务人员专业又亲切，Miya 办理入住及退房高效，酒店机器人送外卖很方便、 推荐给出行的朋友～～,,False,True,0,3,False,尊敬的宾客，非常感谢您对我们酒店的好评，我们会再接再厉不辜负您的好评。再次感谢您对酒店的肯定，期待再次光临，祝旅途愉快！,2025-11-18T00:00:00,"# 北京索菲特大酒店 review (Ctrip)

**Rating:** 5.0/5 ★★★★★
**Travel type:** 情侣出游

## Review
入住体验超棒！房间布置温馨，设施齐全且崭新，卫浴干湿分离很贴心。酒店环境安静，夜景视野好。服务人员专业又亲切，Miya 办理入住及退房高效，酒店机器人送外卖很方便、 推荐给出行的朋友～～

## Hotel response
尊敬的宾客，非常感谢您对我们酒店的好评，我们会再接再厉不辜负您的好评。再次感谢您对酒店的肯定，期待再次光临，祝旅途愉快！",https://hotels.ctrip.com/hotels/1286148.html
1811723821,1286148,北京索菲特大酒店,ctrip,2026-01-11T17:50:09,2026-01,,7,点评达人,True,发布于北京,情侣出游,豪华大床房,CN,5,超棒,Cleanliness: 5.0; Location: 5.0; Service: 5.0; Facilities: 5.0,这次入住感受还可以，就是不理解大堂为什么这么冷，办入住感觉一秒钟都不想多待，前台beira 办入住很迅速，不过感觉他说话都在抖冻的,,False,True,0,3,False,尊敬的宾客您好，非常感谢您选择下榻北京索菲特大酒店并抽出宝贵的时间给予我们好评，谢谢您的分享与支持，能得到您的喜爱与赞扬，我们感到十分温暖，酒店地处二环，交通便利，步行可至1号线和2号线地铁，出行便捷，我们将秉承一贯热情的服务，期待在不久的将来再次给您更优质的入住体验！,2026-01-12T00:00:00,"# 北京索菲特大酒店 review (Ctrip)

**Rating:** 5.0/5 ★★★★★
**Travel type:** 情侣出游

## Review
这次入住感受还可以，就是不理解大堂为什么这么冷，办入住感觉一秒钟都不想多待，前台beira 办入住很迅速，不过感觉他说话都在抖冻的

## Hotel response
尊敬的宾客您好，非常感谢您选择下榻北京索菲特大酒店并抽出宝贵的时间给予我们好评，谢谢您的分享与支持，能得到您的喜爱与赞扬，我们感到十分温暖，酒店地处二环，交通便利，步行可至1号线和2号线地铁，出行便捷，我们将秉承一贯热情的服务，期待在不久的将来再次给您更优质的入住体验！",https://hotels.ctrip.com/hotels/1286148.html
1750676881,1286148,北京索菲特大酒店,ctrip,2025-11-14T16:34:12,2025-11,大头,2,点评新星,False,发布于北京,家庭亲子,至尊双卧家庭套房,CN,5,超棒,Cleanliness: 5.0; Location: 5.0; Service: 5.0; Facilities: 5.0,前台leah . sunny    房间卫生间干湿分离，床铺柔软舒适，卫生干净整洁。迷你吧饮料免费，挺不错的一次入住，有宾至如归的感觉～小姐姐超nice，入住的时候麻利又热情 索菲特大酒店值得N刷！ 就是设施有点老旧 . 床垫有点软.,,False,True,0,3,False,尊敬的宾客，非常感谢您对我们酒店的好评，我们会再接再厉不辜负您的好评。再次感谢您对酒店的肯定，期待再次光临，祝旅途愉快！,2025-11-14T00:00:00,"# 北京索菲特大酒店 review (Ctrip)

**Rating:** 5.0/5 ★★★★★
**Travel type:** 家庭亲子

## Review
前台leah . sunny    房间卫生间干湿分离，床铺柔软舒适，卫生干净整洁。迷你吧饮料免费，挺不错的一次入住，有宾至如归的感觉～小姐姐超nice，入住的时候麻利又热情 索菲特大酒店值得N刷！ 就是设施有点老旧 . 床垫有点软.

## Hotel response
尊敬的宾客，非常感谢您对我们酒店的好评，我们会再接再厉不辜负您的好评。再次感谢您对酒店的肯定，期待再次光临，祝旅途愉快！",https://hotels.ctrip.com/hotels/1286148.html
1783043107,1286148,北京索菲特大酒店,ctrip,2025-12-15T16:01:27,2025-12,Joseph Li（旅行版）,7,点评达人,False,发布于北京,独自旅行,豪华大床房,CN,5,超棒,Cleanliness: 5.0; Location: 5.0; Service: 5.0; Facilities: 5.0,北京索菲特的性价比远超预期！酒店干净卫生无异味，房间宽敞明亮，设施完好可用。Miya 服务热情不敷衍，位置优越交通便利，下次出行还会选择这里！,,False,True,0,3,False,尊敬的宾客您好，非常感谢您选择下榻北京索菲特大酒店并抽出宝贵的时间给予我们好评，谢谢您的分享与支持，能得到您的喜爱与赞扬，我们感到十分温暖，酒店地处二环，交通便利，步行可至1号线和2号线地铁，出行便捷，我们将秉承一贯热情的服务，期待在不久的将来再次给您更优质的入住体验！,2025-12-15T00:00:00,"# 北京索菲特大酒店 review (Ctrip)

**Rating:** 5.0/5 ★★★★★
**Travel type:** 独自旅行

## Review
北京索菲特的性价比远超预期！酒店干净卫生无异味，房间宽敞明亮，设施完好可用。Miya 服务热情不敷衍，位置优越交通便利，下次出行还会选择这里！

## Hotel response
尊敬的宾客您好，非常感谢您选择下榻北京索菲特大酒店并抽出宝贵的时间给予我们好评，谢谢您的分享与支持，能得到您的喜爱与赞扬，我们感到十分温暖，酒店地处二环，交通便利，步行可至1号线和2号线地铁，出行便捷，我们将秉承一贯热情的服务，期待在不久的将来再次给您更优质的入住体验！",https://hotels.ctrip.com/hotels/1286148.html
1755119709,1286148,北京索菲特大酒店,ctrip,2025-11-18T16:50:15,2025-11,牛牛,2,点评新星,False,发布于天津,商务出差,豪华大床房,CN,5,超棒,Cleanliness: 5.0; Location: 5.0; Service: 5.0; Facilities: 5.0,索菲特大酒店餐厅直接封神！前台Jayna推荐的招牌菜绝了，食材新鲜口感超赞，24小时点餐连夜宵都精致。窗外景色配美食太惬意，菜品种类丰富不踩雷，住店三餐全在这解决，幸福感拉满！,,False,True,0,3,False,尊敬的宾客，非常感谢您对我们酒店的好评，我们会再接再厉不辜负您的好评。再次感谢您对酒店的肯定，期待再次光临，祝旅途愉快！,2025-11-18T00:00:00,"# 北京索菲特大酒店 review (Ctrip)

**Rating:** 5.0/5 ★★★★★
**Travel type:** 商务出差

## Review
索菲特大酒店餐厅直接封神！前台Jayna推荐的招牌菜绝了，食材新鲜口感超赞，24小时点餐连夜宵都精致。窗外景色配美食太惬意，菜品种类丰富不踩雷，住店三餐全在这解决，幸福感拉满！

## Hotel response
尊敬的宾客，非常感谢您对我们酒店的好评，我们会再接再厉不辜负您的好评。再次感谢您对酒店的肯定，期待再次光临，祝旅途愉快！",https://hotels.ctrip.com/hotels/1286148.html
1744748803,1286148,北京索菲特大酒店,ctrip,2025-11-08T20:58:34,2025-11,,1,点评新星,True,发布于北京,情侣出游,豪华大床房,CN,5,超棒,Cleanliness: 5.0; Location: 5.0; Service: 5.0; Facilities: 5.0,酒店前台小梁Rebecca服务超贴心！办理入住高效快捷，还耐心推荐周边美食和路线，态度温柔又专业。细节处尽显用心，让旅途倍感温暖，酒店大堂太冷了，可能是现在还没供暖的原因，总而言之，强烈推荐～,,False,True,0,3,False,尊敬的宾客，非常感谢您对我们酒店的好评，我们会再接再厉不辜负您的好评。再次感谢您对酒店的肯定，期待再次光临，祝旅途愉快！,2025-11-09T00:00:00,"# 北京索菲特大酒店 review (Ctrip)

**Rating:** 5.0/5 ★★★★★
**Travel type:** 情侣出游

## Review
酒店前台小梁Rebecca服务超贴心！办理入住高效快捷，还耐心推荐周边美食和路线，态度温柔又专业。细节处尽显用心，让旅途倍感温暖，酒店大堂太冷了，可能是现在还没供暖的原因，总而言之，强烈推荐～

## Hotel response
尊敬的宾客，非常感谢您对我们酒店的好评，我们会再接再厉不辜负您的好评。再次感谢您对酒店的肯定，期待再次光临，祝旅途愉快！",https://hotels.ctrip.com/hotels/1286148.html
1843483045,1286148,北京索菲特大酒店,ctrip,2026-02-12T14:49:43,2026-02,,4,点评新星,True,发布于四川,商务出差,豪华大床房,CN,5,超棒,Cleanliness: 5.0; Location: 5.0; Service: 5.0; Facilities: 5.0,环境很好，服务很好，场地很大，视野很好，设施很全，sunny 也很热情周到,,False,True,0,4,False,尊敬的宾客您好，感谢您选择下榻北京索菲特大酒店，并抽出宝贵的时间与我们分享您的入住体验，谢谢您的分享与支持，为您服务的每一位大使都倍感荣幸，备受鼓舞，我们一定会再接再厉，专心的服务每一位尊贵客人，再次感谢您的评价，祝您身体健康，吉祥如意。,2026-02-12T00:00:00,"# 北京索菲特大酒店 review (Ctrip)

**Rating:** 5.0/5 ★★★★★
**Travel type:** 商务出差

## Review
环境很好，服务很好，场地很大，视野很好，设施很全，sunny 也很热情周到

## Hotel response
尊敬的宾客您好，感谢您选择下榻北京索菲特大酒店，并抽出宝贵的时间与我们分享您的入住体验，谢谢您的分享与支持，为您服务的每一位大使都倍感荣幸，备受鼓舞，我们一定会再接再厉，专心的服务每一位尊贵客人，再次感谢您的评价，祝您身体健康，吉祥如意。",https://hotels.ctrip.com/hotels/1286148.html
1804716451,1286148,北京索菲特大酒店,ctrip,2026-01-04T21:47:07,2025-12,,174,点评专家,True,发布于北京,朋友出游,豪华大床房,CN,5,超棒,Cleanliness: 5.0; Location: 5.0; Service: 5.0; Facilities: 5.0,前台miya 服务非常专业，入住退房高效迅速，态度亲切有礼。对周边咨询解答详细、 让人一到店就感到宾至如归。为你们点赞！！,,False,True,0,3,False,尊敬的宾客，非常感谢您对我们酒店的点评，今后我们会以更优质的服务迎接宾客，再次感谢您对酒店的肯定，期待再次光临，祝旅途愉快,2026-01-05T00:00:00,"# 北京索菲特大酒店 review (Ctrip)

**Rating:** 5.0/5 ★★★★★
**Travel type:** 朋友出游

## Review
前台miya 服务非常专业，入住退房高效迅速，态度亲切有礼。对周边咨询解答详细、 让人一到店就感到宾至如归。为你们点赞！！

## Hotel response
尊敬的宾客，非常感谢您对我们酒店的点评，今后我们会以更优质的服务迎接宾客，再次感谢您对酒店的肯定，期待再次光临，祝旅途愉快",https://hotels.ctrip.com/hotels/1286148.html
1786030445,1286148,北京索菲特大酒店,ctrip,2025-12-18T16:33:36,2025-12,Hebe,2,点评新星,False,发布于北京,独自旅行,豪华大床房,CN,5,超棒,Cleanliness: 5.0; Location: 5.0; Service: 5.0; Facilities: 5.0,酒店位置优越，交通便利，环境安静优雅从办理入住时的热情微笑，到耐心解答所有问题，步行5分钟就到地铁站洗护用品都是花香味的，好闻！服务很好必须再来 前台leah办理入住很快 推荐入住 。,,False,True,0,3,False,尊敬的宾客您好，非常感谢您选择下榻北京索菲特大酒店并抽出宝贵的时间给予我们好评，谢谢您的分享与支持，能得到您的喜爱与赞扬，我们感到十分温暖，酒店地处二环，交通便利，步行可至1号线和2号线地铁，出行便捷，我们将秉承一贯热情的服务，期待在不久的将来再次给您更优质的入住体验！,2025-12-18T00:00:00,"# 北京索菲特大酒店 review (Ctrip)

**Rating:** 5.0/5 ★★★★★
**Travel type:** 独自旅行

## Review
酒店位置优越，交通便利，环境安静优雅从办理入住时的热情微笑，到耐心解答所有问题，步行5分钟就到地铁站洗护用品都是花香味的，好闻！服务很好必须再来 前台leah办理入住很快 推荐入住 。

## Hotel response
尊敬的宾客您好，非常感谢您选择下榻北京索菲特大酒店并抽出宝贵的时间给予我们好评，谢谢您的分享与支持，能得到您的喜爱与赞扬，我们感到十分温暖，酒店地处二环，交通便利，步行可至1号线和2号线地铁，出行便捷，我们将秉承一贯热情的服务，期待在不久的将来再次给您更优质的入住体验！",https://hotels.ctrip.com/hotels/1286148.html
1805680425,1286148,北京索菲特大酒店,ctrip,2026-01-05T16:31:54,2026-01,,37,点评专家,True,发布于北京,情侣出游,豪华景观大床房,CN,5,超棒,Cleanliness: 5.0; Location: 5.0; Service: 5.0; Facilities: 5.0,前台服务效率超高， 态度也好到没话说！Miya 主动告知酒店各项设施使用时间，有问必答，这次入住真的超满意！！,,False,True,0,3,False,尊敬的宾客，非常感谢您对我们酒店的点评，今后我们会以更优质的服务迎接宾客，再次感谢您对酒店的肯定，期待再次光临，祝旅途愉快,2026-01-06T00:00:00,"# 北京索菲特大酒店 review (Ctrip)

**Rating:** 5.0/5 ★★★★★
**Travel type:** 情侣出游

## Review
前台服务效率超高， 态度也好到没话说！Miya 主动告知酒店各项设施使用时间，有问必答，这次入住真的超满意！！

## Hotel response
尊敬的宾客，非常感谢您对我们酒店的点评，今后我们会以更优质的服务迎接宾客，再次感谢您对酒店的肯定，期待再次光临，祝旅途愉快",https://hotels.ctrip.com/hotels/1286148.html
1964467339,1286148,北京索菲特大酒店,ctrip,2026-05-29T14:33:48,2026-05,,8,点评达人,True,发布于北京,代人预订,豪华大床房,CN,5,超棒,Cleanliness: 5.0; Location: 5.0; Service: 5.0; Facilities: 5.0,到店时满身疲惫，前台Linda一眼看出，迅速办完了入住，全程微笑回应所有问题，服务超到位，酒店住的很舒服。礼宾王栋做事周到，满分服务，下次还来这家,,False,True,0,3,False,尊敬的宾客：您好！非常感谢您的入住与赞赏！很高兴能为您的出游带来美好的时光。您的赞赏给予酒店很大的鼓舞，也是我们进步的动力，我们会继续保持热忱，致力让每一位宾客享有宾至如归的入住感受，热切期待您的再次光临！欢迎您再回来体验，祝生活愉快,2026-05-29T00:00:00,"# 北京索菲特大酒店 review (Ctrip)

**Rating:** 5.0/5 ★★★★★
**Travel type:** 代人预订

## Review
到店时满身疲惫，前台Linda一眼看出，迅速办完了入住，全程微笑回应所有问题，服务超到位，酒店住的很舒服。礼宾王栋做事周到，满分服务，下次还来这家

## Hotel response
尊敬的宾客：您好！非常感谢您的入住与赞赏！很高兴能为您的出游带来美好的时光。您的赞赏给予酒店很大的鼓舞，也是我们进步的动力，我们会继续保持热忱，致力让每一位宾客享有宾至如归的入住感受，热切期待您的再次光临！欢迎您再回来体验，祝生活愉快",https://hotels.ctrip.com/hotels/1286148.html
1765962155,1286148,北京索菲特大酒店,ctrip,2025-11-29T15:34:48,2025-11,,46,点评专家,True,发布于湖北,商务出差,豪华大床房,CN,5,超棒,Cleanliness: 5.0; Location: 5.0; Service: 5.0; Facilities: 5.0,非常满意的一次住宿！环境优雅，卫生干净，设施齐全。工作人员态度亲切，有求必应。Miya 入住和退房流程都很迅速。下次来这个城市，一定还会住这家酒店，值得推荐！,,False,True,0,3,False,尊敬的宾客您好，非常感谢您选择下榻北京索菲特大酒店并抽出宝贵的时间给予我们好评，谢谢您的分享与支持，能得到您的喜爱与赞扬，我们感到十分温暖，酒店地处二环，交通便利，步行可至1号线和2号线地铁，出行便捷，我们将秉承一贯热情的服务，期待在不久的将来再次给您更优质的入住体验！,2025-12-01T00:00:00,"# 北京索菲特大酒店 review (Ctrip)

**Rating:** 5.0/5 ★★★★★
**Travel type:** 商务出差

## Review
非常满意的一次住宿！环境优雅，卫生干净，设施齐全。工作人员态度亲切，有求必应。Miya 入住和退房流程都很迅速。下次来这个城市，一定还会住这家酒店，值得推荐！

## Hotel response
尊敬的宾客您好，非常感谢您选择下榻北京索菲特大酒店并抽出宝贵的时间给予我们好评，谢谢您的分享与支持，能得到您的喜爱与赞扬，我们感到十分温暖，酒店地处二环，交通便利，步行可至1号线和2号线地铁，出行便捷，我们将秉承一贯热情的服务，期待在不久的将来再次给您更优质的入住体验！",https://hotels.ctrip.com/hotels/1286148.html
1786981071,1286148,北京索菲特大酒店,ctrip,2025-12-19T16:28:21,2025-12,老友塔塔,8,点评达人,False,发布于陕西,代人预订,豪华大床房,CN,5,超棒,Cleanliness: 5.0; Location: 5.0; Service: 5.0; Facilities: 5.0,帮家里人订的房间，beira 提前联系我 询问到店时间，贴心的帮我安排房间，得知是家人入住后还安排同层，服务意识很好 下次还会选择,,False,True,0,3,False,尊敬的宾客您好，非常感谢您选择下榻北京索菲特大酒店并抽出宝贵的时间给予我们好评，谢谢您的分享与支持，能得到您的喜爱与赞扬，我们感到十分温暖，酒店地处二环，交通便利，步行可至1号线和2号线地铁，出行便捷，我们将秉承一贯热情的服务，期待在不久的将来再次给您更优质的入住体验！,2025-12-19T00:00:00,"# 北京索菲特大酒店 review (Ctrip)

**Rating:** 5.0/5 ★★★★★
**Travel type:** 代人预订

## Review
帮家里人订的房间，beira 提前联系我 询问到店时间，贴心的帮我安排房间，得知是家人入住后还安排同层，服务意识很好 下次还会选择

## Hotel response
尊敬的宾客您好，非常感谢您选择下榻北京索菲特大酒店并抽出宝贵的时间给予我们好评，谢谢您的分享与支持，能得到您的喜爱与赞扬，我们感到十分温暖，酒店地处二环，交通便利，步行可至1号线和2号线地铁，出行便捷，我们将秉承一贯热情的服务，期待在不久的将来再次给您更优质的入住体验！",https://hotels.ctrip.com/hotels/1286148.html
1785919833,1286148,北京索菲特大酒店,ctrip,2025-12-18T14:54:07,2025-12,,35,点评专家,True,发布于北京,情侣出游,豪华大床房,CN,5,超棒,Cleanliness: 5.0; Location: 5.0; Service: 5.0; Facilities: 5.0,一次温暖的入住体验。工作人员Miya 笑容亲切，有求必应。房间布置 温馨，床垫枕头舒服极了，像在家一样。离店时还赠送了小熊，很贴心～,,False,True,0,3,False,尊敬的宾客您好，非常感谢您选择下榻北京索菲特大酒店并抽出宝贵的时间给予我们好评，谢谢您的分享与支持，能得到您的喜爱与赞扬，我们感到十分温暖，酒店地处二环，交通便利，步行可至1号线和2号线地铁，出行便捷，我们将秉承一贯热情的服务，期待在不久的将来再次给您更优质的入住体验！,2025-12-18T00:00:00,"# 北京索菲特大酒店 review (Ctrip)

**Rating:** 5.0/5 ★★★★★
**Travel type:** 情侣出游

## Review
一次温暖的入住体验。工作人员Miya 笑容亲切，有求必应。房间布置 温馨，床垫枕头舒服极了，像在家一样。离店时还赠送了小熊，很贴心～

## Hotel response
尊敬的宾客您好，非常感谢您选择下榻北京索菲特大酒店并抽出宝贵的时间给予我们好评，谢谢您的分享与支持，能得到您的喜爱与赞扬，我们感到十分温暖，酒店地处二环，交通便利，步行可至1号线和2号线地铁，出行便捷，我们将秉承一贯热情的服务，期待在不久的将来再次给您更优质的入住体验！",https://hotels.ctrip.com/hotels/1286148.html
1784289701,1286148,北京索菲特大酒店,ctrip,2025-12-16T21:17:44,2025-12,笔落西山辞。,18,点评达人,False,发布于北京,商务出差,豪华景观大床房,CN,5,超棒,Cleanliness: 5.0; Location: 5.0; Service: 5.0; Facilities: 5.0,遗落的证件被前厅人员妥善保管，联系后很快就取回，工作人员的细心负责让人超安心～Sunny还打了回访电话，贴心询问入住体验，感到被重视。,,False,True,0,4,False,尊敬的宾客您好，非常感谢您选择下榻北京索菲特大酒店并抽出宝贵的时间给予我们好评，谢谢您的分享与支持，能得到您的喜爱与赞扬，我们感到十分温暖，酒店地处二环，交通便利，步行可至1号线和2号线地铁，出行便捷，我们将秉承一贯热情的服务，期待在不久的将来再次给您更优质的入住体验！,2025-12-17T00:00:00,"# 北京索菲特大酒店 review (Ctrip)

**Rating:** 5.0/5 ★★★★★
**Travel type:** 商务出差

## Review
遗落的证件被前厅人员妥善保管，联系后很快就取回，工作人员的细心负责让人超安心～Sunny还打了回访电话，贴心询问入住体验，感到被重视。

## Hotel response
尊敬的宾客您好，非常感谢您选择下榻北京索菲特大酒店并抽出宝贵的时间给予我们好评，谢谢您的分享与支持，能得到您的喜爱与赞扬，我们感到十分温暖，酒店地处二环，交通便利，步行可至1号线和2号线地铁，出行便捷，我们将秉承一贯热情的服务，期待在不久的将来再次给您更优质的入住体验！",https://hotels.ctrip.com/hotels/1286148.html
1777088777,1286148,北京索菲特大酒店,ctrip,2025-12-10T13:31:27,2025-12,,1,点评新星,True,发布于吉林,家庭亲子,豪华大床房,CN,5,超棒,Cleanliness: 5.0; Location: 5.0; Service: 5.0; Facilities: 5.0,推荐给所有要出行的朋友！索菲特大酒店Jayna服务超赞，地理位置优越～房间干净整洁，窗外景色迷人，外卖机器人超方便，安静的环境让人休息得很好，体验感拉满！,,False,True,0,3,False,尊敬的宾客，非常感谢您对我们酒店的点评，今后我们会以更优质的服务迎接宾客，再次感谢您对酒店的肯定，期待再次光临，祝旅途愉快,2025-12-11T00:00:00,"# 北京索菲特大酒店 review (Ctrip)

**Rating:** 5.0/5 ★★★★★
**Travel type:** 家庭亲子

## Review
推荐给所有要出行的朋友！索菲特大酒店Jayna服务超赞，地理位置优越～房间干净整洁，窗外景色迷人，外卖机器人超方便，安静的环境让人休息得很好，体验感拉满！

## Hotel response
尊敬的宾客，非常感谢您对我们酒店的点评，今后我们会以更优质的服务迎接宾客，再次感谢您对酒店的肯定，期待再次光临，祝旅途愉快",https://hotels.ctrip.com/hotels/1286148.html
1883420821,1286148,北京索菲特大酒店,ctrip,2026-03-22T10:12:04,2026-02,,1,点评新星,True,发布于河南,朋友出游,豪华大床房,CN,5,超棒,Cleanliness: 5.0; Location: 5.0; Service: 5.0; Facilities: 5.0,时隔几个月再回北京 依然选择索菲特 栗经理很好 提前做好了一切安排 微信秒回 对于特别挑剔的我女朋友都是赞不绝口 安排的太好了，二环的夜晚 车水马龙 很有feel，酒店很时尚 暗黑风格，符合年轻人审美，唯一的问题就是没有usb的插口 智能设备差点，其他无可挑剔 以后就是来北京的首选地点了！,,False,True,0,4,False,尊敬的宾客您好，非常感谢您选择下榻北京索菲特大酒店并抽出宝贵的时间给予我们好评，谢谢您的分享与支持，能得到您的喜爱与赞扬，我们感到十分温暖，酒店地处二环，交通便利，步行可至1号线和2号线地铁，出行便捷，我们将秉承一贯热情的服务，期待在不久的将来再次给您更优质的入住体验！,2026-03-22T00:00:00,"# 北京索菲特大酒店 review (Ctrip)

**Rating:** 5.0/5 ★★★★★
**Travel type:** 朋友出游

## Review
时隔几个月再回北京 依然选择索菲特 栗经理很好 提前做好了一切安排 微信秒回 对于特别挑剔的我女朋友都是赞不绝口 安排的太好了，二环的夜晚 车水马龙 很有feel，酒店很时尚 暗黑风格，符合年轻人审美，唯一的问题就是没有usb的插口 智能设备差点，其他无可挑剔 以后就是来北京的首选地点了！

## Hotel response
尊敬的宾客您好，非常感谢您选择下榻北京索菲特大酒店并抽出宝贵的时间给予我们好评，谢谢您的分享与支持，能得到您的喜爱与赞扬，我们感到十分温暖，酒店地处二环，交通便利，步行可至1号线和2号线地铁，出行便捷，我们将秉承一贯热情的服务，期待在不久的将来再次给您更优质的入住体验！",https://hotels.ctrip.com/hotels/1286148.html
1816914499,1286148,北京索菲特大酒店,ctrip,2026-01-16T19:01:37,2026-01,雨中vs漫步,64,点评专家,False,发布于陕西,商务出差,豪华大床房,CN,5,超棒,Cleanliness: 5.0; Location: 5.0; Service: 5.0; Facilities: 5.0,"前厅部Sunny服务超赞，退房时帮我快速办理手续，还主动叫车，细致的服务让人觉得特别暖心。
酒店服务很好，我订错时间了，酒店都给协调了 。还给升级了房型",,False,True,0,3,False,尊敬的宾客您好，非常感谢您选择下榻北京索菲特大酒店并抽出宝贵的时间给予我们好评，谢谢您的分享与支持，能得到您的喜爱与赞扬，我们感到十分温暖，酒店地处二环，交通便利，步行可至1号线和2号线地铁，出行便捷，我们将秉承一贯热情的服务，期待在不久的将来再次给您更优质的入住体验！,2026-01-19T00:00:00,"# 北京索菲特大酒店 review (Ctrip)

**Rating:** 5.0/5 ★★★★★
**Travel type:** 商务出差

## Review
前厅部Sunny服务超赞，退房时帮我快速办理手续，还主动叫车，细致的服务让人觉得特别暖心。
酒店服务很好，我订错时间了，酒店都给协调了 。还给升级了房型

## Hotel response
尊敬的宾客您好，非常感谢您选择下榻北京索菲特大酒店并抽出宝贵的时间给予我们好评，谢谢您的分享与支持，能得到您的喜爱与赞扬，我们感到十分温暖，酒店地处二环，交通便利，步行可至1号线和2号线地铁，出行便捷，我们将秉承一贯热情的服务，期待在不久的将来再次给您更优质的入住体验！",https://hotels.ctrip.com/hotels/1286148.html
1812179555,1286148,北京索菲特大酒店,ctrip,2026-01-12T09:51:38,2026-01,,21,点评达人,True,发布于陕西,家庭亲子,豪华双床房,CN,5,超棒,Cleanliness: 5.0; Location: 5.0; Service: 5.0; Facilities: 5.0,房间干净，设施齐全，阳光也不错，嗯嗯，住的很舒服，位置优越，房间干净整洁，服务人员热情周到，床品舒适，早餐丰富，性价比很高，是一次非常愉快的入住体验！,,False,True,0,3,False,尊敬的宾客您好，非常感谢您选择下榻北京索菲特大酒店并抽出宝贵的时间给予我们好评，谢谢您的分享与支持，能得到您的喜爱与赞扬，我们感到十分温暖，酒店地处二环，交通便利，步行可至1号线和2号线地铁，出行便捷，我们将秉承一贯热情的服务，期待在不久的将来再次给您更优质的入住体验！,2026-01-12T00:00:00,"# 北京索菲特大酒店 review (Ctrip)

**Rating:** 5.0/5 ★★★★★
**Travel type:** 家庭亲子

## Review
房间干净，设施齐全，阳光也不错，嗯嗯，住的很舒服，位置优越，房间干净整洁，服务人员热情周到，床品舒适，早餐丰富，性价比很高，是一次非常愉快的入住体验！

## Hotel response
尊敬的宾客您好，非常感谢您选择下榻北京索菲特大酒店并抽出宝贵的时间给予我们好评，谢谢您的分享与支持，能得到您的喜爱与赞扬，我们感到十分温暖，酒店地处二环，交通便利，步行可至1号线和2号线地铁，出行便捷，我们将秉承一贯热情的服务，期待在不久的将来再次给您更优质的入住体验！",https://hotels.ctrip.com/hotels/1286148.html
1639839461,1352621,纽约市中心希尔顿酒店(New York Hilton Midtown),ctrip,2025-08-19T05:32:51,2025-08,,4,点评新星,True,发布于美国,独自旅行,都市大床房,CN,5,超棒,Cleanliness: 5.0; Location: 5.0; Service: 5.0; Facilities: 5.0,非常感谢酒店给升级的房间，是最满意的房间3306，赠送早餐和下午巧克力甜点，超预期。除此之外，总体感觉今年的前台服务人员比去年好，也有耐心，还是很满意的。所以又立刻续订了天际特大床房，虽然当晚没有特大床房了，但前台服务人员都全力圆满解决了，第二天又换回特大床房，很满意。谢谢💗🌹,,False,True,0,4,False,,,"# 纽约市中心希尔顿酒店(New York Hilton Midtown) review (Ctrip)

**Rating:** 5.0/5 ★★★★★
**Travel type:** 独自旅行

## Review
非常感谢酒店给升级的房间，是最满意的房间3306，赠送早餐和下午巧克力甜点，超预期。除此之外，总体感觉今年的前台服务人员比去年好，也有耐心，还是很满意的。所以又立刻续订了天际特大床房，虽然当晚没有特大床房了，但前台服务人员都全力圆满解决了，第二天又换回特大床房，很满意。谢谢💗🌹",https://hotels.ctrip.com/hotels/1352621.html
1936002510,1352621,纽约市中心希尔顿酒店(New York Hilton Midtown),ctrip,2026-05-05T11:44:43,2026-03,,11,,True,,商务出差,都市大床房,CN,5,超棒,Cleanliness: 5.0; Location: 5.0; Service: 5.0; Facilities: 5.0,"在纽约出差住这个酒店，整体体验很不错：

1. 交通非常便利
2. 服务响应比较及时
3. 酒店提供了 $70 的 credit，可以用于餐饮消费

下次出差我还会选择入住这里。",,False,True,0,0,False,,,"# 纽约市中心希尔顿酒店(New York Hilton Midtown) review (Ctrip)

**Rating:** 5.0/5 ★★★★★
**Travel type:** 商务出差

## Review
在纽约出差住这个酒店，整体体验很不错：

1. 交通非常便利
2. 服务响应比较及时
3. 酒店提供了 $70 的 credit，可以用于餐饮消费

下次出差我还会选择入住这里。",https://hotels.ctrip.com/hotels/1352621.html
1711917957,1352621,纽约市中心希尔顿酒店(New York Hilton Midtown),ctrip,2025-10-15T09:04:12,2025-09,GOLDEN AZ,27,点评达人,False,发布于北京,情侣出游,城市两张双人床房,CN,5,超棒,Cleanliness: 5.0; Location: 5.0; Service: 5.0; Facilities: 5.0,"设施：还可以吧，看得出建的比较早，但保养的可以，凌晨 12 点办理入住的前台也有人值班

卫生：好
环境：地理位置优越，基本到哪都可以步行

服务：好",,False,True,0,2,False,,,"# 纽约市中心希尔顿酒店(New York Hilton Midtown) review (Ctrip)

**Rating:** 5.0/5 ★★★★★
**Travel type:** 情侣出游

## Review
设施：还可以吧，看得出建的比较早，但保养的可以，凌晨 12 点办理入住的前台也有人值班

卫生：好
环境：地理位置优越，基本到哪都可以步行

服务：好",https://hotels.ctrip.com/hotels/1352621.html
1968566941,1352621,纽约市中心希尔顿酒店(New York Hilton Midtown),ctrip,2026-06-01T13:48:58,2026-05,Renee023,14,点评达人,False,发布于北京,商务出差,城市特大床房,CN,5,超棒,Cleanliness: 5.0; Location: 5.0; Service: 5.0; Facilities: 5.0,酒店环境优雅，卫生做得很到位，各类设施完好齐全。服务人员礼貌又热心，居住体验舒适惬意，是一次愉快的入住。,,False,True,0,0,False,,,"# 纽约市中心希尔顿酒店(New York Hilton Midtown) review (Ctrip)

**Rating:** 5.0/5 ★★★★★
**Travel type:** 商务出差

## Review
酒店环境优雅，卫生做得很到位，各类设施完好齐全。服务人员礼貌又热心，居住体验舒适惬意，是一次愉快的入住。",https://hotels.ctrip.com/hotels/1352621.html
1583092185,1352621,纽约市中心希尔顿酒店(New York Hilton Midtown),ctrip,2025-07-08T04:24:51,2025-05,,11,点评达人,True,发布于上海,情侣出游,市景间 - 带1张特大床、无障碍通道和w/RI淋浴,CN,5,超棒,Cleanliness: 5.0; Location: 5.0; Service: 5.0; Facilities: 5.0,非常好哈哈哈哈哈哈哈哈哈哈哈哈哈哈哈哈哈哈哈哈哈哈哈哈哈哈哈哈哈哈哈哈哈哈哈哈哈哈哈哈哈哈哈哈哈哈哈哈哈,,False,True,0,1,False,,,"# 纽约市中心希尔顿酒店(New York Hilton Midtown) review (Ctrip)

**Rating:** 5.0/5 ★★★★★
**Travel type:** 情侣出游

## Review
非常好哈哈哈哈哈哈哈哈哈哈哈哈哈哈哈哈哈哈哈哈哈哈哈哈哈哈哈哈哈哈哈哈哈哈哈哈哈哈哈哈哈哈哈哈哈哈哈哈哈",https://hotels.ctrip.com/hotels/1352621.html
1550679636,1352621,纽约市中心希尔顿酒店(New York Hilton Midtown),ctrip,2025-06-10T23:11:16,2025-06,Elizabeth Renaud,16,,False,,独自旅行,天际特大床房,en,5,超棒,Cleanliness: 5.0; Location: 5.0; Service: 5.0; Facilities: 5.0,"Clean hotel and convenient location. I even got to check in early for a small fee, it was well worth it.",酒店很干净，地理位置也很方便。我甚至支付了一点费用就提前入住了，非常值得。,True,True,0,2,False,,,"# 纽约市中心希尔顿酒店(New York Hilton Midtown) review (Ctrip)

**Rating:** 5.0/5 ★★★★★
**Travel type:** 独自旅行

## Review
Clean hotel and convenient location. I even got to check in early for a small fee, it was well worth it.

## Translation
酒店很干净，地理位置也很方便。我甚至支付了一点费用就提前入住了，非常值得。",https://hotels.ctrip.com/hotels/1352621.html
1499997211,1352621,纽约市中心希尔顿酒店(New York Hilton Midtown),ctrip,2025-04-29T05:15:42,2025-04,zinnialulu,10,点评达人,False,发布于日本,商务出差,都市大床房,CN,5,超棒,Cleanliness: 5.0; Location: 5.0; Service: 5.0; Facilities: 5.0,酒店位置很好，出行方便，离moma第五大道和中央公园都很近。附近很多餐厅可以选择，gossip girl同款步行可达,,False,True,0,3,False,,,"# 纽约市中心希尔顿酒店(New York Hilton Midtown) review (Ctrip)

**Rating:** 5.0/5 ★★★★★
**Travel type:** 商务出差

## Review
酒店位置很好，出行方便，离moma第五大道和中央公园都很近。附近很多餐厅可以选择，gossip girl同款步行可达",https://hotels.ctrip.com/hotels/1352621.html
1482985153,1352621,纽约市中心希尔顿酒店(New York Hilton Midtown),ctrip,2025-04-14T11:46:57,2025-04,关东老散人,42,点评专家,False,发布于美国,朋友出游,都市特大床房,CN,5,超棒,Cleanliness: 5.0; Location: 5.0; Service: 5.0; Facilities: 5.0,酒店不错，真的在纽约市中心，对面是现代艺术馆MAMA，里卡耐基大厅，中央公园都不远，走着去就行。更重要的是离时代广场，百老汇都很近。,,False,True,0,2,False,,,"# 纽约市中心希尔顿酒店(New York Hilton Midtown) review (Ctrip)

**Rating:** 5.0/5 ★★★★★
**Travel type:** 朋友出游

## Review
酒店不错，真的在纽约市中心，对面是现代艺术馆MAMA，里卡耐基大厅，中央公园都不远，走着去就行。更重要的是离时代广场，百老汇都很近。",https://hotels.ctrip.com/hotels/1352621.html
1951854383,1352621,纽约市中心希尔顿酒店(New York Hilton Midtown),ctrip,2026-05-18T11:56:18,2026-05,,8,点评达人,True,发布于美国,家庭亲子,都市两张双人床房,CN,5,超棒,Cleanliness: 5.0; Location: 5.0; Service: 5.0; Facilities: 5.0,还不错，房间有些老了，没有矿泉水，不过给了消费额度，可以在一楼免费消费,,False,True,0,0,False,,,"# 纽约市中心希尔顿酒店(New York Hilton Midtown) review (Ctrip)

**Rating:** 5.0/5 ★★★★★
**Travel type:** 家庭亲子

## Review
还不错，房间有些老了，没有矿泉水，不过给了消费额度，可以在一楼免费消费",https://hotels.ctrip.com/hotels/1352621.html
1605591502,1352621,纽约市中心希尔顿酒店(New York Hilton Midtown),ctrip,2025-07-25T12:08:21,2025-07,,1,,True,,家庭亲子,都市两张双人床房,CN,5,超棒,Cleanliness: 5.0; Location: 5.0; Service: 5.0; Facilities: 5.0,酒店很干净，也很安静，设施便利，酒店地理位置极佳，非常满意的入住体验，会推荐给朋友。有一点小问题，酒店里没有热水壶，想喝口热水不方便。提供沐浴露，洗发水，身体乳，香皂。,,False,True,2,0,False,,,"# 纽约市中心希尔顿酒店(New York Hilton Midtown) review (Ctrip)

**Rating:** 5.0/5 ★★★★★
**Travel type:** 家庭亲子

## Review
酒店很干净，也很安静，设施便利，酒店地理位置极佳，非常满意的入住体验，会推荐给朋友。有一点小问题，酒店里没有热水壶，想喝口热水不方便。提供沐浴露，洗发水，身体乳，香皂。",https://hotels.ctrip.com/hotels/1352621.html
1186082573,1352621,纽约市中心希尔顿酒店(New York Hilton Midtown),ctrip,2024-07-22T09:13:44,2024-07,阿珊-Cathy,40,点评专家,False,发布于美国,家庭亲子,城市特大床房,CN,5,超棒,Cleanliness: 5.0; Location: 5.0; Service: 5.0; Facilities: 5.0,在纽约住过三家酒店，这家是最满意的.走路5分到中央公园，15分钟到博物馆，可以不要打的，不然一天打的费至少100美金。第一个酒店在纽约第39街Holiday inn 酒店，旅行团安排的印象非常差，门口一堆流浪汉和**味儿！房间16个平方，电梯和走廊非常狭小；感觉整个纽约、时代广场都是**的臭味💩！这次定的酒店比前面贵了很多，房间很大，25平方左右，干净整洁，至少门口没有**味儿！早餐也不错，除了经典美式早餐，还多了火腿和煎鸡，不错👌。价格和设施千万不要和国内酒店比 心理才会平衡一些🤗特别花美金的时候不要汇率换算。另外买水和吃饭可以到斜对面的巷子里，附近都要2-3美金一瓶水，斜对面小巷可以买到0.5-1美金的水。同品牌的，还有韩国菜/日本菜/中餐可以选择。,,False,True,10,5,False,,,"# 纽约市中心希尔顿酒店(New York Hilton Midtown) review (Ctrip)

**Rating:** 5.0/5 ★★★★★
**Travel type:** 家庭亲子

## Review
在纽约住过三家酒店，这家是最满意的.走路5分到中央公园，15分钟到博物馆，可以不要打的，不然一天打的费至少100美金。第一个酒店在纽约第39街Holiday inn 酒店，旅行团安排的印象非常差，门口一堆流浪汉和**味儿！房间16个平方，电梯和走廊非常狭小；感觉整个纽约、时代广场都是**的臭味💩！这次定的酒店比前面贵了很多，房间很大，25平方左右，干净整洁，至少门口没有**味儿！早餐也不错，除了经典美式早餐，还多了火腿和煎鸡，不错👌。价格和设施千万不要和国内酒店比 心理才会平衡一些🤗特别花美金的时候不要汇率换算。另外买水和吃饭可以到斜对面的巷子里，附近都要2-3美金一瓶水，斜对面小巷可以买到0.5-1美金的水。同品牌的，还有韩国菜/日本菜/中餐可以选择。",https://hotels.ctrip.com/hotels/1352621.html
1179253581,1352621,纽约市中心希尔顿酒店(New York Hilton Midtown),ctrip,2024-07-15T22:08:24,2024-07,,3,点评新星,True,发布于江苏,商务出差,城市特大床房(听觉无障碍),CN,5,超棒,Cleanliness: 5.0; Location: 5.0; Service: 5.0; Facilities: 5.0,纽约希尔顿酒店1963开业，坐落于曼哈顿中心地带洛克菲勒中心，周边遍布各类顶级名牌店，爱马仕、香奈儿、LV等等应有尽有，是女士们的购物天堂！附近还有孩子们最爱的最大的乐高积木商店！离时代广场更是一步之遥！房间数量2042间，曾经是曼哈顿最之名的酒店，等同于上海外滩的和平饭店，很多明星和政要都住过这个酒店！黄金地段的钻石地带！,,False,True,0,1,False,,,"# 纽约市中心希尔顿酒店(New York Hilton Midtown) review (Ctrip)

**Rating:** 5.0/5 ★★★★★
**Travel type:** 商务出差

## Review
纽约希尔顿酒店1963开业，坐落于曼哈顿中心地带洛克菲勒中心，周边遍布各类顶级名牌店，爱马仕、香奈儿、LV等等应有尽有，是女士们的购物天堂！附近还有孩子们最爱的最大的乐高积木商店！离时代广场更是一步之遥！房间数量2042间，曾经是曼哈顿最之名的酒店，等同于上海外滩的和平饭店，很多明星和政要都住过这个酒店！黄金地段的钻石地带！",https://hotels.ctrip.com/hotels/1352621.html
1241800323,1352621,纽约市中心希尔顿酒店(New York Hilton Midtown),ctrip,2024-08-29T03:36:50,2024-08,,2,,True,,家庭亲子,天际两张双人床房,en,5,超棒,Cleanliness: 5.0; Location: 5.0; Service: 5.0; Facilities: 5.0,"Superb location and the room was worth the price. Had no issues. WiFi was a bit on the slow side and the gym equipment wasn't quite complete. Otherwise, the AC was sufficient and the room was clean",地理位置绝佳，房间也物有所值。入住期间没有遇到任何问题。无线网络有点慢，健身房的器械也不是很齐全。除此之外，空调很给力，房间也很干净。,True,True,0,1,False,,,"# 纽约市中心希尔顿酒店(New York Hilton Midtown) review (Ctrip)

**Rating:** 5.0/5 ★★★★★
**Travel type:** 家庭亲子

## Review
Superb location and the room was worth the price. Had no issues. WiFi was a bit on the slow side and the gym equipment wasn't quite complete. Otherwise, the AC was sufficient and the room was clean

## Translation
地理位置绝佳，房间也物有所值。入住期间没有遇到任何问题。无线网络有点慢，健身房的器械也不是很齐全。除此之外，空调很给力，房间也很干净。",https://hotels.ctrip.com/hotels/1352621.html
1226470227,1352621,纽约市中心希尔顿酒店(New York Hilton Midtown),ctrip,2024-08-18T22:12:46,2024-08,KR油菜花,70,点评专家,False,发布于四川,家庭亲子,天际特大床房,CN,5,超棒,Cleanliness: 5.0; Location: 5.0; Service: 5.0; Facilities: 5.0,位于曼哈顿中城，离中央公园，帝国大厦，百老汇，川普大厦，第五大道这些知名景点都可以不行到达，非常方便。早餐也很好吃，品种也多。,,False,True,1,3,False,,,"# 纽约市中心希尔顿酒店(New York Hilton Midtown) review (Ctrip)

**Rating:** 5.0/5 ★★★★★
**Travel type:** 家庭亲子

## Review
位于曼哈顿中城，离中央公园，帝国大厦，百老汇，川普大厦，第五大道这些知名景点都可以不行到达，非常方便。早餐也很好吃，品种也多。",https://hotels.ctrip.com/hotels/1352621.html
1506618937,1352621,纽约市中心希尔顿酒店(New York Hilton Midtown),ctrip,2025-05-04T17:09:54,2025-05,TW56762222TRT100236,90,点评专家,False,发布于美国,独自旅行,城市特大床房(听觉无障碍),CN,5,超棒,Cleanliness: 5.0; Location: 5.0; Service: 5.0; Facilities: 5.0,房间较大，没有拖鞋，没有赠饮，停车场比较贵，记得97刀，付款时再看看，但是有自己和SP+合作的停车场，服务正常。,,False,True,0,0,False,,,"# 纽约市中心希尔顿酒店(New York Hilton Midtown) review (Ctrip)

**Rating:** 5.0/5 ★★★★★
**Travel type:** 独自旅行

## Review
房间较大，没有拖鞋，没有赠饮，停车场比较贵，记得97刀，付款时再看看，但是有自己和SP+合作的停车场，服务正常。",https://hotels.ctrip.com/hotels/1352621.html
1953312317,1352621,纽约市中心希尔顿酒店(New York Hilton Midtown),ctrip,2026-05-19T15:56:02,2026-05,cfyang777,11,点评达人,False,发布于美国,独自旅行,都市大床房,CN,5,超棒,Cleanliness: 5.0; Location: 5.0; Service: 5.0; Facilities: 5.0,不错，已经不是第一次选择了,,False,True,0,0,False,,,"# 纽约市中心希尔顿酒店(New York Hilton Midtown) review (Ctrip)

**Rating:** 5.0/5 ★★★★★
**Travel type:** 独自旅行

## Review
不错，已经不是第一次选择了",https://hotels.ctrip.com/hotels/1352621.html
1977775017,1352621,纽约市中心希尔顿酒店(New York Hilton Midtown),ctrip,2026-06-08T21:47:18,2026-05,shenghaoyi,30,点评专家,False,发布于江苏,家庭亲子,城市两张双人床房,CN,5,超棒,Cleanliness: 5.0; Location: 5.0; Service: 5.0; Facilities: 5.0,满意的，很好的，不错的,,False,True,0,0,False,,,"# 纽约市中心希尔顿酒店(New York Hilton Midtown) review (Ctrip)

**Rating:** 5.0/5 ★★★★★
**Travel type:** 家庭亲子

## Review
满意的，很好的，不错的",https://hotels.ctrip.com/hotels/1352621.html
1174091995,1352621,纽约市中心希尔顿酒店(New York Hilton Midtown),ctrip,2024-07-11T11:52:01,2024-07,,7,点评达人,True,发布于美国,商务出差,城市特大床房,CN,5,超棒,Cleanliness: 5.0; Location: 5.0; Service: 5.0; Facilities: 5.0,地理位置优越！在53街和54街之间！吃东西比较方便，去现代艺术馆很近！,,False,True,0,1,False,,,"# 纽约市中心希尔顿酒店(New York Hilton Midtown) review (Ctrip)

**Rating:** 5.0/5 ★★★★★
**Travel type:** 商务出差

## Review
地理位置优越！在53街和54街之间！吃东西比较方便，去现代艺术馆很近！",https://hotels.ctrip.com/hotels/1352621.html
1118902241,1352621,纽约市中心希尔顿酒店(New York Hilton Midtown),ctrip,2024-05-17T11:32:10,2024-05,孙冠文,12,点评达人,False,发布于美国,情侣出游,都市两张双人床房,CN,5,超棒,Cleanliness: 5.0; Location: 5.0; Service: 5.0; Facilities: 5.0,房间与预定订单非常相符，很喜欢这个双床房，这个房间非常好，干净整洁，酒店有行李寄存处，5美元一件行李，非常的方便，很不错。,,False,True,1,3,False,,,"# 纽约市中心希尔顿酒店(New York Hilton Midtown) review (Ctrip)

**Rating:** 5.0/5 ★★★★★
**Travel type:** 情侣出游

## Review
房间与预定订单非常相符，很喜欢这个双床房，这个房间非常好，干净整洁，酒店有行李寄存处，5美元一件行李，非常的方便，很不错。",https://hotels.ctrip.com/hotels/1352621.html
1203448703,1352621,纽约市中心希尔顿酒店(New York Hilton Midtown),ctrip,2024-08-03T06:21:19,2024-07,,1,,True,,商务出差,都市特大床房,en,5,超棒,Cleanliness: 5.0; Location: 5.0; Service: 5.0; Facilities: 5.0,Our Stay at NY Hilton MIdtown was absolutely amazing. The staff was helpful and above and beyond accommadating. The breakfast was not only fulfilling but filled with so many incredible options. The dry cleaning credit also allowed for me to take my suits back home cleaned and pressed. Location was perfect. We will only stay here when we travel to NY.,我们纽约希尔顿中城酒店的住宿体验简直太棒了。员工们非常乐于助人，提供的服务超出了我们的预期。早餐不仅丰盛，而且有许多令人惊叹的选择。干洗服务额度也让我的西装在带回家时是干净熨烫好的。地理位置也完美。以后我们去纽约就只住这家酒店了。,True,True,1,0,False,,,"# 纽约市中心希尔顿酒店(New York Hilton Midtown) review (Ctrip)

**Rating:** 5.0/5 ★★★★★
**Travel type:** 商务出差

## Review
Our Stay at NY Hilton MIdtown was absolutely amazing. The staff was helpful and above and beyond accommadating. The breakfast was not only fulfilling but filled with so many incredible options. The dry cleaning credit also allowed for me to take my suits back home cleaned and pressed. Location was perfect. We will only stay here when we travel to NY.

## Translation
我们纽约希尔顿中城酒店的住宿体验简直太棒了。员工们非常乐于助人，提供的服务超出了我们的预期。早餐不仅丰盛，而且有许多令人惊叹的选择。干洗服务额度也让我的西装在带回家时是干净熨烫好的。地理位置也完美。以后我们去纽约就只住这家酒店了。",https://hotels.ctrip.com/hotels/1352621.html
1672590671,1352621,纽约市中心希尔顿酒店(New York Hilton Midtown),ctrip,2025-09-14T22:07:25,2025-09,,51,点评专家,True,发布于上海,朋友出游,都市大床房,CN,5,超棒,Cleanliness: 5.0; Location: 5.0; Service: 5.0; Facilities: 5.0,位置很好房间也很大在五十七街区逛街比较方便,,False,True,0,0,False,,,"# 纽约市中心希尔顿酒店(New York Hilton Midtown) review (Ctrip)

**Rating:** 5.0/5 ★★★★★
**Travel type:** 朋友出游

## Review
位置很好房间也很大在五十七街区逛街比较方便",https://hotels.ctrip.com/hotels/1352621.html
1124754341,1352621,纽约市中心希尔顿酒店(New York Hilton Midtown),ctrip,2024-05-23T18:40:33,2024-05,Herbert Dubuisson,1,,False,,商务出差,都市两张双人床房,en,5,超棒,Cleanliness: 5.0; Location: 5.0; Service: 5.0; Facilities: 5.0,Great trip to our company’s corporate headquarters,公司总部之旅很棒,True,True,1,1,False,,,"# 纽约市中心希尔顿酒店(New York Hilton Midtown) review (Ctrip)

**Rating:** 5.0/5 ★★★★★
**Travel type:** 商务出差

## Review
Great trip to our company’s corporate headquarters

## Translation
公司总部之旅很棒",https://hotels.ctrip.com/hotels/1352621.html
1860450101,1352621,纽约市中心希尔顿酒店(New York Hilton Midtown),ctrip,2026-02-27T18:43:24,2026-01,,4,点评新星,True,发布于上海,家庭亲子,城市特大床房,CN,5,超棒,Cleanliness: 5.0; Location: 5.0; Service: 5.0; Facilities: 5.0,酒店干净整洁明亮舒适,,False,True,0,0,False,,,"# 纽约市中心希尔顿酒店(New York Hilton Midtown) review (Ctrip)

**Rating:** 5.0/5 ★★★★★
**Travel type:** 家庭亲子

## Review
酒店干净整洁明亮舒适",https://hotels.ctrip.com/hotels/1352621.html
1595535167,1352621,纽约市中心希尔顿酒店(New York Hilton Midtown),ctrip,2025-07-17T14:27:00,2025-07,,22,点评达人,True,发布于山东,商务出差,都市两张双人床房,CN,5,超棒,Cleanliness: 5.0; Location: 5.0; Service: 5.0; Facilities: 5.0,交通便利，设施一般，环境好，服务可以,,False,True,0,0,False,,,"# 纽约市中心希尔顿酒店(New York Hilton Midtown) review (Ctrip)

**Rating:** 5.0/5 ★★★★★
**Travel type:** 商务出差

## Review
交通便利，设施一般，环境好，服务可以",https://hotels.ctrip.com/hotels/1352621.html
1295367663,1352621,纽约市中心希尔顿酒店(New York Hilton Midtown),ctrip,2024-10-18T09:32:48,2024-08,,17,点评达人,True,发布于福建,独自旅行,都市大床房,CN,5,超棒,Cleanliness: 5.0; Location: 5.0; Service: 5.0; Facilities: 5.0,地理位置很好，去哪里都方便，预订时想要一周，只能6晚。可能是遇上高峰期，下次来还会继续住。😀😀😀😀,,False,True,0,0,False,,,"# 纽约市中心希尔顿酒店(New York Hilton Midtown) review (Ctrip)

**Rating:** 5.0/5 ★★★★★
**Travel type:** 独自旅行

## Review
地理位置很好，去哪里都方便，预订时想要一周，只能6晚。可能是遇上高峰期，下次来还会继续住。😀😀😀😀",https://hotels.ctrip.com/hotels/1352621.html
1064171031,1352621,纽约市中心希尔顿酒店(New York Hilton Midtown),ctrip,2024-03-15T14:51:57,2024-02,yangyabinc,44,点评专家,False,发布于上海,朋友出游,都市大床房,CN,5,超棒,Cleanliness: 5.0; Location: 5.0; Service: 5.0; Facilities: 5.0,"纽约市中心希尔顿酒店位于曼哈顿市中心地带，很多景点，如：第五大道、百老汇剧院、商场、餐厅、商务娱乐总部，都在他的周围，来纽约不容错过的一家酒店！
在这边感受到的浪漫的氛围和美好的服务！
第一次美国之行，给我留下了非常美好的体验！",,False,True,0,0,False,,,"# 纽约市中心希尔顿酒店(New York Hilton Midtown) review (Ctrip)

**Rating:** 5.0/5 ★★★★★
**Travel type:** 朋友出游

## Review
纽约市中心希尔顿酒店位于曼哈顿市中心地带，很多景点，如：第五大道、百老汇剧院、商场、餐厅、商务娱乐总部，都在他的周围，来纽约不容错过的一家酒店！
在这边感受到的浪漫的氛围和美好的服务！
第一次美国之行，给我留下了非常美好的体验！",https://hotels.ctrip.com/hotels/1352621.html
1922857071,1352621,纽约市中心希尔顿酒店(New York Hilton Midtown),ctrip,2026-04-25T10:41:11,2026-04,Johnnie Chen,6,点评达人,False,发布于广东,商务出差,都市大床房,CN,5,超棒,Cleanliness: 5.0; Location: 5.0; Service: 5.0; Facilities: 5.0,地点佳方便,,False,True,0,0,False,,,"# 纽约市中心希尔顿酒店(New York Hilton Midtown) review (Ctrip)

**Rating:** 5.0/5 ★★★★★
**Travel type:** 商务出差

## Review
地点佳方便",https://hotels.ctrip.com/hotels/1352621.html
1625632611,1352621,纽约市中心希尔顿酒店(New York Hilton Midtown),ctrip,2025-08-09T10:19:24,2025-05,,23,点评达人,True,发布于加拿大,家庭亲子,城市特大床房,CN,5,超棒,Cleanliness: 5.0; Location: 5.0; Service: 5.0; Facilities: 5.0,离地铁站比较近，出行方便。,,False,True,0,0,False,,,"# 纽约市中心希尔顿酒店(New York Hilton Midtown) review (Ctrip)

**Rating:** 5.0/5 ★★★★★
**Travel type:** 家庭亲子

## Review
离地铁站比较近，出行方便。",https://hotels.ctrip.com/hotels/1352621.html
1270016457,1352621,纽约市中心希尔顿酒店(New York Hilton Midtown),ctrip,2024-09-25T07:38:13,2024-09,,1,,True,,家庭亲子,都市两张双人床房,ko,5,超棒,Cleanliness: 5.0; Location: 5.0; Service: 5.0; Facilities: 5.0,"좋은 위치에 있어서 피곤하면 잠시 들러서 쉴 수있고
깨끗하고 직원들도 친절하다",位置很好，如果累了可以随时回来休息一下。酒店很干净，员工也很友好。,True,True,1,0,False,,,"# 纽约市中心希尔顿酒店(New York Hilton Midtown) review (Ctrip)

**Rating:** 5.0/5 ★★★★★
**Travel type:** 家庭亲子

## Review
좋은 위치에 있어서 피곤하면 잠시 들러서 쉴 수있고
깨끗하고 직원들도 친절하다

## Translation
位置很好，如果累了可以随时回来休息一下。酒店很干净，员工也很友好。",https://hotels.ctrip.com/hotels/1352621.html
1538790545,1352621,纽约市中心希尔顿酒店(New York Hilton Midtown),ctrip,2025-06-01T09:02:57,2025-05,不要装神,39,点评专家,False,发布于四川,代人预订,都市特大床房,CN,5,超棒,Cleanliness: 5.0; Location: 5.0; Service: 5.0; Facilities: 5.0,酒店很旧，位置还可以。,,False,True,0,0,False,,,"# 纽约市中心希尔顿酒店(New York Hilton Midtown) review (Ctrip)

**Rating:** 5.0/5 ★★★★★
**Travel type:** 代人预订

## Review
酒店很旧，位置还可以。",https://hotels.ctrip.com/hotels/1352621.html
960472711,1352621,纽约市中心希尔顿酒店(New York Hilton Midtown),ctrip,2023-10-27T06:45:06,2023-10,,4,,True,,情侣出游,城市特大床房,es,5,超棒,Cleanliness: 5.0; Location: 5.0; Service: 5.0; Facilities: 5.0,"Un hotel muy bien situado con una city room con cama king muy confortable. Excelente servicio con personal muy atento y eficaz en recepción, concierge, salón de desayuno y restaurante Herbs an kitchen. Un hotel que transmite confianza, seguridad y eficiencia. Te sientes como en casa. Una atmósfera estupenda.",酒店位置极佳，城景大床房非常舒适。服务一流，前台、礼宾部、早餐厅和Herbs and Kitchen餐厅的工作人员都非常细心高效。这是一家让人感到信任、安全且高效的酒店。在这里有宾至如归的感觉，氛围很棒。,True,True,0,0,False,,,"# 纽约市中心希尔顿酒店(New York Hilton Midtown) review (Ctrip)

**Rating:** 5.0/5 ★★★★★
**Travel type:** 情侣出游

## Review
Un hotel muy bien situado con una city room con cama king muy confortable. Excelente servicio con personal muy atento y eficaz en recepción, concierge, salón de desayuno y restaurante Herbs an kitchen. Un hotel que transmite confianza, seguridad y eficiencia. Te sientes como en casa. Una atmósfera estupenda.

## Translation
酒店位置极佳，城景大床房非常舒适。服务一流，前台、礼宾部、早餐厅和Herbs and Kitchen餐厅的工作人员都非常细心高效。这是一家让人感到信任、安全且高效的酒店。在这里有宾至如归的感觉，氛围很棒。",https://hotels.ctrip.com/hotels/1352621.html
1553340850,1352621,纽约市中心希尔顿酒店(New York Hilton Midtown),ctrip,2025-06-13T11:43:44,2025-06,,3,,True,,商务出差,都市特大床房,en,5,超棒,Cleanliness: 5.0; Location: 5.0; Service: 5.0; Facilities: 5.0,overall good stay in hotel,酒店整体入住体验不错,True,True,0,0,False,,,"# 纽约市中心希尔顿酒店(New York Hilton Midtown) review (Ctrip)

**Rating:** 5.0/5 ★★★★★
**Travel type:** 商务出差

## Review
overall good stay in hotel

## Translation
酒店整体入住体验不错",https://hotels.ctrip.com/hotels/1352621.html
979148631,1352621,纽约市中心希尔顿酒店(New York Hilton Midtown),ctrip,2023-11-22T01:16:25,2023-11,,6,点评达人,True,发布于美国,朋友出游,都市大床房,CN,5,超棒,Cleanliness: 5.0; Location: 5.0; Service: 5.0; Facilities: 5.0,酒店位置非常好，到中央公园、 大都会博物馆、洛克菲勒、中央火车站等中城景点步行10分钟左右，完全不需要乘坐任何交通工具即可实现，而且酒店周边很安全，房间虽不大，但设施都很好用😀,,False,True,0,0,False,,,"# 纽约市中心希尔顿酒店(New York Hilton Midtown) review (Ctrip)

**Rating:** 5.0/5 ★★★★★
**Travel type:** 朋友出游

## Review
酒店位置非常好，到中央公园、 大都会博物馆、洛克菲勒、中央火车站等中城景点步行10分钟左右，完全不需要乘坐任何交通工具即可实现，而且酒店周边很安全，房间虽不大，但设施都很好用😀",https://hotels.ctrip.com/hotels/1352621.html
1179168099,1352621,纽约市中心希尔顿酒店(New York Hilton Midtown),ctrip,2024-07-15T19:46:21,2024-07,PS3211,5,,False,,家庭亲子,城市两张双人床房,en,5,超棒,Cleanliness: 5.0; Location: 5.0; Service: 5.0; Facilities: 5.0,"The best hotel in this trip, clean, close to time square, shower with pressure.",这次旅行中住过的最好的酒店，干净，离时代广场很近，淋浴水压很足。,True,True,1,0,False,,,"# 纽约市中心希尔顿酒店(New York Hilton Midtown) review (Ctrip)

**Rating:** 5.0/5 ★★★★★
**Travel type:** 家庭亲子

## Review
The best hotel in this trip, clean, close to time square, shower with pressure.

## Translation
这次旅行中住过的最好的酒店，干净，离时代广场很近，淋浴水压很足。",https://hotels.ctrip.com/hotels/1352621.html
1052085447,1352621,纽约市中心希尔顿酒店(New York Hilton Midtown),ctrip,2024-02-28T11:06:44,2024-02,皮皮鲁001,3,点评新星,False,发布于美国,情侣出游,都市大床房,CN,5,超棒,Cleanliness: 5.0; Location: 5.0; Service: 5.0; Facilities: 5.0,酒店位置极佳！房间大小合适，干净卫生。前台小黑哥很热情，见我们是中国人，主动秀了几句汉语，自己高兴得眉飞色舞。,,False,True,0,0,False,,,"# 纽约市中心希尔顿酒店(New York Hilton Midtown) review (Ctrip)

**Rating:** 5.0/5 ★★★★★
**Travel type:** 情侣出游

## Review
酒店位置极佳！房间大小合适，干净卫生。前台小黑哥很热情，见我们是中国人，主动秀了几句汉语，自己高兴得眉飞色舞。",https://hotels.ctrip.com/hotels/1352621.html
919689176,1352621,纽约市中心希尔顿酒店(New York Hilton Midtown),ctrip,2023-09-05T15:48:56,2023-06,Kammistyles,8,,False,,朋友出游,城市特大床房,en,5,超棒,Cleanliness: 5.0; Location: 5.0; Service: 5.0; Facilities: 5.0,Good service and near Time Square. You can walk on foot about 5-10 minute.,服务很好，离时代广场很近。步行大约5-10分钟就能到。,True,True,0,1,False,,,"# 纽约市中心希尔顿酒店(New York Hilton Midtown) review (Ctrip)

**Rating:** 5.0/5 ★★★★★
**Travel type:** 朋友出游

## Review
Good service and near Time Square. You can walk on foot about 5-10 minute.

## Translation
服务很好，离时代广场很近。步行大约5-10分钟就能到。",https://hotels.ctrip.com/hotels/1352621.html
1574110354,1352621,纽约市中心希尔顿酒店(New York Hilton Midtown),ctrip,2025-07-01T07:17:30,2025-06,,3,,True,,朋友出游,天际两张双人床房,en,5,超棒,Cleanliness: 5.0; Location: 5.0; Service: 5.0; Facilities: 5.0,Look was so beautiful,看起来非常漂亮,True,True,1,0,False,,,"# 纽约市中心希尔顿酒店(New York Hilton Midtown) review (Ctrip)

**Rating:** 5.0/5 ★★★★★
**Travel type:** 朋友出游

## Review
Look was so beautiful

## Translation
看起来非常漂亮",https://hotels.ctrip.com/hotels/1352621.html
860134829,1352621,纽约市中心希尔顿酒店(New York Hilton Midtown),ctrip,2023-07-09T01:12:07,2023-05,,3,点评新星,True,发布于河南,商务出差,城市两张双人床房,CN,5,超棒,Cleanliness: 5.0; Location: 5.0; Service: 5.0; Facilities: 5.0,总体来说还是不错的，下次还准备在这个酒店住,,False,True,0,1,False,,,"# 纽约市中心希尔顿酒店(New York Hilton Midtown) review (Ctrip)

**Rating:** 5.0/5 ★★★★★
**Travel type:** 商务出差

## Review
总体来说还是不错的，下次还准备在这个酒店住",https://hotels.ctrip.com/hotels/1352621.html
1123262995,1352621,纽约市中心希尔顿酒店(New York Hilton Midtown),ctrip,2024-05-22T02:08:38,2024-05,,1,,True,,独自旅行,都市两张双人床房,en,5,超棒,Cleanliness: 5.0; Location: 5.0; Service: 5.0; Facilities: 5.0,Excellent location and services all around! I will make this my go to stay place whenever I visit the Big Apple,绝佳的地理位置和周到的服务！以后每次来纽约我都会选择住这里。,True,True,1,0,False,,,"# 纽约市中心希尔顿酒店(New York Hilton Midtown) review (Ctrip)

**Rating:** 5.0/5 ★★★★★
**Travel type:** 独自旅行

## Review
Excellent location and services all around! I will make this my go to stay place whenever I visit the Big Apple

## Translation
绝佳的地理位置和周到的服务！以后每次来纽约我都会选择住这里。",https://hotels.ctrip.com/hotels/1352621.html
1141328053,1352621,纽约市中心希尔顿酒店(New York Hilton Midtown),ctrip,2024-06-10T23:29:39,2024-05,,82,点评专家,True,发布于北京,家庭亲子,都市两张双人床房,CN,5,超棒,Cleanliness: 5.0; Location: 5.0; Service: 5.0; Facilities: 5.0,紧邻时代广场和第五大道，可以步行去中央公园和大都会博物,,False,True,2,0,False,,,"# 纽约市中心希尔顿酒店(New York Hilton Midtown) review (Ctrip)

**Rating:** 5.0/5 ★★★★★
**Travel type:** 家庭亲子

## Review
紧邻时代广场和第五大道，可以步行去中央公园和大都会博物",https://hotels.ctrip.com/hotels/1352621.html
1387127933,1352621,纽约市中心希尔顿酒店(New York Hilton Midtown),ctrip,2025-01-10T09:11:26,2025-01,Cooper,26,点评达人,False,发布于美国,商务出差,天际两张双人床房,CN,5,超棒,Cleanliness: 5.0; Location: 5.0; Service: 5.0; Facilities: 5.0,还是比较满意的入住体验,,False,True,0,0,False,,,"# 纽约市中心希尔顿酒店(New York Hilton Midtown) review (Ctrip)

**Rating:** 5.0/5 ★★★★★
**Travel type:** 商务出差

## Review
还是比较满意的入住体验",https://hotels.ctrip.com/hotels/1352621.html
1129349361,1352621,纽约市中心希尔顿酒店(New York Hilton Midtown),ctrip,2024-05-28T22:03:38,2024-04,Heber Bernal,24,,False,,商务出差,天际两张双人床房,en,5,超棒,Cleanliness: 5.0; Location: 5.0; Service: 5.0; Facilities: 5.0,"Very good hotel, nicest reception ever, higly recommend for business trip.",非常棒的酒店，前台是我见过最好的，强烈推荐商务出行入住。,True,True,0,0,False,,,"# 纽约市中心希尔顿酒店(New York Hilton Midtown) review (Ctrip)

**Rating:** 5.0/5 ★★★★★
**Travel type:** 商务出差

## Review
Very good hotel, nicest reception ever, higly recommend for business trip.

## Translation
非常棒的酒店，前台是我见过最好的，强烈推荐商务出行入住。",https://hotels.ctrip.com/hotels/1352621.html
865720659,1352621,纽约市中心希尔顿酒店(New York Hilton Midtown),ctrip,2023-07-15T11:27:36,2023-05,little_tresh,9,点评达人,False,发布于广东,朋友出游,都市特大床房,CN,5,超棒,Cleanliness: 5.0; Location: 5.0; Service: 5.0; Facilities: 5.0,订的房型附带早餐，地址在时代广场北边，曼哈顿中城中心地段，考虑地段因素等，性价比已经非常高了。这边的早餐相当不错，如果出游时间充足推荐尝试一下。房间整体卫生不错，设施也很齐全,,False,True,1,0,False,,,"# 纽约市中心希尔顿酒店(New York Hilton Midtown) review (Ctrip)

**Rating:** 5.0/5 ★★★★★
**Travel type:** 朋友出游

## Review
订的房型附带早餐，地址在时代广场北边，曼哈顿中城中心地段，考虑地段因素等，性价比已经非常高了。这边的早餐相当不错，如果出游时间充足推荐尝试一下。房间整体卫生不错，设施也很齐全",https://hotels.ctrip.com/hotels/1352621.html
1005612585,1352621,纽约市中心希尔顿酒店(New York Hilton Midtown),ctrip,2023-12-28T08:07:14,2023-12,麻袋大王,2,点评新星,False,发布于美国,朋友出游,城市两张双人床房,CN,5,超棒,Cleanliness: 5.0; Location: 5.0; Service: 5.0; Facilities: 5.0,很干净！！位置特别好！离Moma只有200米，离洛克菲勒中心也超近的！,,False,True,0,0,False,,,"# 纽约市中心希尔顿酒店(New York Hilton Midtown) review (Ctrip)

**Rating:** 5.0/5 ★★★★★
**Travel type:** 朋友出游

## Review
很干净！！位置特别好！离Moma只有200米，离洛克菲勒中心也超近的！",https://hotels.ctrip.com/hotels/1352621.html
1061937041,1352621,纽约市中心希尔顿酒店(New York Hilton Midtown),ctrip,2024-03-12T13:31:20,2024-02,,1,点评新星,True,发布于山东,家庭亲子,都市两张双人床房,CN,5,超棒,Cleanliness: 5.0; Location: 5.0; Service: 5.0; Facilities: 5.0,地理位置非常好，出行方便。无论是商务还是自由行都很适合,,False,True,0,0,False,,,"# 纽约市中心希尔顿酒店(New York Hilton Midtown) review (Ctrip)

**Rating:** 5.0/5 ★★★★★
**Travel type:** 家庭亲子

## Review
地理位置非常好，出行方便。无论是商务还是自由行都很适合",https://hotels.ctrip.com/hotels/1352621.html
1187018567,1352621,纽约市中心希尔顿酒店(New York Hilton Midtown),ctrip,2024-07-22T19:34:45,2024-07,,20,点评达人,True,发布于中国香港,家庭亲子,城市两张双人床房(听觉无障碍),CN,5,超棒,Cleanliness: 5.0; Location: 5.0; Service: 5.0; Facilities: 5.0,觉得挺不错的。房间安静，出行方便,,False,True,0,0,False,,,"# 纽约市中心希尔顿酒店(New York Hilton Midtown) review (Ctrip)

**Rating:** 5.0/5 ★★★★★
**Travel type:** 家庭亲子

## Review
觉得挺不错的。房间安静，出行方便",https://hotels.ctrip.com/hotels/1352621.html
954296960,1352621,纽约市中心希尔顿酒店(New York Hilton Midtown),ctrip,2023-10-18T20:05:40,2023-09,Nizar Alyas,3,,False,,情侣出游,市景间 - 带1张特大床、无障碍通道和w/RI淋浴<1>,en,5,超棒,Cleanliness: 5.0; Location: 5.0; Service: 5.0; Facilities: 5.0,We were on our Honeymoon. They gave us a room with Central Park view. Everything was perfect. Would stay again for sure.,我们来度蜜月的，酒店给我们安排了一间能看到中央公园的房间。一切都很完美，下次肯定还会再来住。,True,True,0,0,False,,,"# 纽约市中心希尔顿酒店(New York Hilton Midtown) review (Ctrip)

**Rating:** 5.0/5 ★★★★★
**Travel type:** 情侣出游

## Review
We were on our Honeymoon. They gave us a room with Central Park view. Everything was perfect. Would stay again for sure.

## Translation
我们来度蜜月的，酒店给我们安排了一间能看到中央公园的房间。一切都很完美，下次肯定还会再来住。",https://hotels.ctrip.com/hotels/1352621.html
1262172671,1352621,纽约市中心希尔顿酒店(New York Hilton Midtown),ctrip,2024-09-17T14:08:56,2024-08,,3,点评新星,True,发布于江苏,情侣出游,天际特大床房,CN,5,超棒,Cleanliness: 5.0; Location: 5.0; Service: 5.0; Facilities: 5.0,地理位置很好，床大，很难得,,False,True,0,0,False,,,"# 纽约市中心希尔顿酒店(New York Hilton Midtown) review (Ctrip)

**Rating:** 5.0/5 ★★★★★
**Travel type:** 情侣出游

## Review
地理位置很好，床大，很难得",https://hotels.ctrip.com/hotels/1352621.html
899358515,1352621,纽约市中心希尔顿酒店(New York Hilton Midtown),ctrip,2023-08-15T18:57:14,2023-08,JoeKan,4,点评新星,False,发布于美国,代人预订,都市两张双人床房,CN,5,超棒,Cleanliness: 5.0; Location: 5.0; Service: 5.0; Facilities: 5.0,"整体还可以,客服给力
我是帮我服务的洛杉矶包车客人预定的,很多去波士顿游学或夏校的客人会在洛杉矶中转.",,False,True,0,0,False,,,"# 纽约市中心希尔顿酒店(New York Hilton Midtown) review (Ctrip)

**Rating:** 5.0/5 ★★★★★
**Travel type:** 代人预订

## Review
整体还可以,客服给力
我是帮我服务的洛杉矶包车客人预定的,很多去波士顿游学或夏校的客人会在洛杉矶中转.",https://hotels.ctrip.com/hotels/1352621.html
1199076773,1352621,纽约市中心希尔顿酒店(New York Hilton Midtown),ctrip,2024-07-31T18:40:50,2024-07,,3,点评新星,True,发布于美国,家庭亲子,城市两张双人床房,CN,5,超棒,Cleanliness: 5.0; Location: 5.0; Service: 5.0; Facilities: 5.0,性价比非常高！服务也不错👍,,False,True,0,0,False,,,"# 纽约市中心希尔顿酒店(New York Hilton Midtown) review (Ctrip)

**Rating:** 5.0/5 ★★★★★
**Travel type:** 家庭亲子

## Review
性价比非常高！服务也不错👍",https://hotels.ctrip.com/hotels/1352621.html
1437737679,1352621,纽约市中心希尔顿酒店(New York Hilton Midtown),ctrip,2025-03-02T13:49:45,2025-02,,3,点评新星,True,发布于美国,情侣出游,都市大床房,CN,5,超棒,Cleanliness: 5.0; Location: 5.0; Service: 5.0; Facilities: 5.0,非常好的酒店,,False,True,0,0,False,,,"# 纽约市中心希尔顿酒店(New York Hilton Midtown) review (Ctrip)

**Rating:** 5.0/5 ★★★★★
**Travel type:** 情侣出游

## Review
非常好的酒店",https://hotels.ctrip.com/hotels/1352621.html
1492478975,1352621,纽约市中心希尔顿酒店(New York Hilton Midtown),ctrip,2025-04-22T08:32:50,2025-02,,1,点评新星,True,发布于英国,情侣出游,都市大床房,CN,5,超棒,Cleanliness: 5.0; Location: 5.0; Service: 5.0; Facilities: 5.0,真的环境很好,,False,True,0,0,False,,,"# 纽约市中心希尔顿酒店(New York Hilton Midtown) review (Ctrip)

**Rating:** 5.0/5 ★★★★★
**Travel type:** 情侣出游

## Review
真的环境很好",https://hotels.ctrip.com/hotels/1352621.html
1416797435,1352621,纽约市中心希尔顿酒店(New York Hilton Midtown),ctrip,2025-02-09T12:37:29,2025-02,Chris- Kimay,69,点评专家,False,发布于浙江,商务出差,市景间 - 带1张特大床、无障碍通道和w/RI淋浴,CN,5,超棒,Cleanliness: 5.0; Location: 5.0; Service: 5.0; Facilities: 5.0,出差首先。,,False,True,0,0,False,,,"# 纽约市中心希尔顿酒店(New York Hilton Midtown) review (Ctrip)

**Rating:** 5.0/5 ★★★★★
**Travel type:** 商务出差

## Review
出差首先。",https://hotels.ctrip.com/hotels/1352621.html
904458837,1352621,纽约市中心希尔顿酒店(New York Hilton Midtown),ctrip,2023-08-20T18:15:31,2023-08,,2,点评新星,True,发布于美国,家庭亲子,都市大床房,CN,5,超棒,Cleanliness: 5.0; Location: 5.0; Service: 5.0; Facilities: 5.0,希尔顿酒店的房间干净且宽敞明亮。工作人员态度非常友好。下次来纽约会再次入住。,,False,True,0,0,False,,,"# 纽约市中心希尔顿酒店(New York Hilton Midtown) review (Ctrip)

**Rating:** 5.0/5 ★★★★★
**Travel type:** 家庭亲子

## Review
希尔顿酒店的房间干净且宽敞明亮。工作人员态度非常友好。下次来纽约会再次入住。",https://hotels.ctrip.com/hotels/1352621.html
971182167,1352621,纽约市中心希尔顿酒店(New York Hilton Midtown),ctrip,2023-11-10T23:04:14,2023-08,,8,,True,,家庭亲子,都市大床房,en,5,超棒,Cleanliness: 5.0; Location: 5.0; Service: 5.0; Facilities: 5.0,"Very large hotel but efficient, very convenient , recommended for families to stay, recommend for tourist",这家酒店虽然规模很大，但效率很高，非常方便，推荐家庭入住，也推荐游客选择。,True,True,1,0,False,,,"# 纽约市中心希尔顿酒店(New York Hilton Midtown) review (Ctrip)

**Rating:** 5.0/5 ★★★★★
**Travel type:** 家庭亲子

## Review
Very large hotel but efficient, very convenient , recommended for families to stay, recommend for tourist

## Translation
这家酒店虽然规模很大，但效率很高，非常方便，推荐家庭入住，也推荐游客选择。",https://hotels.ctrip.com/hotels/1352621.html
1309853041,1352621,纽约市中心希尔顿酒店(New York Hilton Midtown),ctrip,2024-11-02T17:16:32,2024-08,sheenbaby,8,点评达人,False,发布于广东,家庭亲子,城市两张双人床房,CN,5,超棒,Cleanliness: 5.0; Location: 5.0; Service: 5.0; Facilities: 5.0,地理位置不错，安全,,False,True,0,0,False,,,"# 纽约市中心希尔顿酒店(New York Hilton Midtown) review (Ctrip)

**Rating:** 5.0/5 ★★★★★
**Travel type:** 家庭亲子

## Review
地理位置不错，安全",https://hotels.ctrip.com/hotels/1352621.html
1241742615,1352621,纽约市中心希尔顿酒店(New York Hilton Midtown),ctrip,2024-08-29T00:00:39,2024-08,,1,点评新星,True,发布于北京,家庭亲子,都市特大床房,CN,5,超棒,Cleanliness: 5.0; Location: 5.0; Service: 5.0; Facilities: 5.0,整体感觉都很不错,,False,True,0,0,False,,,"# 纽约市中心希尔顿酒店(New York Hilton Midtown) review (Ctrip)

**Rating:** 5.0/5 ★★★★★
**Travel type:** 家庭亲子

## Review
整体感觉都很不错",https://hotels.ctrip.com/hotels/1352621.html
1123409089,1352621,纽约市中心希尔顿酒店(New York Hilton Midtown),ctrip,2024-05-22T07:31:42,2024-05,,3,点评新星,True,发布于广东,家庭亲子,城市特大床房,CN,5,超棒,Cleanliness: 5.0; Location: 5.0; Service: 5.0; Facilities: 5.0,"房间很干净，
服务：好",,False,True,0,0,False,,,"# 纽约市中心希尔顿酒店(New York Hilton Midtown) review (Ctrip)

**Rating:** 5.0/5 ★★★★★
**Travel type:** 家庭亲子

## Review
房间很干净，
服务：好",https://hotels.ctrip.com/hotels/1352621.html
1184438411,1352621,纽约市中心希尔顿酒店(New York Hilton Midtown),ctrip,2024-07-20T16:56:28,2024-05,tracyshen83,46,点评专家,False,发布于广东,独自旅行,都市两张双人床房,CN,5,超棒,Cleanliness: 5.0; Location: 5.0; Service: 5.0; Facilities: 5.0,很好，很方便，住的舒服,,False,True,0,0,False,,,"# 纽约市中心希尔顿酒店(New York Hilton Midtown) review (Ctrip)

**Rating:** 5.0/5 ★★★★★
**Travel type:** 独自旅行

## Review
很好，很方便，住的舒服",https://hotels.ctrip.com/hotels/1352621.html
854956527,1352621,纽约市中心希尔顿酒店(New York Hilton Midtown),ctrip,2023-07-02T23:49:40,2023-06,,144,点评专家,True,发布于美国,家庭亲子,都市两张双人床房,en,5,超棒,Cleanliness: 5.0; Location: 5.0; Service: 5.0; Facilities: 5.0,booking this hotel for may friend family to.visit Manhattan. they just love this hotel,我为朋友家人预订了这家酒店，他们来曼哈顿旅游。他们非常喜欢这家酒店。,True,True,0,0,False,,,"# 纽约市中心希尔顿酒店(New York Hilton Midtown) review (Ctrip)

**Rating:** 5.0/5 ★★★★★
**Travel type:** 家庭亲子

## Review
booking this hotel for may friend family to.visit Manhattan. they just love this hotel

## Translation
我为朋友家人预订了这家酒店，他们来曼哈顿旅游。他们非常喜欢这家酒店。",https://hotels.ctrip.com/hotels/1352621.html
873664070,1352621,纽约市中心希尔顿酒店(New York Hilton Midtown),ctrip,2023-07-24T04:19:53,2023-07,,14,,True,,商务出差,城市特大床房,ko,5,超棒,Cleanliness: 5.0; Location: 5.0; Service: 5.0; Facilities: 5.0,"너무 좋는ㅡ은 위치 에 있습니다. 추천합니다. 
그레잇 로케이션 구레잇 관광명소 

ㅡㅡ 꼭 이것으로 가시기 바랍키다. ^^",位置超赞，强烈推荐！靠近许多很棒的旅游景点。一定选择这里！^^,True,True,1,0,False,,,"# 纽约市中心希尔顿酒店(New York Hilton Midtown) review (Ctrip)

**Rating:** 5.0/5 ★★★★★
**Travel type:** 商务出差

## Review
너무 좋는ㅡ은 위치 에 있습니다. 추천합니다. 
그레잇 로케이션 구레잇 관광명소 

ㅡㅡ 꼭 이것으로 가시기 바랍키다. ^^

## Translation
位置超赞，强烈推荐！靠近许多很棒的旅游景点。一定选择这里！^^",https://hotels.ctrip.com/hotels/1352621.html
1220889213,1352621,纽约市中心希尔顿酒店(New York Hilton Midtown),ctrip,2024-08-14T16:05:38,2024-08,,9,点评达人,True,发布于美国,家庭亲子,城市两张双人床房(听觉无障碍),CN,5,超棒,Cleanliness: 5.0; Location: 5.0; Service: 5.0; Facilities: 5.0,干净，位置方便,,False,True,0,0,False,,,"# 纽约市中心希尔顿酒店(New York Hilton Midtown) review (Ctrip)

**Rating:** 5.0/5 ★★★★★
**Travel type:** 家庭亲子

## Review
干净，位置方便",https://hotels.ctrip.com/hotels/1352621.html
1275497799,1352621,纽约市中心希尔顿酒店(New York Hilton Midtown),ctrip,2024-09-30T15:26:40,2024-08,,67,点评专家,True,发布于贵州,家庭亲子,都市特大床房,CN,5,超棒,Cleanliness: 5.0; Location: 5.0; Service: 5.0; Facilities: 5.0,房间比较精致,,False,True,0,0,False,,,"# 纽约市中心希尔顿酒店(New York Hilton Midtown) review (Ctrip)

**Rating:** 5.0/5 ★★★★★
**Travel type:** 家庭亲子

## Review
房间比较精致",https://hotels.ctrip.com/hotels/1352621.html
1234631753,1352621,纽约市中心希尔顿酒店(New York Hilton Midtown),ctrip,2024-08-24T16:04:04,2024-08,,111,点评专家,True,发布于美国,家庭亲子,都市特大床房,CN,5,超棒,Cleanliness: 5.0; Location: 5.0; Service: 5.0; Facilities: 5.0,服务好 干净,,False,True,0,0,False,,,"# 纽约市中心希尔顿酒店(New York Hilton Midtown) review (Ctrip)

**Rating:** 5.0/5 ★★★★★
**Travel type:** 家庭亲子

## Review
服务好 干净",https://hotels.ctrip.com/hotels/1352621.html
1284936147,1352621,纽约市中心希尔顿酒店(New York Hilton Midtown),ctrip,2024-10-08T05:21:24,2024-09,,1,点评新星,True,发布于韩国,独自旅行,都市大床房,CN,5,超棒,Cleanliness: 5.0; Location: 5.0; Service: 5.0; Facilities: 5.0,非常赞👍🏻,,False,True,0,0,False,,,"# 纽约市中心希尔顿酒店(New York Hilton Midtown) review (Ctrip)

**Rating:** 5.0/5 ★★★★★
**Travel type:** 独自旅行

## Review
非常赞👍🏻",https://hotels.ctrip.com/hotels/1352621.html
1272524437,1352621,纽约市中心希尔顿酒店(New York Hilton Midtown),ctrip,2024-09-27T15:27:17,2024-08,,2,点评新星,True,发布于广东,商务出差,天际特大床房,CN,5,超棒,Cleanliness: 5.0; Location: 5.0; Service: 5.0; Facilities: 5.0,还不错体验感,,False,True,0,0,False,,,"# 纽约市中心希尔顿酒店(New York Hilton Midtown) review (Ctrip)

**Rating:** 5.0/5 ★★★★★
**Travel type:** 商务出差

## Review
还不错体验感",https://hotels.ctrip.com/hotels/1352621.html
834522497,1352621,纽约市中心希尔顿酒店(New York Hilton Midtown),ctrip,2023-06-20T11:39:33,2023-06,,4,点评新星,True,发布于美国,家庭亲子,都市两张双人床房,CN,5,超棒,Cleanliness: 5.0; Location: 5.0; Service: 5.0; Facilities: 5.0,老牌大酒店位置好，客房大，设备齐全，非常喜欢😘值得推荐。,,False,True,0,0,False,,,"# 纽约市中心希尔顿酒店(New York Hilton Midtown) review (Ctrip)

**Rating:** 5.0/5 ★★★★★
**Travel type:** 家庭亲子

## Review
老牌大酒店位置好，客房大，设备齐全，非常喜欢😘值得推荐。",https://hotels.ctrip.com/hotels/1352621.html
1071864085,1352621,纽约市中心希尔顿酒店(New York Hilton Midtown),ctrip,2024-03-25T14:03:16,2024-03,,8,点评达人,True,发布于上海,商务出差,都市大床房,CN,5,超棒,Cleanliness: 5.0; Location: 5.0; Service: 5.0; Facilities: 5.0,位置好，到哪都方便,,False,True,0,0,False,,,"# 纽约市中心希尔顿酒店(New York Hilton Midtown) review (Ctrip)

**Rating:** 5.0/5 ★★★★★
**Travel type:** 商务出差

## Review
位置好，到哪都方便",https://hotels.ctrip.com/hotels/1352621.html
1197034927,1352621,纽约市中心希尔顿酒店(New York Hilton Midtown),ctrip,2024-07-30T14:54:56,2024-05,,6,点评达人,True,发布于浙江,家庭亲子,都市两张双人床房,CN,5,超棒,Cleanliness: 5.0; Location: 5.0; Service: 5.0; Facilities: 5.0,地理位置绝佳👍,,False,True,0,0,False,,,"# 纽约市中心希尔顿酒店(New York Hilton Midtown) review (Ctrip)

**Rating:** 5.0/5 ★★★★★
**Travel type:** 家庭亲子

## Review
地理位置绝佳👍",https://hotels.ctrip.com/hotels/1352621.html
944649151,1352621,纽约市中心希尔顿酒店(New York Hilton Midtown),ctrip,2023-10-06T18:50:11,2023-08,,10,点评达人,True,发布于北京,家庭亲子,都市两张双人床房,CN,5,超棒,Cleanliness: 5.0; Location: 5.0; Service: 5.0; Facilities: 5.0,酒店位置特别好，房间干净整洁，性价比高,,False,True,0,0,False,,,"# 纽约市中心希尔顿酒店(New York Hilton Midtown) review (Ctrip)

**Rating:** 5.0/5 ★★★★★
**Travel type:** 家庭亲子

## Review
酒店位置特别好，房间干净整洁，性价比高",https://hotels.ctrip.com/hotels/1352621.html
1115040229,1352621,纽约市中心希尔顿酒店(New York Hilton Midtown),ctrip,2024-05-14T03:20:21,2024-05,内蒙古人,48,点评专家,False,发布于美国,商务出差,都市特大床房,CN,5,超棒,Cleanliness: 5.0; Location: 5.0; Service: 5.0; Facilities: 5.0,位置服务都不错,,False,True,0,0,False,,,"# 纽约市中心希尔顿酒店(New York Hilton Midtown) review (Ctrip)

**Rating:** 5.0/5 ★★★★★
**Travel type:** 商务出差

## Review
位置服务都不错",https://hotels.ctrip.com/hotels/1352621.html
1039441005,1352621,纽约市中心希尔顿酒店(New York Hilton Midtown),ctrip,2024-02-13T21:57:09,2024-01,,8,点评达人,True,发布于上海,家庭亲子,城市特大床房(带浴缸行动无障碍),CN,5,超棒,Cleanliness: 5.0; Location: 5.0; Service: 5.0; Facilities: 5.0,一直住这家希尔顿！,,False,True,0,0,False,,,"# 纽约市中心希尔顿酒店(New York Hilton Midtown) review (Ctrip)

**Rating:** 5.0/5 ★★★★★
**Travel type:** 家庭亲子

## Review
一直住这家希尔顿！",https://hotels.ctrip.com/hotels/1352621.html
1100548625,1352621,纽约市中心希尔顿酒店(New York Hilton Midtown),ctrip,2024-04-29T06:24:03,2024-03,,31,点评专家,True,发布于北京,家庭亲子,都市特大床房,CN,5,超棒,Cleanliness: 5.0; Location: 5.0; Service: 5.0; Facilities: 5.0,地点非常赞,,False,True,0,0,False,,,"# 纽约市中心希尔顿酒店(New York Hilton Midtown) review (Ctrip)

**Rating:** 5.0/5 ★★★★★
**Travel type:** 家庭亲子

## Review
地点非常赞",https://hotels.ctrip.com/hotels/1352621.html
888177687,1352621,纽约市中心希尔顿酒店(New York Hilton Midtown),ctrip,2023-08-08T05:14:02,2023-08,,11,点评达人,True,发布于美国,家庭亲子,市景间 - 带1张特大床、无障碍通道和w/RI淋浴<1>,CN,5,超棒,Cleanliness: 5.0; Location: 5.0; Service: 5.0; Facilities: 5.0,位置很好，浴室很大很方便,,False,True,0,0,False,,,"# 纽约市中心希尔顿酒店(New York Hilton Midtown) review (Ctrip)

**Rating:** 5.0/5 ★★★★★
**Travel type:** 家庭亲子

## Review
位置很好，浴室很大很方便",https://hotels.ctrip.com/hotels/1352621.html
1061730619,1352621,纽约市中心希尔顿酒店(New York Hilton Midtown),ctrip,2024-03-12T08:57:11,2024-03,,11,点评达人,True,发布于陕西,朋友出游,都市两张双人床房,CN,5,超棒,Cleanliness: 5.0; Location: 5.0; Service: 5.0; Facilities: 5.0,环境非常好,,False,True,0,0,False,,,"# 纽约市中心希尔顿酒店(New York Hilton Midtown) review (Ctrip)

**Rating:** 5.0/5 ★★★★★
**Travel type:** 朋友出游

## Review
环境非常好",https://hotels.ctrip.com/hotels/1352621.html
1024473971,1352621,纽约市中心希尔顿酒店(New York Hilton Midtown),ctrip,2024-01-22T12:35:27,2024-01,,8,点评达人,True,发布于美国,家庭亲子,天际两张双人床房,CN,5,超棒,Cleanliness: 5.0; Location: 5.0; Service: 5.0; Facilities: 5.0,非常之满意,,False,True,0,0,False,,,"# 纽约市中心希尔顿酒店(New York Hilton Midtown) review (Ctrip)

**Rating:** 5.0/5 ★★★★★
**Travel type:** 家庭亲子

## Review
非常之满意",https://hotels.ctrip.com/hotels/1352621.html
855829857,1352621,纽约市中心希尔顿酒店(New York Hilton Midtown),ctrip,2023-07-03T20:20:02,2023-04,,10,点评达人,True,发布于广东,家庭亲子,城市两张双人床房,CN,5,超棒,Cleanliness: 5.0; Location: 5.0; Service: 5.0; Facilities: 5.0,就在曼哈顿里边进出很方便,,False,True,0,0,False,,,"# 纽约市中心希尔顿酒店(New York Hilton Midtown) review (Ctrip)

**Rating:** 5.0/5 ★★★★★
**Travel type:** 家庭亲子

## Review
就在曼哈顿里边进出很方便",https://hotels.ctrip.com/hotels/1352621.html
838510989,1352621,纽约市中心希尔顿酒店(New York Hilton Midtown),ctrip,2023-06-25T08:52:10,2023-06,苗苗妈妈,22,点评达人,False,发布于加拿大,家庭亲子,都市特大床房,CN,5,超棒,Cleanliness: 5.0; Location: 5.0; Service: 5.0; Facilities: 5.0,房间干净，去景点很近,,False,True,0,0,False,,,"# 纽约市中心希尔顿酒店(New York Hilton Midtown) review (Ctrip)

**Rating:** 5.0/5 ★★★★★
**Travel type:** 家庭亲子

## Review
房间干净，去景点很近",https://hotels.ctrip.com/hotels/1352621.html
934306189,1352621,纽约市中心希尔顿酒店(New York Hilton Midtown),ctrip,2023-09-24T20:46:59,2023-08,15288464218843,12,点评达人,False,发布于上海,商务出差,都市特大床房,CN,5,超棒,Cleanliness: 5.0; Location: 5.0; Service: 5.0; Facilities: 5.0,都蛮好的哦,,False,True,0,0,False,,,"# 纽约市中心希尔顿酒店(New York Hilton Midtown) review (Ctrip)

**Rating:** 5.0/5 ★★★★★
**Travel type:** 商务出差

## Review
都蛮好的哦",https://hotels.ctrip.com/hotels/1352621.html
959822451,1352621,纽约市中心希尔顿酒店(New York Hilton Midtown),ctrip,2023-10-26T09:15:04,2023-08,,95,点评专家,True,发布于北京,独自旅行,城市特大床房,CN,5,超棒,Cleanliness: 5.0; Location: 5.0; Service: 5.0; Facilities: 5.0,位置极好！,,False,True,0,0,False,,,"# 纽约市中心希尔顿酒店(New York Hilton Midtown) review (Ctrip)

**Rating:** 5.0/5 ★★★★★
**Travel type:** 独自旅行

## Review
位置极好！",https://hotels.ctrip.com/hotels/1352621.html
838710669,1352621,纽约市中心希尔顿酒店(New York Hilton Midtown),ctrip,2023-06-25T12:30:15,2023-03,爱旅行的DK哥,30,点评专家,False,发布于浙江,商务出差,都市大床房,CN,5,超棒,Cleanliness: 5.0; Location: 5.0; Service: 5.0; Facilities: 5.0,酒店位置很好,,False,True,0,0,False,,,"# 纽约市中心希尔顿酒店(New York Hilton Midtown) review (Ctrip)

**Rating:** 5.0/5 ★★★★★
**Travel type:** 商务出差

## Review
酒店位置很好",https://hotels.ctrip.com/hotels/1352621.html
1986499810,1352621,纽约市中心希尔顿酒店(New York Hilton Midtown),ctrip,2026-06-16T12:16:57,2026-06,J_M_,12,,False,,家庭亲子,城市两张双人床房,en,5,超棒,Cleanliness: 5.0; Location: 5.0; Service: 5.0; Facilities: 5.0,"The check-in process was smooth. The front desk even informed us about the daily credit which we can use for all food and drinks during our stay. ☺️ The location is really good if it’s your first time to visit. It’s like at the center of our itinerary, St. Patrick’s Cathedral, Radio City, MoMA, Times Square and Central Park.",入住过程非常顺利。前台还告知了我们每日餐饮消费额度，可以在入住期间用于所有餐饮消费。☺️ 如果您是第一次来，酒店位置真的非常棒。它就像是我们行程的中心，圣帕特里克大教堂、无线电城音乐厅、纽约现代艺术博物馆、时代广场和中央公园都近在咫尺。,True,True,0,4,False,,,"# 纽约市中心希尔顿酒店(New York Hilton Midtown) review (Ctrip)

**Rating:** 5.0/5 ★★★★★
**Travel type:** 家庭亲子

## Review
The check-in process was smooth. The front desk even informed us about the daily credit which we can use for all food and drinks during our stay. ☺️ The location is really good if it’s your first time to visit. It’s like at the center of our itinerary, St. Patrick’s Cathedral, Radio City, MoMA, Times Square and Central Park.

## Translation
入住过程非常顺利。前台还告知了我们每日餐饮消费额度，可以在入住期间用于所有餐饮消费。☺️ 如果您是第一次来，酒店位置真的非常棒。它就像是我们行程的中心，圣帕特里克大教堂、无线电城音乐厅、纽约现代艺术博物馆、时代广场和中央公园都近在咫尺。",https://hotels.ctrip.com/hotels/1352621.html
1908377973,1352621,纽约市中心希尔顿酒店(New York Hilton Midtown),ctrip,2026-04-12T23:51:23,2026-04,annaarrib,2,,False,,家庭亲子,城市特大床房,en,5,超棒,Cleanliness: 5.0; Location: 5.0; Service: 5.0; Facilities: 5.0,super bie,超级宝贝,True,True,0,1,False,,,"# 纽约市中心希尔顿酒店(New York Hilton Midtown) review (Ctrip)

**Rating:** 5.0/5 ★★★★★
**Travel type:** 家庭亲子

## Review
super bie

## Translation
超级宝贝",https://hotels.ctrip.com/hotels/1352621.html
1753111300,1352621,纽约市中心希尔顿酒店(New York Hilton Midtown),ctrip,2025-11-17T04:47:05,2025-11,JamesKY,14,,False,,商务出差,都市特大床房,en,5,超棒,Cleanliness: 5.0; Location: 5.0; Service: 5.0; Facilities: 5.0,Clean and great service,干净整洁，服务一流,True,True,0,1,False,,,"# 纽约市中心希尔顿酒店(New York Hilton Midtown) review (Ctrip)

**Rating:** 5.0/5 ★★★★★
**Travel type:** 商务出差

## Review
Clean and great service

## Translation
干净整洁，服务一流",https://hotels.ctrip.com/hotels/1352621.html
1824043728,1352621,纽约市中心希尔顿酒店(New York Hilton Midtown),ctrip,2026-01-23T21:31:04,2025-11,,3,,True,,朋友出游,都市两张双人床房,en,5,超棒,Cleanliness: 5.0; Location: 5.0; Service: 5.0; Facilities: 5.0,"The hotel is fair with all facilities needed (it’s a bit small but you know it’s Manhattan). Location is fantastic. People usually complain about the lift waiting time but I personally used around 2-3 minutes so it’s okay for me. 

Staff are generally nice! There are security at nights in the lobby so you feel super safe. 

It was lucky that we didn’t pay for additional deposits and the original deposits returned within a week ;) 

Overall it’s nice and I recommend it if you’re staying with your friends or family!","这家酒店设施齐全，还算不错（虽然有点小，但毕竟是在曼哈顿嘛）。地理位置绝佳。人们通常抱怨电梯等时间长，但我个人只等了2-3分钟，所以我觉得还可以接受。

员工都很友善！晚上大堂有保安，所以感觉非常安全。

幸运的是，我们没有额外支付押金，而且之前的押金在一周内就退还了 ;)

总的来说，这家酒店很不错，如果你和朋友或家人一起入住，我推荐这家！",True,True,0,0,False,,,"# 纽约市中心希尔顿酒店(New York Hilton Midtown) review (Ctrip)

**Rating:** 5.0/5 ★★★★★
**Travel type:** 朋友出游

## Review
The hotel is fair with all facilities needed (it’s a bit small but you know it’s Manhattan). Location is fantastic. People usually complain about the lift waiting time but I personally used around 2-3 minutes so it’s okay for me. 

Staff are generally nice! There are security at nights in the lobby so you feel super safe. 

It was lucky that we didn’t pay for additional deposits and the original deposits returned within a week ;) 

Overall it’s nice and I recommend it if you’re staying with your friends or family!

## Translation
这家酒店设施齐全，还算不错（虽然有点小，但毕竟是在曼哈顿嘛）。地理位置绝佳。人们通常抱怨电梯等时间长，但我个人只等了2-3分钟，所以我觉得还可以接受。

员工都很友善！晚上大堂有保安，所以感觉非常安全。

幸运的是，我们没有额外支付押金，而且之前的押金在一周内就退还了 ;)

总的来说，这家酒店很不错，如果你和朋友或家人一起入住，我推荐这家！",https://hotels.ctrip.com/hotels/1352621.html
1902743306,1352621,纽约市中心希尔顿酒店(New York Hilton Midtown),ctrip,2026-04-07T23:02:41,2026-02,Daleandr93,4,,False,,家庭亲子,行动无障碍都市房间，配有1张特大床和无障碍淋浴,ru,5,超棒,Cleanliness: 5.0; Location: 5.0; Service: 5.0; Facilities: 5.0,Наш любимый отель! Всегда любим возвращаться. Отличное месторасположение и персонал 👍👍👍,我们最爱的酒店！我们每次来都非常喜欢。地理位置优越，员工服务也很棒👍👍👍,True,True,0,0,False,,,"# 纽约市中心希尔顿酒店(New York Hilton Midtown) review (Ctrip)

**Rating:** 5.0/5 ★★★★★
**Travel type:** 家庭亲子

## Review
Наш любимый отель! Всегда любим возвращаться. Отличное месторасположение и персонал 👍👍👍

## Translation
我们最爱的酒店！我们每次来都非常喜欢。地理位置优越，员工服务也很棒👍👍👍",https://hotels.ctrip.com/hotels/1352621.html
1921354890,1352621,纽约市中心希尔顿酒店(New York Hilton Midtown),ctrip,2026-04-23T18:39:27,2026-03,shoya 4,2,,False,,独自旅行,天际特大床房,ja,5,超棒,Cleanliness: 5.0; Location: 5.0; Service: 5.0; Facilities: 5.0,"とてもサービスに満足している。
英語がわからなくても親切に教えてくれる。","我对这项服务非常满意。

即使你不懂英语，他们也会非常乐于助人。",True,True,0,0,False,,,"# 纽约市中心希尔顿酒店(New York Hilton Midtown) review (Ctrip)

**Rating:** 5.0/5 ★★★★★
**Travel type:** 独自旅行

## Review
とてもサービスに満足している。
英語がわからなくても親切に教えてくれる。

## Translation
我对这项服务非常满意。

即使你不懂英语，他们也会非常乐于助人。",https://hotels.ctrip.com/hotels/1352621.html
1127383775,1352621,纽约市中心希尔顿酒店(New York Hilton Midtown),ctrip,2024-05-27T00:03:33,2024-05,SandyLu,75,,False,,商务出差,都市两张双人床房,zh,5,超棒,Cleanliness: 5.0; Location: 5.0; Service: 5.0; Facilities: 5.0,飯店地點優越，在中央公園跟時代廣場中間。走路約15分鐘可以到時代廣場跟中央公園。距離地鐵站也是三分鐘內。飯店可以停車要收費。有寄放行李服務但是要收費一個行李五美元。高樓層景觀很美。,饭店地点优越，在中央公园跟时代广场中间。走路约15分钟可以到时代广场跟中央公园。距离地铁站也是三分钟内。饭店可以停车要收费。有寄放行李服务但是要收费一个行李五美元。高楼层景观很美。,True,True,0,1,False,,,"# 纽约市中心希尔顿酒店(New York Hilton Midtown) review (Ctrip)

**Rating:** 5.0/5 ★★★★★
**Travel type:** 商务出差

## Review
飯店地點優越，在中央公園跟時代廣場中間。走路約15分鐘可以到時代廣場跟中央公園。距離地鐵站也是三分鐘內。飯店可以停車要收費。有寄放行李服務但是要收費一個行李五美元。高樓層景觀很美。

## Translation
饭店地点优越，在中央公园跟时代广场中间。走路约15分钟可以到时代广场跟中央公园。距离地铁站也是三分钟内。饭店可以停车要收费。有寄放行李服务但是要收费一个行李五美元。高楼层景观很美。",https://hotels.ctrip.com/hotels/1352621.html
1933968364,1352621,纽约市中心希尔顿酒店(New York Hilton Midtown),ctrip,2026-05-04T04:00:34,2026-05,,1,,True,,家庭亲子,都市大床房,zh,5,超棒,Cleanliness: 5.0; Location: 5.0; Service: 5.0; Facilities: 5.0,櫃檯服務非常棒,柜台服务非常棒,True,True,0,0,False,,,"# 纽约市中心希尔顿酒店(New York Hilton Midtown) review (Ctrip)

**Rating:** 5.0/5 ★★★★★
**Travel type:** 家庭亲子

## Review
櫃檯服務非常棒

## Translation
柜台服务非常棒",https://hotels.ctrip.com/hotels/1352621.html
1943744360,1352621,纽约市中心希尔顿酒店(New York Hilton Midtown),ctrip,2026-05-11T01:39:21,2026-05,NatashaBoo777,4,,False,,独自旅行,都市大床房,ru,5,超棒,Cleanliness: 5.0; Location: 5.0; Service: 5.0; Facilities: 5.0,Все было хорошо.,一切都很好。,True,True,0,0,False,,,"# 纽约市中心希尔顿酒店(New York Hilton Midtown) review (Ctrip)

**Rating:** 5.0/5 ★★★★★
**Travel type:** 独自旅行

## Review
Все было хорошо.

## Translation
一切都很好。",https://hotels.ctrip.com/hotels/1352621.html
1739835643,1352621,纽约市中心希尔顿酒店(New York Hilton Midtown),ctrip,2025-11-04T03:17:40,2025-10,Віталій,39,,False,,商务出差,天际两张双人床房,ru,5,超棒,Cleanliness: 5.0; Location: 5.0; Service: 5.0; Facilities: 5.0,Все ок,一切都好,True,True,0,0,False,,,"# 纽约市中心希尔顿酒店(New York Hilton Midtown) review (Ctrip)

**Rating:** 5.0/5 ★★★★★
**Travel type:** 商务出差

## Review
Все ок

## Translation
一切都好",https://hotels.ctrip.com/hotels/1352621.html
1841146634,1352621,纽约市中心希尔顿酒店(New York Hilton Midtown),ctrip,2026-02-10T04:41:22,2026-02,Casas do Sotavento,5,,False,,商务出差,都市大床房,en,5,超棒,Cleanliness: 5.0; Location: 5.0; Service: 5.0; Facilities: 5.0,Central,中央,True,True,0,0,False,,,"# 纽约市中心希尔顿酒店(New York Hilton Midtown) review (Ctrip)

**Rating:** 5.0/5 ★★★★★
**Travel type:** 商务出差

## Review
Central

## Translation
中央",https://hotels.ctrip.com/hotels/1352621.html
1530859881,1352621,纽约市中心希尔顿酒店(New York Hilton Midtown),ctrip,2025-05-24T14:25:33,2025-05,,31,点评专家,True,发布于河北,商务出差,城市两张双人床房(听觉无障碍),CN,5,超棒,Cleanliness: 5.0; Location: 5.0; Service: 5.0; Facilities: 5.0,"📍纽约市中心希尔顿酒店入住体验：繁华都市中的理想栖居

这次入住纽约市中心希尔顿酒店，彻底刷新了我对商务型酒店的认知！从踏入大堂的瞬间，便能感受到百年品牌沉淀的优雅与高效——挑高的空间搭配现代艺术装置，服务人员亲切递上欢迎饮品，让人在曼哈顿的喧嚣中瞬间卸下疲惫。

房间的设计堪称“都市空间利用典范”，麻雀虽小却五脏俱全。全景落地窗将时代广场的霓虹尽收眼底，夜晚躺在床上看车流如织，仿佛置身于纽约的心跳之中。床垫软硬适中，布草亲肤透气，迷你吧的小食种类丰富，还贴心配备了胶囊咖啡机，晨间一杯咖啡开启活力满满的一天。

酒店的设施更是令人惊喜：24小时开放的健身中心器材崭新齐全，顶楼的室内恒温泳池自带城市天际线景观，游完泳在躺椅上小憩，随手一拍都是杂志大片。特别要夸夸早餐自助区，从美式经典松饼到现做的欧姆蛋，再到亚洲风味的粥品，满足不同地域客人的味蕾需求。

地理位置堪称无敌，步行5分钟直达时代广场、百老汇剧院区，周边地铁线路密集，无论是购物、观光还是商务出行都极其便利。前台还提供行李寄存和免费地图标注服务，对初来乍到的游客十分友好。

唯一美中不足的是，高峰时段电梯等待时间稍长，不过考虑到酒店超高的入住率，这几乎是所有市中心酒店的共性问题。整体而言，无论是商务出行还是旅行度假，纽约市中心希尔顿酒店都能带来超预期的入住体验，绝对值得再次打卡！ 🌟",,False,True,0,0,False,,,"# 纽约市中心希尔顿酒店(New York Hilton Midtown) review (Ctrip)

**Rating:** 5.0/5 ★★★★★
**Travel type:** 商务出差

## Review
📍纽约市中心希尔顿酒店入住体验：繁华都市中的理想栖居

这次入住纽约市中心希尔顿酒店，彻底刷新了我对商务型酒店的认知！从踏入大堂的瞬间，便能感受到百年品牌沉淀的优雅与高效——挑高的空间搭配现代艺术装置，服务人员亲切递上欢迎饮品，让人在曼哈顿的喧嚣中瞬间卸下疲惫。

房间的设计堪称“都市空间利用典范”，麻雀虽小却五脏俱全。全景落地窗将时代广场的霓虹尽收眼底，夜晚躺在床上看车流如织，仿佛置身于纽约的心跳之中。床垫软硬适中，布草亲肤透气，迷你吧的小食种类丰富，还贴心配备了胶囊咖啡机，晨间一杯咖啡开启活力满满的一天。

酒店的设施更是令人惊喜：24小时开放的健身中心器材崭新齐全，顶楼的室内恒温泳池自带城市天际线景观，游完泳在躺椅上小憩，随手一拍都是杂志大片。特别要夸夸早餐自助区，从美式经典松饼到现做的欧姆蛋，再到亚洲风味的粥品，满足不同地域客人的味蕾需求。

地理位置堪称无敌，步行5分钟直达时代广场、百老汇剧院区，周边地铁线路密集，无论是购物、观光还是商务出行都极其便利。前台还提供行李寄存和免费地图标注服务，对初来乍到的游客十分友好。

唯一美中不足的是，高峰时段电梯等待时间稍长，不过考虑到酒店超高的入住率，这几乎是所有市中心酒店的共性问题。整体而言，无论是商务出行还是旅行度假，纽约市中心希尔顿酒店都能带来超预期的入住体验，绝对值得再次打卡！ 🌟",https://hotels.ctrip.com/hotels/1352621.html
1808252021,1352621,纽约市中心希尔顿酒店(New York Hilton Midtown),ctrip,2026-01-08T11:18:31,2025-12,,65,点评专家,True,发布于湖南,商务出差,城市特大床房,CN,5,超棒,Cleanliness: 5.0; Location: 5.0; Service: 5.0; Facilities: 5.0,"设施：齐全
卫生：干净整洁
环境：优美
服务：周到",,False,True,0,0,False,,,"# 纽约市中心希尔顿酒店(New York Hilton Midtown) review (Ctrip)

**Rating:** 5.0/5 ★★★★★
**Travel type:** 商务出差

## Review
设施：齐全
卫生：干净整洁
环境：优美
服务：周到",https://hotels.ctrip.com/hotels/1352621.html
1397857551,1352621,纽约市中心希尔顿酒店(New York Hilton Midtown),ctrip,2025-01-19T18:21:52,2025-01,,34,点评专家,True,发布于广东,商务出差,城市特大床房,en,5,超棒,Cleanliness: 5.0; Location: 5.0; Service: 5.0; Facilities: 5.0,Good location and nice view. positive service and helpful .,位置好，景色美。服务周到热情，乐于助人。,True,True,0,0,False,,,"# 纽约市中心希尔顿酒店(New York Hilton Midtown) review (Ctrip)

**Rating:** 5.0/5 ★★★★★
**Travel type:** 商务出差

## Review
Good location and nice view. positive service and helpful .

## Translation
位置好，景色美。服务周到热情，乐于助人。",https://hotels.ctrip.com/hotels/1352621.html
1551511034,1352621,纽约市中心希尔顿酒店(New York Hilton Midtown),ctrip,2025-06-11T14:58:02,2025-06,S@2022,223,,False,,商务出差,都市大床房,en,5,超棒,Cleanliness: 5.0; Location: 5.0; Service: 5.0; Facilities: 5.0,perfect location in new york,在纽约的地理位置完美。,True,True,0,0,False,,,"# 纽约市中心希尔顿酒店(New York Hilton Midtown) review (Ctrip)

**Rating:** 5.0/5 ★★★★★
**Travel type:** 商务出差

## Review
perfect location in new york

## Translation
在纽约的地理位置完美。",https://hotels.ctrip.com/hotels/1352621.html
1648560117,1352621,纽约市中心希尔顿酒店(New York Hilton Midtown),ctrip,2025-08-25T11:51:31,2025-08,,30,点评专家,True,发布于湖南,其他,城市两张双人床房,CN,5,超棒,Cleanliness: 5.0; Location: 5.0; Service: 5.0; Facilities: 5.0,卫生：干净111,,False,True,0,0,False,,,"# 纽约市中心希尔顿酒店(New York Hilton Midtown) review (Ctrip)

**Rating:** 5.0/5 ★★★★★
**Travel type:** 其他

## Review
卫生：干净111",https://hotels.ctrip.com/hotels/1352621.html
1337752211,1352621,纽约市中心希尔顿酒店(New York Hilton Midtown),ctrip,2024-11-28T20:43:03,2024-11,,249,点评专家,True,发布于湖南,朋友出游,城市特大床房,CN,5,超棒,Cleanliness: 5.0; Location: 5.0; Service: 5.0; Facilities: 5.0,酒店超级大，环境特别优美，服务也挺周到的,,False,True,0,0,False,,,"# 纽约市中心希尔顿酒店(New York Hilton Midtown) review (Ctrip)

**Rating:** 5.0/5 ★★★★★
**Travel type:** 朋友出游

## Review
酒店超级大，环境特别优美，服务也挺周到的",https://hotels.ctrip.com/hotels/1352621.html
1297029393,1352621,纽约市中心希尔顿酒店(New York Hilton Midtown),ctrip,2024-10-20T04:21:20,2024-08,,7,点评达人,True,发布于新加坡,朋友出游,天际线特大床房(带浴缸行动听力无障碍),CN,4.8,超棒,Cleanliness: 5.0; Location: 5.0; Service: 4.5; Facilities: 5.0,"地理位置优越， 比邻第五大道
离时代广场、 梅西百货步行距离
尤其是著名的MoMa 当代艺术馆就在酒店对面
步行2分钟即可
超级方便",,False,True,1,6,False,,,"# 纽约市中心希尔顿酒店(New York Hilton Midtown) review (Ctrip)

**Rating:** 4.8/5 ★★★★☆
**Travel type:** 朋友出游

## Review
地理位置优越， 比邻第五大道
离时代广场、 梅西百货步行距离
尤其是著名的MoMa 当代艺术馆就在酒店对面
步行2分钟即可
超级方便",https://hotels.ctrip.com/hotels/1352621.html
1543964279,1352621,纽约市中心希尔顿酒店(New York Hilton Midtown),ctrip,2025-06-05T10:52:52,2025-05,,2,点评新星,True,发布于上海,朋友出游,都市大床房,CN,4.8,超棒,Cleanliness: 5.0; Location: 5.0; Service: 5.0; Facilities: 4.5,酒店设施齐全配套完善,,False,True,0,0,False,,,"# 纽约市中心希尔顿酒店(New York Hilton Midtown) review (Ctrip)

**Rating:** 4.8/5 ★★★★☆
**Travel type:** 朋友出游

## Review
酒店设施齐全配套完善",https://hotels.ctrip.com/hotels/1352621.html
1860873145,1352621,纽约市中心希尔顿酒店(New York Hilton Midtown),ctrip,2026-02-28T08:58:12,2026-02,,157,点评专家,True,发布于上海,代人预订,都市两张双人床房,CN,4.8,超棒,Cleanliness: 5.0; Location: 5.0; Service: 5.0; Facilities: 4.5,这次纽约市中心希尔顿酒店入住三天，整体体验非常不错。酒店地理位置优越，步行即可到达时代广场和中央公园，出行十分方便。房间干净整洁，空间在纽约市中心算比较宽敞。不过，房间的自来水水质有些浑浊，希望酒店今后可以在这方面做进一步改善。总体来说，入住还是比较舒适的。,,False,True,0,0,False,,,"# 纽约市中心希尔顿酒店(New York Hilton Midtown) review (Ctrip)

**Rating:** 4.8/5 ★★★★☆
**Travel type:** 代人预订

## Review
这次纽约市中心希尔顿酒店入住三天，整体体验非常不错。酒店地理位置优越，步行即可到达时代广场和中央公园，出行十分方便。房间干净整洁，空间在纽约市中心算比较宽敞。不过，房间的自来水水质有些浑浊，希望酒店今后可以在这方面做进一步改善。总体来说，入住还是比较舒适的。",https://hotels.ctrip.com/hotels/1352621.html
1971939045,1352621,纽约市中心希尔顿酒店(New York Hilton Midtown),ctrip,2026-06-03T23:45:02,2026-05,,31,点评专家,True,发布于英国,商务出差,都市两张双人床房,CN,4.7,超棒,Cleanliness: 5.0; Location: 5.0; Service: 4.5; Facilities: 4.5,曼哈顿中心区，离中心公园和时代广场，很不错,,False,True,0,0,False,,,"# 纽约市中心希尔顿酒店(New York Hilton Midtown) review (Ctrip)

**Rating:** 4.7/5 ★★★★☆
**Travel type:** 商务出差

## Review
曼哈顿中心区，离中心公园和时代广场，很不错",https://hotels.ctrip.com/hotels/1352621.html
1451571997,1352621,纽约市中心希尔顿酒店(New York Hilton Midtown),ctrip,2025-03-16T12:29:12,2025-03,,22,点评达人,True,发布于美国,独自旅行,都市大床房,CN,4.7,超棒,Cleanliness: 5.0; Location: 5.0; Service: 4.0; Facilities: 5.0,酒店地理位置很好，去景点很方便，很难评价服务，因为有些staff很友好，有些staff很歧视中国游客，问点东西都一脸的不耐烦，住了三天，每天都能遇见这种除非你英语很流利，不然根本不想搭理你的员工。虽然你是纽约市中心最大的酒店，但这不是你员工傲慢的资本。,,False,True,2,0,False,,,"# 纽约市中心希尔顿酒店(New York Hilton Midtown) review (Ctrip)

**Rating:** 4.7/5 ★★★★☆
**Travel type:** 独自旅行

## Review
酒店地理位置很好，去景点很方便，很难评价服务，因为有些staff很友好，有些staff很歧视中国游客，问点东西都一脸的不耐烦，住了三天，每天都能遇见这种除非你英语很流利，不然根本不想搭理你的员工。虽然你是纽约市中心最大的酒店，但这不是你员工傲慢的资本。",https://hotels.ctrip.com/hotels/1352621.html
1960789883,1352621,纽约市中心希尔顿酒店(New York Hilton Midtown),ctrip,2026-05-26T00:07:07,2026-05,,9,点评达人,True,发布于美国,朋友出游,都市大床房,CN,4.7,超棒,Cleanliness: 5.0; Location: 4.5; Service: 4.5; Facilities: 5.0,携程的服务很好，酒店地理位置方便,,False,True,0,0,False,,,"# 纽约市中心希尔顿酒店(New York Hilton Midtown) review (Ctrip)

**Rating:** 4.7/5 ★★★★☆
**Travel type:** 朋友出游

## Review
携程的服务很好，酒店地理位置方便",https://hotels.ctrip.com/hotels/1352621.html
1579112276,1352621,纽约市中心希尔顿酒店(New York Hilton Midtown),ctrip,2025-07-05T01:11:07,2025-06,,1,,True,,朋友出游,天际两张双人床房,CN,4.7,超棒,Cleanliness: 5.0; Location: 5.0; Service: 4.0; Facilities: 5.0,非常幸运免费升级成套房，客厅吧台一应俱全。地理位置优越，门口就能看到MoMA。矿泉水、牙具得主动找客房要。,,False,True,0,0,False,,,"# 纽约市中心希尔顿酒店(New York Hilton Midtown) review (Ctrip)

**Rating:** 4.7/5 ★★★★☆
**Travel type:** 朋友出游

## Review
非常幸运免费升级成套房，客厅吧台一应俱全。地理位置优越，门口就能看到MoMA。矿泉水、牙具得主动找客房要。",https://hotels.ctrip.com/hotels/1352621.html
1209187623,1352621,纽约市中心希尔顿酒店(New York Hilton Midtown),ctrip,2024-08-06T15:19:59,2024-07,,11,,True,,情侣出游,城市特大床房(带浴缸行动无障碍),en,4.7,超棒,Cleanliness: 4.0; Location: 5.0; Service: 5.0; Facilities: 5.0,"Excellent location.

The room is spacious and they have 35 USD daily credits for food and snacks.",地理位置绝佳。房间很宽敞，而且每天有35美元的餐饮抵用金。,True,True,0,1,False,,,"# 纽约市中心希尔顿酒店(New York Hilton Midtown) review (Ctrip)

**Rating:** 4.7/5 ★★★★☆
**Travel type:** 情侣出游

## Review
Excellent location.

The room is spacious and they have 35 USD daily credits for food and snacks.

## Translation
地理位置绝佳。房间很宽敞，而且每天有35美元的餐饮抵用金。",https://hotels.ctrip.com/hotels/1352621.html
1263778859,1352621,纽约市中心希尔顿酒店(New York Hilton Midtown),ctrip,2024-09-19T01:51:37,2024-09,,12,点评达人,True,发布于美国,独自旅行,都市大床房,CN,4.7,超棒,Cleanliness: 5.0; Location: 5.0; Service: 5.0; Facilities: 4.0,携程分配的房间紧挨着电梯，跟旁边有个拖拉机上上下下一整晚。跟酒店反应情况后，酒店同意更换，这不得不给酒店点赞。另外携程工作应该仔细确认访客的姓名，还能把姓名的前后顺序搞反吗？,,False,True,0,0,False,,,"# 纽约市中心希尔顿酒店(New York Hilton Midtown) review (Ctrip)

**Rating:** 4.7/5 ★★★★☆
**Travel type:** 独自旅行

## Review
携程分配的房间紧挨着电梯，跟旁边有个拖拉机上上下下一整晚。跟酒店反应情况后，酒店同意更换，这不得不给酒店点赞。另外携程工作应该仔细确认访客的姓名，还能把姓名的前后顺序搞反吗？",https://hotels.ctrip.com/hotels/1352621.html
1212887087,1352621,纽约市中心希尔顿酒店(New York Hilton Midtown),ctrip,2024-08-09T08:23:40,2024-07,OlgaR,4,,False,,家庭亲子,都市特大床房,en,4.7,超棒,Cleanliness: 5.0; Location: 5.0; Service: 5.0; Facilities: 4.0,"The location is nice, close to Times Square. The hotel is clean, as other Hilton hotels. Breakfasts are good too, with very pleasant service. But there are some things that left that bitter feeling after my stay that I would like to share. 
1. Destination charge. This is the second Hilton hotel in New York I have stayed at, and both charged additional USD35 for so-called destination fee per night. As the receptionist said, it’s MANDATORY. This 35 dollars are charged per day and the guest must use it the same day, they don’t even accumulate. How do you spend it? In the hotel restaurant or bar. What can you buy with it? Three bottles of drinking water, or two cans of beer…. Why am I forced to spend my money on the things that I don’t need and that are so overpriced? You already charged me for the room, and I happily paid for it. 
2. The hotel page here shows a picture of “swimming”. It’s a rooftop swimming pool. I was excited to have a chance to spend some time in the pool. The reception said there was none. Please remove the picture from the page, as it is misleading. 
3. There is no tea or coffee in the room. That’s the amenity available in every hotel, even the cheap ones. But when we called the service, they said: no, we don’t offer coffee or tea. But they did bring us a kettle:) I can see that it’s not listed in the available amenities here, but I didn’t even expect that. It’s such a little thing that makes your guest’s stay more comfortable. 
Anyways, it was quite a pleasant stay despite these unpleasant details. Thank you.","酒店位置很好，离时代广场很近。酒店也很干净，和其他希尔顿酒店一样。早餐也不错，服务态度非常好。但有些事情让我在住宿结束后感到有点不愉快，我想分享一下。
1. 目的地费用。这是我在纽约住的第二家希尔顿酒店了，两家都收取了每晚额外35美元的所谓“目的地费”。正如前台接待员所说，这是强制性的。这35美元是每天收取，而且客人必须当天用完，不能累积。怎么花呢？在酒店餐厅或酒吧。能买到什么呢？三瓶饮用水，或者两罐啤酒……为什么要强迫我花钱买那些我不需要而且价格过高的东西？我已经为房间付了钱，我也很乐意支付。
2. 酒店页面上有一张“游泳”的照片，是一个屋顶游泳池。我很高兴有机会在泳池里度过一些时间。结果前台说没有。请把页面上的图片删除，因为它具有误导性。
3. 房间里没有茶或咖啡。这在每家酒店都有，即使是便宜的酒店也有。但当我们打电话给服务台时，他们说：不，我们不提供咖啡或茶。但他们确实给我们送来了一个电热水壶 :) 我知道这里没有列出这些设施，但我甚至没想到会没有。这是一个小细节，却能让客人的住宿更舒适。
总之，尽管有这些不愉快的细节，但总体来说这是一次相当愉快的住宿。谢谢。",True,True,0,0,False,,,"# 纽约市中心希尔顿酒店(New York Hilton Midtown) review (Ctrip)

**Rating:** 4.7/5 ★★★★☆
**Travel type:** 家庭亲子

## Review
The location is nice, close to Times Square. The hotel is clean, as other Hilton hotels. Breakfasts are good too, with very pleasant service. But there are some things that left that bitter feeling after my stay that I would like to share. 
1. Destination charge. This is the second Hilton hotel in New York I have stayed at, and both charged additional USD35 for so-called destination fee per night. As the receptionist said, it’s MANDATORY. This 35 dollars are charged per day and the guest must use it the same day, they don’t even accumulate. How do you spend it? In the hotel restaurant or bar. What can you buy with it? Three bottles of drinking water, or two cans of beer…. Why am I forced to spend my money on the things that I don’t need and that are so overpriced? You already charged me for the room, and I happily paid for it. 
2. The hotel page here shows a picture of “swimming”. It’s a rooftop swimming pool. I was excited to have a chance to spend some time in the pool. The reception said there was none. Please remove the picture from the page, as it is misleading. 
3. There is no tea or coffee in the room. That’s the amenity available in every hotel, even the cheap ones. But when we called the service, they said: no, we don’t offer coffee or tea. But they did bring us a kettle:) I can see that it’s not listed in the available amenities here, but I didn’t even expect that. It’s such a little thing that makes your guest’s stay more comfortable. 
Anyways, it was quite a pleasant stay despite these unpleasant details. Thank you.

## Translation
酒店位置很好，离时代广场很近。酒店也很干净，和其他希尔顿酒店一样。早餐也不错，服务态度非常好。但有些事情让我在住宿结束后感到有点不愉快，我想分享一下。
1. 目的地费用。这是我在纽约住的第二家希尔顿酒店了，两家都收取了每晚额外35美元的所谓“目的地费”。正如前台接待员所说，这是强制性的。这35美元是每天收取，而且客人必须当天用完，不能累积。怎么花呢？在酒店餐厅或酒吧。能买到什么呢？三瓶饮用水，或者两罐啤酒……为什么要强迫我花钱买那些我不需要而且价格过高的东西？我已经为房间付了钱，我也很乐意支付。
2. 酒店页面上有一张“游泳”的照片，是一个屋顶游泳池。我很高兴有机会在泳池里度过一些时间。结果前台说没有。请把页面上的图片删除，因为它具有误导性。
3. 房间里没有茶或咖啡。这在每家酒店都有，即使是便宜的酒店也有。但当我们打电话给服务台时，他们说：不，我们不提供咖啡或茶。但他们确实给我们送来了一个电热水壶 :) 我知道这里没有列出这些设施，但我甚至没想到会没有。这是一个小细节，却能让客人的住宿更舒适。
总之，尽管有这些不愉快的细节，但总体来说这是一次相当愉快的住宿。谢谢。",https://hotels.ctrip.com/hotels/1352621.html
1682628481,1352621,纽约市中心希尔顿酒店(New York Hilton Midtown),ctrip,2025-09-24T05:03:59,2025-09,,6,点评达人,True,发布于北京,商务出差,城市两张双人床房,CN,4.7,超棒,Cleanliness: 5.0; Location: 5.0; Service: 5.0; Facilities: 4.0,酒店服务人员都很热情，服务周到！很温馨！,,False,True,0,0,False,,,"# 纽约市中心希尔顿酒店(New York Hilton Midtown) review (Ctrip)

**Rating:** 4.7/5 ★★★★☆
**Travel type:** 商务出差

## Review
酒店服务人员都很热情，服务周到！很温馨！",https://hotels.ctrip.com/hotels/1352621.html
1221328657,1352621,纽约市中心希尔顿酒店(New York Hilton Midtown),ctrip,2024-08-15T00:00:42,2024-05,,2,点评新星,True,发布于浙江,朋友出游,都市两张双人床房,CN,4.7,超棒,Cleanliness: 5.0; Location: 4.5; Service: 5.0; Facilities: 4.5,服务什么都可以，唯独押金退好慢。基本上走路到第五大道也就十几分钟的时间,,False,True,0,0,False,,,"# 纽约市中心希尔顿酒店(New York Hilton Midtown) review (Ctrip)

**Rating:** 4.7/5 ★★★★☆
**Travel type:** 朋友出游

## Review
服务什么都可以，唯独押金退好慢。基本上走路到第五大道也就十几分钟的时间",https://hotels.ctrip.com/hotels/1352621.html
1094670513,1352621,纽约市中心希尔顿酒店(New York Hilton Midtown),ctrip,2024-04-22T05:02:34,2024-04,,1,,True,,家庭亲子,都市特大床房,pt,4.7,超棒,Cleanliness: 5.0; Location: 5.0; Service: 4.0; Facilities: 5.0,Amei só faltou um café da manhã free 🥰🙌🏽,我很喜欢，就是如果能提供免费早餐就更完美了！🥰🙌🏽,True,True,0,0,False,,,"# 纽约市中心希尔顿酒店(New York Hilton Midtown) review (Ctrip)

**Rating:** 4.7/5 ★★★★☆
**Travel type:** 家庭亲子

## Review
Amei só faltou um café da manhã free 🥰🙌🏽

## Translation
我很喜欢，就是如果能提供免费早餐就更完美了！🥰🙌🏽",https://hotels.ctrip.com/hotels/1352621.html
1166462801,1352621,纽约市中心希尔顿酒店(New York Hilton Midtown),ctrip,2024-07-03T16:42:40,2024-05,,13,,True,,家庭亲子,城市特大床房,ru,4.7,超棒,Cleanliness: 4.0; Location: 5.0; Service: 5.0; Facilities: 5.0,Шикарное местоположение. Хороший завтрак.,地理位置绝佳。早餐很棒。,True,True,0,0,False,,,"# 纽约市中心希尔顿酒店(New York Hilton Midtown) review (Ctrip)

**Rating:** 4.7/5 ★★★★☆
**Travel type:** 家庭亲子

## Review
Шикарное местоположение. Хороший завтрак.

## Translation
地理位置绝佳。早餐很棒。",https://hotels.ctrip.com/hotels/1352621.html
1251316821,1352621,纽约市中心希尔顿酒店(New York Hilton Midtown),ctrip,2024-09-07T02:16:21,2024-08,HHH丽,2,点评新星,False,发布于北京,其他,都市两张双人床房,CN,4.7,超棒,Cleanliness: 4.0; Location: 5.0; Service: 5.0; Facilities: 5.0,房间设施偏旧,,False,True,0,0,False,,,"# 纽约市中心希尔顿酒店(New York Hilton Midtown) review (Ctrip)

**Rating:** 4.7/5 ★★★★☆
**Travel type:** 其他

## Review
房间设施偏旧",https://hotels.ctrip.com/hotels/1352621.html
1046722227,1352621,纽约市中心希尔顿酒店(New York Hilton Midtown),ctrip,2024-02-21T12:11:59,2024-02,不愁明月尽,3,点评新星,False,发布于美国,独自旅行,都市大床房,CN,4.7,超棒,Cleanliness: 5.0; Location: 5.0; Service: 5.0; Facilities: 4.0,地点绝佳，服务中规中矩,,False,True,0,0,False,,,"# 纽约市中心希尔顿酒店(New York Hilton Midtown) review (Ctrip)

**Rating:** 4.7/5 ★★★★☆
**Travel type:** 独自旅行

## Review
地点绝佳，服务中规中矩",https://hotels.ctrip.com/hotels/1352621.html
946342433,1352621,纽约市中心希尔顿酒店(New York Hilton Midtown),ctrip,2023-10-08T13:19:28,2023-09,seamanlau,29,点评达人,False,发布于广东,商务出差,城市两张双人床房(听觉无障碍),CN,4.7,超棒,Cleanliness: 5.0; Location: 5.0; Service: 5.0; Facilities: 4.0,适合纽约市区里面逛,,False,True,0,0,False,,,"# 纽约市中心希尔顿酒店(New York Hilton Midtown) review (Ctrip)

**Rating:** 4.7/5 ★★★★☆
**Travel type:** 商务出差

## Review
适合纽约市区里面逛",https://hotels.ctrip.com/hotels/1352621.html
1943543156,1352621,纽约市中心希尔顿酒店(New York Hilton Midtown),ctrip,2026-05-10T18:24:10,2026-04,,2,,True,,情侣出游,都市大床房,en,4.7,超棒,Cleanliness: 5.0; Location: 5.0; Service: 5.0; Facilities: 4.0,Good location,位置好,True,True,0,1,False,,,"# 纽约市中心希尔顿酒店(New York Hilton Midtown) review (Ctrip)

**Rating:** 4.7/5 ★★★★☆
**Travel type:** 情侣出游

## Review
Good location

## Translation
位置好",https://hotels.ctrip.com/hotels/1352621.html
1973094928,1352621,纽约市中心希尔顿酒店(New York Hilton Midtown),ctrip,2026-06-05T00:20:55,2026-05,,5,,True,,朋友出游,城市两张双人床房,th,4.7,超棒,Cleanliness: 4.0; Location: 5.0; Service: 5.0; Facilities: 5.0,ที่ตั้งสะดวก สะอาด ปลอดภัย ใกล้สถานีรถไฟใต้ดิน และแหล่งท่องเที่ยว,位置便利，干净安全，靠近地铁站和旅游景点。,True,True,0,0,False,,,"# 纽约市中心希尔顿酒店(New York Hilton Midtown) review (Ctrip)

**Rating:** 4.7/5 ★★★★☆
**Travel type:** 朋友出游

## Review
ที่ตั้งสะดวก สะอาด ปลอดภัย ใกล้สถานีรถไฟใต้ดิน และแหล่งท่องเที่ยว

## Translation
位置便利，干净安全，靠近地铁站和旅游景点。",https://hotels.ctrip.com/hotels/1352621.html
1107463703,1352621,纽约市中心希尔顿酒店(New York Hilton Midtown),ctrip,2024-05-06T02:16:55,2024-05,Hakan258,10,,False,,情侣出游,城市两张双人床房,tr,4.7,超棒,Cleanliness: 5.0; Location: 5.0; Service: 5.0; Facilities: 4.0,***et güzeldi,***肉很好吃,True,True,0,0,False,,,"# 纽约市中心希尔顿酒店(New York Hilton Midtown) review (Ctrip)

**Rating:** 4.7/5 ★★★★☆
**Travel type:** 情侣出游

## Review
***et güzeldi

## Translation
***肉很好吃",https://hotels.ctrip.com/hotels/1352621.html
1491357717,1352621,纽约市中心希尔顿酒店(New York Hilton Midtown),ctrip,2025-04-21T11:50:53,2025-04,,18,点评达人,True,发布于美国,家庭亲子,市景间 - 带1张特大床、无障碍通道和w/RI淋浴,CN,4.6,很好,Cleanliness: 5.0; Location: 5.0; Service: 3.5; Facilities: 5.0,酒店的房间感觉是翻新过了，总体感觉干净整洁。但可能是酒店体量比较大、且我们入住那天是周五，排队等办理入住手续花了整整一小时，退房是周日，也排队了半小时……,,False,True,0,0,False,,,"# 纽约市中心希尔顿酒店(New York Hilton Midtown) review (Ctrip)

**Rating:** 4.6/5 ★★★★☆
**Travel type:** 家庭亲子

## Review
酒店的房间感觉是翻新过了，总体感觉干净整洁。但可能是酒店体量比较大、且我们入住那天是周五，排队等办理入住手续花了整整一小时，退房是周日，也排队了半小时……",https://hotels.ctrip.com/hotels/1352621.html
1797344149,1352621,纽约市中心希尔顿酒店(New York Hilton Midtown),ctrip,2025-12-29T18:12:54,2025-10,,12,点评达人,True,发布于吉林,商务出差,天际两张双人床房,CN,4.5,很好,Cleanliness: 5.0; Location: 5.0; Service: 4.0; Facilities: 4.0,曼哈顿中心位置，第六大道上、位置没得说，房间面积也还可以，总体算是不错。电梯有点繁忙，每次要等比较久。,,False,True,0,0,False,,,"# 纽约市中心希尔顿酒店(New York Hilton Midtown) review (Ctrip)

**Rating:** 4.5/5 ★★★★☆
**Travel type:** 商务出差

## Review
曼哈顿中心位置，第六大道上、位置没得说，房间面积也还可以，总体算是不错。电梯有点繁忙，每次要等比较久。",https://hotels.ctrip.com/hotels/1352621.html
1242035221,1352621,纽约市中心希尔顿酒店(New York Hilton Midtown),ctrip,2024-08-29T10:12:14,2024-08,Citywalk if possible,4,点评新星,False,发布于上海,家庭亲子,都市两张双人床房,CN,4.5,很好,Cleanliness: 4.5; Location: 5.0; Service: 4.0; Facilities: 4.5,该酒店位于纽约曼哈顿的第六大道和53街的交界。是一家比较老的酒店。地理位置不错。步行即可到达中央公园和时代广场。房间也比较大，舒适宜人。酒店的生意非常好。尤其周末人多。就是每天扣40.17刀的强制费。可以在酒店内抵扣券35美元的饮料面包或水。总体还不错,,False,True,2,4,False,,,"# 纽约市中心希尔顿酒店(New York Hilton Midtown) review (Ctrip)

**Rating:** 4.5/5 ★★★★☆
**Travel type:** 家庭亲子

## Review
该酒店位于纽约曼哈顿的第六大道和53街的交界。是一家比较老的酒店。地理位置不错。步行即可到达中央公园和时代广场。房间也比较大，舒适宜人。酒店的生意非常好。尤其周末人多。就是每天扣40.17刀的强制费。可以在酒店内抵扣券35美元的饮料面包或水。总体还不错",https://hotels.ctrip.com/hotels/1352621.html
1301707855,1352621,纽约市中心希尔顿酒店(New York Hilton Midtown),ctrip,2024-10-24T15:21:52,2024-10,,45,,True,,商务出差,都市两张双人床房,ko,4.5,很好,Cleanliness: 5.0; Location: 5.0; Service: 4.0; Facilities: 4.0,위치가 정밀 좋습니다 . 멘하탄에서 업무를 보실 예정이라면 최고의 선택이 될수 있을것 같습니다. 지하철도 도보로 5분인에 다 있습니다.,位置非常棒。如果您计划在曼哈顿工作，这里可能是您的最佳选择。步行5分钟内即可到达地铁站。,True,True,0,1,False,,,"# 纽约市中心希尔顿酒店(New York Hilton Midtown) review (Ctrip)

**Rating:** 4.5/5 ★★★★☆
**Travel type:** 商务出差

## Review
위치가 정밀 좋습니다 . 멘하탄에서 업무를 보실 예정이라면 최고의 선택이 될수 있을것 같습니다. 지하철도 도보로 5분인에 다 있습니다.

## Translation
位置非常棒。如果您计划在曼哈顿工作，这里可能是您的最佳选择。步行5分钟内即可到达地铁站。",https://hotels.ctrip.com/hotels/1352621.html
1155959337,1352621,纽约市中心希尔顿酒店(New York Hilton Midtown),ctrip,2024-06-26T00:26:58,2024-06,天狼星Sc,9,,False,,家庭亲子,都市大床房,CN,4.5,很好,Cleanliness: 5.0; Location: 5.0; Service: 5.0; Facilities: 3.0,地理位置很好、 我还以为希尔顿酒店至少是5星， 但是纽约的不是、勉强4颗星。。 我发现纽约的酒店都不提供矿泉水、没有拖鞋，吹风机烂到。。 环境还可以了 比较大、设施总体来说都挺旧的。。,,False,True,1,3,False,,,"# 纽约市中心希尔顿酒店(New York Hilton Midtown) review (Ctrip)

**Rating:** 4.5/5 ★★★★☆
**Travel type:** 家庭亲子

## Review
地理位置很好、 我还以为希尔顿酒店至少是5星， 但是纽约的不是、勉强4颗星。。 我发现纽约的酒店都不提供矿泉水、没有拖鞋，吹风机烂到。。 环境还可以了 比较大、设施总体来说都挺旧的。。",https://hotels.ctrip.com/hotels/1352621.html
1238688937,1352621,纽约市中心希尔顿酒店(New York Hilton Midtown),ctrip,2024-08-27T02:55:13,2024-08,,1,,True,,独自旅行,都市大床房,en,4.5,很好,Cleanliness: 5.0; Location: 5.0; Service: 4.0; Facilities: 4.0,"Excellent location, convenient to walk to Central Park, MoMA, the Met, and 5th Av. I stayed in the same room for about one week, the room is clean, laundry service is efficient (return on the same day if they collect before 10am). The hotel does have cafe and restaurant, breakfast serves with buffet, normally need to wait 15-20mins to get the seat.",酒店地理位置优越，步行即可到达中央公园、MoMA、大都会艺术博物馆和第五大道，非常方便。我住了大约一周，房间很干净，洗衣服务效率很高（如果上午10点前收取，当天就能送回）。酒店内有咖啡馆和餐厅，早餐是自助餐形式，通常需要等15-20分钟才能入座。,True,True,1,0,False,,,"# 纽约市中心希尔顿酒店(New York Hilton Midtown) review (Ctrip)

**Rating:** 4.5/5 ★★★★☆
**Travel type:** 独自旅行

## Review
Excellent location, convenient to walk to Central Park, MoMA, the Met, and 5th Av. I stayed in the same room for about one week, the room is clean, laundry service is efficient (return on the same day if they collect before 10am). The hotel does have cafe and restaurant, breakfast serves with buffet, normally need to wait 15-20mins to get the seat.

## Translation
酒店地理位置优越，步行即可到达中央公园、MoMA、大都会艺术博物馆和第五大道，非常方便。我住了大约一周，房间很干净，洗衣服务效率很高（如果上午10点前收取，当天就能送回）。酒店内有咖啡馆和餐厅，早餐是自助餐形式，通常需要等15-20分钟才能入座。",https://hotels.ctrip.com/hotels/1352621.html
1586720424,1352621,纽约市中心希尔顿酒店(New York Hilton Midtown),ctrip,2025-07-10T22:55:16,2025-07,,2,,True,,家庭亲子,城市两张双人床房,ko,4.5,很好,Cleanliness: 4.0; Location: 5.0; Service: 4.0; Facilities: 5.0,위치가 좋아서 미세한 단점들이 모두 커버됩니다. 객실에 커피머신이 없는것이 아쉬웠습니다.,位置很好，弥补了所有的小缺点。有点遗憾房间里没有咖啡机。,True,True,0,0,False,,,"# 纽约市中心希尔顿酒店(New York Hilton Midtown) review (Ctrip)

**Rating:** 4.5/5 ★★★★☆
**Travel type:** 家庭亲子

## Review
위치가 좋아서 미세한 단점들이 모두 커버됩니다. 객실에 커피머신이 없는것이 아쉬웠습니다.

## Translation
位置很好，弥补了所有的小缺点。有点遗憾房间里没有咖啡机。",https://hotels.ctrip.com/hotels/1352621.html
1151978367,1352621,纽约市中心希尔顿酒店(New York Hilton Midtown),ctrip,2024-06-22T03:52:00,2024-06,TravelTheSky,12,,False,,朋友出游,都市两张双人床房,en,4.5,很好,Cleanliness: 4.0; Location: 5.0; Service: 5.0; Facilities: 4.0,Check in was seamless and kind. Throughout the hotel staff was very kind and always helpful. We stayed there while seeing two Broadway shows and it is a great location for this and access to the park. Did not have any food but noticed the store/cafe on the first floor had incredible waits and very slow staff on a Friday morning. Waited a while for a cup of coffee but eventually gave up. As a former f&b person it was disappointing to see the pace and approach of the kitchen/counter staff.,入住手续办理得很顺利，工作人员也很友善。酒店员工整体都非常友善，乐于助人。我们住在这里是为了看两场百老汇演出，酒店位置很棒，去剧院和公园都很方便。我们没在酒店用餐，但注意到一楼的商店/咖啡馆在周五早上排队的人特别多，员工动作也很慢。我等了很久想买杯咖啡，但最终还是放弃了。作为一名前餐饮从业者，看到厨房/柜台员工的工作节奏和态度，确实让人感到失望。,True,True,0,0,False,,,"# 纽约市中心希尔顿酒店(New York Hilton Midtown) review (Ctrip)

**Rating:** 4.5/5 ★★★★☆
**Travel type:** 朋友出游

## Review
Check in was seamless and kind. Throughout the hotel staff was very kind and always helpful. We stayed there while seeing two Broadway shows and it is a great location for this and access to the park. Did not have any food but noticed the store/cafe on the first floor had incredible waits and very slow staff on a Friday morning. Waited a while for a cup of coffee but eventually gave up. As a former f&b person it was disappointing to see the pace and approach of the kitchen/counter staff.

## Translation
入住手续办理得很顺利，工作人员也很友善。酒店员工整体都非常友善，乐于助人。我们住在这里是为了看两场百老汇演出，酒店位置很棒，去剧院和公园都很方便。我们没在酒店用餐，但注意到一楼的商店/咖啡馆在周五早上排队的人特别多，员工动作也很慢。我等了很久想买杯咖啡，但最终还是放弃了。作为一名前餐饮从业者，看到厨房/柜台员工的工作节奏和态度，确实让人感到失望。",https://hotels.ctrip.com/hotels/1352621.html
1122331221,1352621,纽约市中心希尔顿酒店(New York Hilton Midtown),ctrip,2024-05-21T08:23:46,2024-05,,4,,True,,情侣出游,都市大床房,en,4.5,很好,Cleanliness: 4.0; Location: 5.0; Service: 4.0; Facilities: 5.0,"Very central. Theaters, Lots of places to eat. 

(4 stars) Long line to check-in. Room very nice but small, city-view. Bathroom amenities spot on! Bed comfortable, pillows were not all consistently firm or soft. 

4stars) given for bridges bar-rim around table Black grime. 

Would definitely stay again!","酒店位置绝佳，周围有很多剧院和餐馆。

（4星）办理入住排了很长的队。房间很棒，但有点小，是市景房。洗浴用品非常齐全！床很舒服，但枕头软硬不一。

（4星）因为桥边酒吧的桌子边缘有黑色污垢，所以扣了一星。

下次肯定还会再来！",True,True,1,0,False,,,"# 纽约市中心希尔顿酒店(New York Hilton Midtown) review (Ctrip)

**Rating:** 4.5/5 ★★★★☆
**Travel type:** 情侣出游

## Review
Very central. Theaters, Lots of places to eat. 

(4 stars) Long line to check-in. Room very nice but small, city-view. Bathroom amenities spot on! Bed comfortable, pillows were not all consistently firm or soft. 

4stars) given for bridges bar-rim around table Black grime. 

Would definitely stay again!

## Translation
酒店位置绝佳，周围有很多剧院和餐馆。

（4星）办理入住排了很长的队。房间很棒，但有点小，是市景房。洗浴用品非常齐全！床很舒服，但枕头软硬不一。

（4星）因为桥边酒吧的桌子边缘有黑色污垢，所以扣了一星。

下次肯定还会再来！",https://hotels.ctrip.com/hotels/1352621.html
1129406303,1352621,纽约市中心希尔顿酒店(New York Hilton Midtown),ctrip,2024-05-29T04:40:33,2024-04,卡妙大宝宝,72,点评专家,False,发布于法国,商务出差,都市两张双人床房,CN,4.5,很好,Cleanliness: 5.0; Location: 4.0; Service: 4.0; Facilities: 5.0,希尔顿酒店的硬件水平还是很好，酒店的床上用品很舒服，卫生打扫的很好。酒店提供的洗发水沐浴露等产品很好用。房间的窗户全部密封不可开启，房间内没有咖啡机，喝热水确实有一点难度，需要自己携带电水壶。酒店的位置非常好位于纽约繁华地段，附近交通便利，酒店门口长期有出租车排队去哪里都方便。酒店附近麦当劳等快餐非常多，酒店附近有whole foods超市日常饮食不是问题。酒店的健身房很大，高峰时段使用人较多。,,False,True,1,0,False,,,"# 纽约市中心希尔顿酒店(New York Hilton Midtown) review (Ctrip)

**Rating:** 4.5/5 ★★★★☆
**Travel type:** 商务出差

## Review
希尔顿酒店的硬件水平还是很好，酒店的床上用品很舒服，卫生打扫的很好。酒店提供的洗发水沐浴露等产品很好用。房间的窗户全部密封不可开启，房间内没有咖啡机，喝热水确实有一点难度，需要自己携带电水壶。酒店的位置非常好位于纽约繁华地段，附近交通便利，酒店门口长期有出租车排队去哪里都方便。酒店附近麦当劳等快餐非常多，酒店附近有whole foods超市日常饮食不是问题。酒店的健身房很大，高峰时段使用人较多。",https://hotels.ctrip.com/hotels/1352621.html
1287624383,1352621,纽约市中心希尔顿酒店(New York Hilton Midtown),ctrip,2024-10-10T09:30:41,2024-08,annie,15,点评达人,False,发布于北京,家庭亲子,都市特大床房,CN,4.5,很好,Cleanliness: 4.5; Location: 4.5; Service: 4.5; Facilities: 4.5,房间不大，卫生还行！酒店会给早餐代金券，可以在一楼的餐厅使用！这个隐藏福利，记得别错过哦！酒店位置很好，去哪里都不远！,,False,True,0,0,False,,,"# 纽约市中心希尔顿酒店(New York Hilton Midtown) review (Ctrip)

**Rating:** 4.5/5 ★★★★☆
**Travel type:** 家庭亲子

## Review
房间不大，卫生还行！酒店会给早餐代金券，可以在一楼的餐厅使用！这个隐藏福利，记得别错过哦！酒店位置很好，去哪里都不远！",https://hotels.ctrip.com/hotels/1352621.html
1237347075,1352621,纽约市中心希尔顿酒店(New York Hilton Midtown),ctrip,2024-08-26T11:28:34,2024-07,JIYACHUN,30,点评专家,False,发布于江苏,家庭亲子,无障碍城景两张双人床房带淋浴,CN,4.5,很好,Cleanliness: 4.0; Location: 5.0; Service: 5.0; Facilities: 4.0,"地理位置佳，交通便利。
房间不算大，设施相对陈旧，相对国内同档次酒店逊色不少。
谈不上有什么服务，但前台还是热情耐心的",,False,True,0,0,False,,,"# 纽约市中心希尔顿酒店(New York Hilton Midtown) review (Ctrip)

**Rating:** 4.5/5 ★★★★☆
**Travel type:** 家庭亲子

## Review
地理位置佳，交通便利。
房间不算大，设施相对陈旧，相对国内同档次酒店逊色不少。
谈不上有什么服务，但前台还是热情耐心的",https://hotels.ctrip.com/hotels/1352621.html
1525334801,1352621,纽约市中心希尔顿酒店(New York Hilton Midtown),ctrip,2025-05-19T13:05:49,2025-04,,22,点评达人,True,发布于北京,商务出差,都市两张双人床房,CN,4.5,很好,Cleanliness: 5.0; Location: 4.5; Service: 4.5; Facilities: 4.0,位置很方便，客人总是不少。电梯和设施待改进,,False,True,0,0,False,,,"# 纽约市中心希尔顿酒店(New York Hilton Midtown) review (Ctrip)

**Rating:** 4.5/5 ★★★★☆
**Travel type:** 商务出差

## Review
位置很方便，客人总是不少。电梯和设施待改进",https://hotels.ctrip.com/hotels/1352621.html
1048230477,1352621,纽约市中心希尔顿酒店(New York Hilton Midtown),ctrip,2024-02-23T08:04:53,2024-02,,1,,True,,家庭亲子,都市两张双人床房,ko,4.5,很好,Cleanliness: 3.0; Location: 5.0; Service: 5.0; Facilities: 5.0,"하단에는 한글을 아는사람은 무슨말인지 알게끔 적어둡니다

- 위치 겁나 좋습니다
1.바로 앞에 moma미술관
2.후문으로 나가 10분만 걸어가면 타임스퀘어 
3.moma미술관 다음블럭은 쇼핑거리에 걍 겁내좋아요 

- 소음 생각보다 없습니다
옆방 소리도 안나구요, 사이렌 소린 어쩔수 없지만 제가 묵은 동안엔 저녁 8시 이후에 사이렌 울린적이 없었어요

- 새벽부터 다니시지 마시고 10시이후부터 일정을 해보세요
여기 침구,침대가 거어어업나 편합니다
걍 숙면에 최적화 되어있습니다!
+수면시에는 히터를 끄시는덜 추천해요
(내 기관지와 피부는 소중하니까)
+쇼파 꼭 앉아보세요.... 진짜요.....

- 조식 그럭저럭 괜찮습니다
중앙에 요리사님께 와플/오믈렛을 받을 수 있어요
꼭드세요.....
+오믈렛에는 치즈 덜 넣어달라 하시는게 짜지 않게 먹을수 있습니다!

-resort fee라는게 영수증을 보시면 매일 영수됩니다
하루에 30$이하로 힐튼의 제한된 시설 이용과 구매를 할 수 있습니다
안쓰면 그날은 30$ 걍 날린거니 꼭 쓰세요!
+개인적인 추천은 1층 후문쪽 herb N kitchen에서 음료나 과자 샌드위치를 구매하셔서 아침식사 대용이나 돌아다니면서 먹을 것을 사는 것입니다(여기 물 jola비싸)


×아뉘 이놂의 쉬키들은 R리췤크인을 하면 그거에 대한 텤s랑 ho퉬이용ryo를 붙여요

×호텔 가곀과 엨스트라촤쥐만 보고 오싱분들은 위에 말했죠?
텤s랑 ho퉬이용ryo 붙는다고
1밬당 bo증금이 오쉽달뤄인데요 이걸 호텔 예약시 사용한 카드에 체크인 하자마자 결제하고 홀딩시킵니다
그리고,엨스트라촤쥐또한 같습니다

갑자기 돈 카드로 많이 긁혔다고 놀라지마세요

체크아웃시 홀딩된 금액은 5~ 운안좋게는 14일 걸린다네요

트레블월렛카드 쓰지마시고 본인체크카드 쓰는게 멘탈에 좋습니다

×캌튜ㅔ일봐 가쥬ㅣ마새요
in종ㅊr별당하고 클럐임걸어서 조치받았습니다
냬가 영어공부 했어서 다행이다....🥹

x웬만하면 하웃수퀴핑 쉰청하지 마세오
수건이 모자라거나 정말 청소가 필요 할 때만 하세요
제 방에는 체ㅋ인부터 아웉까지 침대빝에 아가야 사퇑이 있었답니다... 욛실 머뤼카락은 덤^^

×들어오쉬면 물 없ㄷ고 종ㅎ이컵도 옶습니다
컨ㅅ어지에 전화하세요
컶과 물 두볗 for free인지 뭍go 받으세요
아니면 걍 화장실 양치컵 쓰라 합니다


근데 위치 안전 침구 때문에 담에 또 올거란 슬픈이야기...
우리 모두 행복여행 할때까지 화이팅!","以下是写给懂韩语的朋友的补充内容。

- **地理位置绝佳**：
  1. 就在MOMA（现代艺术博物馆）对面。
  2. 从后门出去，步行10分钟就到时代广场了。
  3. MOMA旁边的街区就是购物区，非常棒。

- **噪音比想象中小**：
  隔壁房间听不到声音，警笛声是没办法的，但我住的时候晚上8点以后就没有警笛声了。

- **建议10点以后再开始行程**：
  这里的床品和床具超级舒服，简直是为深度睡眠量身定制！
  + 睡觉时建议关掉暖气（毕竟我的气管和皮肤都很娇贵）。
  + 一定要试试沙发，真的非常舒服！

- **早餐还行**：
  中央有厨师可以为你做华夫饼和煎蛋卷。一定要尝尝！
  + 煎蛋卷建议少放点奶酪，这样就不会太咸了！

- **度假费（Resort Fee）**：
  看看收据就会发现，每天都会收取度假费。每天30美元以下，可以用它来使用希尔顿酒店的某些设施或购买商品。不用就白白浪费了这30美元，所以一定要用掉！
  + 我个人推荐去一楼后门处的“Herb N Kitchen”买饮料、零食或三明治，可以作为早餐替代品，或者边走边吃（这里的水巨贵）。

× 提醒：这家酒店提前办理入住（Early Check-in）会收取额外的税费和酒店使用费。

× 如果只看了酒店价格和额外费用就来的朋友，就像我上面说的，他们会收取税费和酒店使用费。每晚50美元的押金，会在你办理入住时立即从你预订酒店时使用的银行卡中扣除并冻结。额外费用也是一样。

所以，当你的银行卡突然被扣了很多钱时，不要惊讶。

退房时，被冻结的金额通常需要5天，运气不好可能要14天才能解冻。

建议不要使用旅行钱包卡（Travel Wallet Card），用你自己的借记卡会让你省心很多。

× **不要去酒吧**：
  我遇到了种族歧视，后来投诉后得到了处理。幸亏我学过英语……🥹

× **尽量不要申请客房清洁服务**：
  除非你真的需要更多毛巾，或者房间非常脏才叫客房服务。我房间里从入住到退房，床底下都有一颗小糖果……浴室里还有头发，简直是附赠的。

× **入住时房间里没有水，也没有纸杯**：
  请打电话给前台（Concierge），询问是否可以免费提供两瓶水和两个杯子，否则他们会让你用浴室里的漱口杯。

但是，因为地理位置、安全性和床品舒适度，我下次可能还会选择这里……这是一件悲伤的事情。

祝大家都能有一次愉快的旅行！加油！",True,True,12,0,False,,,"# 纽约市中心希尔顿酒店(New York Hilton Midtown) review (Ctrip)

**Rating:** 4.5/5 ★★★★☆
**Travel type:** 家庭亲子

## Review
하단에는 한글을 아는사람은 무슨말인지 알게끔 적어둡니다

- 위치 겁나 좋습니다
1.바로 앞에 moma미술관
2.후문으로 나가 10분만 걸어가면 타임스퀘어 
3.moma미술관 다음블럭은 쇼핑거리에 걍 겁내좋아요 

- 소음 생각보다 없습니다
옆방 소리도 안나구요, 사이렌 소린 어쩔수 없지만 제가 묵은 동안엔 저녁 8시 이후에 사이렌 울린적이 없었어요

- 새벽부터 다니시지 마시고 10시이후부터 일정을 해보세요
여기 침구,침대가 거어어업나 편합니다
걍 숙면에 최적화 되어있습니다!
+수면시에는 히터를 끄시는덜 추천해요
(내 기관지와 피부는 소중하니까)
+쇼파 꼭 앉아보세요.... 진짜요.....

- 조식 그럭저럭 괜찮습니다
중앙에 요리사님께 와플/오믈렛을 받을 수 있어요
꼭드세요.....
+오믈렛에는 치즈 덜 넣어달라 하시는게 짜지 않게 먹을수 있습니다!

-resort fee라는게 영수증을 보시면 매일 영수됩니다
하루에 30$이하로 힐튼의 제한된 시설 이용과 구매를 할 수 있습니다
안쓰면 그날은 30$ 걍 날린거니 꼭 쓰세요!
+개인적인 추천은 1층 후문쪽 herb N kitchen에서 음료나 과자 샌드위치를 구매하셔서 아침식사 대용이나 돌아다니면서 먹을 것을 사는 것입니다(여기 물 jola비싸)


×아뉘 이놂의 쉬키들은 R리췤크인을 하면 그거에 대한 텤s랑 ho퉬이용ryo를 붙여요

×호텔 가곀과 엨스트라촤쥐만 보고 오싱분들은 위에 말했죠?
텤s랑 ho퉬이용ryo 붙는다고
1밬당 bo증금이 오쉽달뤄인데요 이걸 호텔 예약시 사용한 카드에 체크인 하자마자 결제하고 홀딩시킵니다
그리고,엨스트라촤쥐또한 같습니다

갑자기 돈 카드로 많이 긁혔다고 놀라지마세요

체크아웃시 홀딩된 금액은 5~ 운안좋게는 14일 걸린다네요

트레블월렛카드 쓰지마시고 본인체크카드 쓰는게 멘탈에 좋습니다

×캌튜ㅔ일봐 가쥬ㅣ마새요
in종ㅊr별당하고 클럐임걸어서 조치받았습니다
냬가 영어공부 했어서 다행이다....🥹

x웬만하면 하웃수퀴핑 쉰청하지 마세오
수건이 모자라거나 정말 청소가 필요 할 때만 하세요
제 방에는 체ㅋ인부터 아웉까지 침대빝에 아가야 사퇑이 있었답니다... 욛실 머뤼카락은 덤^^

×들어오쉬면 물 없ㄷ고 종ㅎ이컵도 옶습니다
컨ㅅ어지에 전화하세요
컶과 물 두볗 for free인지 뭍go 받으세요
아니면 걍 화장실 양치컵 쓰라 합니다


근데 위치 안전 침구 때문에 담에 또 올거란 슬픈이야기...
우리 모두 행복여행 할때까지 화이팅!

## Translation
以下是写给懂韩语的朋友的补充内容。

- **地理位置绝佳**：
  1. 就在MOMA（现代艺术博物馆）对面。
  2. 从后门出去，步行10分钟就到时代广场了。
  3. MOMA旁边的街区就是购物区，非常棒。

- **噪音比想象中小**：
  隔壁房间听不到声音，警笛声是没办法的，但我住的时候晚上8点以后就没有警笛声了。

- **建议10点以后再开始行程**：
  这里的床品和床具超级舒服，简直是为深度睡眠量身定制！
  + 睡觉时建议关掉暖气（毕竟我的气管和皮肤都很娇贵）。
  + 一定要试试沙发，真的非常舒服！

- **早餐还行**：
  中央有厨师可以为你做华夫饼和煎蛋卷。一定要尝尝！
  + 煎蛋卷建议少放点奶酪，这样就不会太咸了！

- **度假费（Resort Fee）**：
  看看收据就会发现，每天都会收取度假费。每天30美元以下，可以用它来使用希尔顿酒店的某些设施或购买商品。不用就白白浪费了这30美元，所以一定要用掉！
  + 我个人推荐去一楼后门处的“Herb N Kitchen”买饮料、零食或三明治，可以作为早餐替代品，或者边走边吃（这里的水巨贵）。

× 提醒：这家酒店提前办理入住（Early Check-in）会收取额外的税费和酒店使用费。

× 如果只看了酒店价格和额外费用就来的朋友，就像我上面说的，他们会收取税费和酒店使用费。每晚50美元的押金，会在你办理入住时立即从你预订酒店时使用的银行卡中扣除并冻结。额外费用也是一样。

所以，当你的银行卡突然被扣了很多钱时，不要惊讶。

退房时，被冻结的金额通常需要5天，运气不好可能要14天才能解冻。

建议不要使用旅行钱包卡（Travel Wallet Card），用你自己的借记卡会让你省心很多。

× **不要去酒吧**：
  我遇到了种族歧视，后来投诉后得到了处理。幸亏我学过英语……🥹

× **尽量不要申请客房清洁服务**：
  除非你真的需要更多毛巾，或者房间非常脏才叫客房服务。我房间里从入住到退房，床底下都有一颗小糖果……浴室里还有头发，简直是附赠的。

× **入住时房间里没有水，也没有纸杯**：
  请打电话给前台（Concierge），询问是否可以免费提供两瓶水和两个杯子，否则他们会让你用浴室里的漱口杯。

但是，因为地理位置、安全性和床品舒适度，我下次可能还会选择这里……这是一件悲伤的事情。

祝大家都能有一次愉快的旅行！加油！",https://hotels.ctrip.com/hotels/1352621.html
918948969,1352621,纽约市中心希尔顿酒店(New York Hilton Midtown),ctrip,2023-09-05T04:23:17,2023-09,Life is in the way,17,点评达人,False,发布于北京,商务出差,市景间 - 带1张特大床、无障碍通道和w/RI淋浴<1>,CN,4.5,很好,Cleanliness: 5.0; Location: 5.0; Service: 4.0; Facilities: 4.0,位置好，睡觉安静，但酒店设施陈旧，前台没有服务意识。存放行李需要收每件5刀；很近中央公园和时代广场，观光旅游首选。,,False,True,2,9,False,,,"# 纽约市中心希尔顿酒店(New York Hilton Midtown) review (Ctrip)

**Rating:** 4.5/5 ★★★★☆
**Travel type:** 商务出差

## Review
位置好，睡觉安静，但酒店设施陈旧，前台没有服务意识。存放行李需要收每件5刀；很近中央公园和时代广场，观光旅游首选。",https://hotels.ctrip.com/hotels/1352621.html
1222844849,1352621,纽约市中心希尔顿酒店(New York Hilton Midtown),ctrip,2024-08-16T07:24:38,2024-08,,10,点评达人,True,发布于北京,家庭亲子,城市特大床房,CN,4.5,很好,Cleanliness: 5.0; Location: 5.0; Service: 4.0; Facilities: 4.0,房间干净，服务态度好，出行非常方便，周围很多吃的，购物方便。,,False,True,0,0,False,,,"# 纽约市中心希尔顿酒店(New York Hilton Midtown) review (Ctrip)

**Rating:** 4.5/5 ★★★★☆
**Travel type:** 家庭亲子

## Review
房间干净，服务态度好，出行非常方便，周围很多吃的，购物方便。",https://hotels.ctrip.com/hotels/1352621.html
1275081117,1352621,纽约市中心希尔顿酒店(New York Hilton Midtown),ctrip,2024-09-30T10:52:25,2024-07,John Hanson Z,29,点评达人,False,发布于加拿大,朋友出游,都市两张双人床房,CN,4.5,很好,Cleanliness: 5.0; Location: 5.0; Service: 5.0; Facilities: 3.0,都还可以，客房保洁服务可以，别的服务约等于零,,False,True,0,0,False,,,"# 纽约市中心希尔顿酒店(New York Hilton Midtown) review (Ctrip)

**Rating:** 4.5/5 ★★★★☆
**Travel type:** 朋友出游

## Review
都还可以，客房保洁服务可以，别的服务约等于零",https://hotels.ctrip.com/hotels/1352621.html
1011370835,1352621,纽约市中心希尔顿酒店(New York Hilton Midtown),ctrip,2024-01-04T10:41:32,2023-12,爬山虎与小洋楼,6,点评达人,False,发布于天津,朋友出游,尊贵转角两张双人床房,CN,4.5,很好,Cleanliness: 5.0; Location: 5.0; Service: 4.0; Facilities: 4.0,比较满意，但是好像比其他希尔顿酒店的标准略低，不过地理位置优越，去哪里都方便,,False,True,0,0,False,,,"# 纽约市中心希尔顿酒店(New York Hilton Midtown) review (Ctrip)

**Rating:** 4.5/5 ★★★★☆
**Travel type:** 朋友出游

## Review
比较满意，但是好像比其他希尔顿酒店的标准略低，不过地理位置优越，去哪里都方便",https://hotels.ctrip.com/hotels/1352621.html
960044255,1352621,纽约市中心希尔顿酒店(New York Hilton Midtown),ctrip,2023-10-26T13:48:06,2023-08,,3,点评新星,True,发布于辽宁,家庭亲子,都市特大床房,CN,4.5,很好,Cleanliness: 5.0; Location: 5.0; Service: 4.0; Facilities: 4.0,位置好，房间大，其他中规中矩,,False,True,0,0,False,,,"# 纽约市中心希尔顿酒店(New York Hilton Midtown) review (Ctrip)

**Rating:** 4.5/5 ★★★★☆
**Travel type:** 家庭亲子

## Review
位置好，房间大，其他中规中矩",https://hotels.ctrip.com/hotels/1352621.html
951833074,1352621,纽约市中心希尔顿酒店(New York Hilton Midtown),ctrip,2023-10-15T16:40:41,2023-10,,3,,True,,朋友出游,城市两张双人床房,ko,4.5,很好,Cleanliness: 5.0; Location: 5.0; Service: 3.0; Facilities: 5.0,깔끔하고 좋습니다.,干净整洁，非常不错。,True,True,0,0,False,,,"# 纽约市中心希尔顿酒店(New York Hilton Midtown) review (Ctrip)

**Rating:** 4.5/5 ★★★★☆
**Travel type:** 朋友出游

## Review
깔끔하고 좋습니다.

## Translation
干净整洁，非常不错。",https://hotels.ctrip.com/hotels/1352621.html
939358010,1352621,纽约市中心希尔顿酒店(New York Hilton Midtown),ctrip,2023-10-02T05:19:39,2023-09,,23,,True,,家庭亲子,城市特大床房,ko,4.5,很好,Cleanliness: 5.0; Location: 5.0; Service: 4.0; Facilities: 4.0,최고의 위치입니다.,位置绝佳。,True,True,0,0,False,,,"# 纽约市中心希尔顿酒店(New York Hilton Midtown) review (Ctrip)

**Rating:** 4.5/5 ★★★★☆
**Travel type:** 家庭亲子

## Review
최고의 위치입니다.

## Translation
位置绝佳。",https://hotels.ctrip.com/hotels/1352621.html
896223248,1352621,纽约市中心希尔顿酒店(New York Hilton Midtown),ctrip,2023-08-13T01:31:08,2023-08,,104,,True,,家庭亲子,城市两张双人床房(听觉无障碍),en,4.5,很好,Cleanliness: 4.0; Location: 5.0; Service: 4.0; Facilities: 5.0,Good hotel,好酒店,True,True,0,0,False,,,"# 纽约市中心希尔顿酒店(New York Hilton Midtown) review (Ctrip)

**Rating:** 4.5/5 ★★★★☆
**Travel type:** 家庭亲子

## Review
Good hotel

## Translation
好酒店",https://hotels.ctrip.com/hotels/1352621.html
1910761848,1352621,纽约市中心希尔顿酒店(New York Hilton Midtown),ctrip,2026-04-14T22:29:57,2026-04,,23,,True,,家庭亲子,都市大床房,th,4.5,很好,Cleanliness: 5.0; Location: 5.0; Service: 4.0; Facilities: 4.0,โรงแรมกลางใจเมืองมหานครนิวยอร์ก ห้องกว้าง สะอาด เดินทางสะดวกมาก,位于纽约市中心的一家酒店。房间宽敞干净，出行非常方便。,True,True,0,2,False,,,"# 纽约市中心希尔顿酒店(New York Hilton Midtown) review (Ctrip)

**Rating:** 4.5/5 ★★★★☆
**Travel type:** 家庭亲子

## Review
โรงแรมกลางใจเมืองมหานครนิวยอร์ก ห้องกว้าง สะอาด เดินทางสะดวกมาก

## Translation
位于纽约市中心的一家酒店。房间宽敞干净，出行非常方便。",https://hotels.ctrip.com/hotels/1352621.html
1892227974,1352621,纽约市中心希尔顿酒店(New York Hilton Midtown),ctrip,2026-03-30T14:23:34,2026-02,Christina517,12,,False,,家庭亲子,都市大床房,ko,4.5,很好,Cleanliness: 5.0; Location: 5.0; Service: 4.0; Facilities: 4.0,"직원들이 친절하고 내부시설도 좋은 편입니다.
호텔로비 기념품점에 귀여운 I LOVE NEW YORK인형이 시즌별로 바뀌는 듯하고 비써지 않으면서도 구매할만한 상품둘이 꽤 있어요.
센트럴파크도 가깝고 주변을 걸으면서 관광할 뉴욕의 명소들이 많아요","员工热情友好，设施也相当不错。

酒店大堂的纪念品商店里有可爱的“我爱纽约”玩偶，款式似乎会随季节更换，还有不少物美价廉的纪念品值得购买。

中央公园就在附近，周边有很多纽约景点，步行即可轻松游览。",True,True,1,0,False,,,"# 纽约市中心希尔顿酒店(New York Hilton Midtown) review (Ctrip)

**Rating:** 4.5/5 ★★★★☆
**Travel type:** 家庭亲子

## Review
직원들이 친절하고 내부시설도 좋은 편입니다.
호텔로비 기념품점에 귀여운 I LOVE NEW YORK인형이 시즌별로 바뀌는 듯하고 비써지 않으면서도 구매할만한 상품둘이 꽤 있어요.
센트럴파크도 가깝고 주변을 걸으면서 관광할 뉴욕의 명소들이 많아요

## Translation
员工热情友好，设施也相当不错。

酒店大堂的纪念品商店里有可爱的“我爱纽约”玩偶，款式似乎会随季节更换，还有不少物美价廉的纪念品值得购买。

中央公园就在附近，周边有很多纽约景点，步行即可轻松游览。",https://hotels.ctrip.com/hotels/1352621.html
1860313184,1352621,纽约市中心希尔顿酒店(New York Hilton Midtown),ctrip,2026-02-27T17:50:53,2026-02,,1,,True,,商务出差,都市特大床房,es,4.5,很好,Cleanliness: 5.0; Location: 5.0; Service: 5.0; Facilities: 3.0,"Fue una lastima que quitaran ña
Puertq cochera del hotel para poner locales comerciales ahora uno se tiene que mojar o congelar para esperar un taxi
Le falta un mejor restaurante dentro del
Hotel",酒店把车库拆了改成商店，真是太可惜了；现在等出租车的时候，要么淋雨要么挨冻。酒店也需要一家更好的餐厅。,True,True,0,0,False,,,"# 纽约市中心希尔顿酒店(New York Hilton Midtown) review (Ctrip)

**Rating:** 4.5/5 ★★★★☆
**Travel type:** 商务出差

## Review
Fue una lastima que quitaran ña
Puertq cochera del hotel para poner locales comerciales ahora uno se tiene que mojar o congelar para esperar un taxi
Le falta un mejor restaurante dentro del
Hotel

## Translation
酒店把车库拆了改成商店，真是太可惜了；现在等出租车的时候，要么淋雨要么挨冻。酒店也需要一家更好的餐厅。",https://hotels.ctrip.com/hotels/1352621.html
1948081047,1352621,纽约市中心希尔顿酒店(New York Hilton Midtown),ctrip,2026-05-15T01:54:57,2026-05,,4,点评新星,True,发布于美国,商务出差,都市特大床房,en,4.5,很好,Cleanliness: 5.0; Location: 5.0; Service: 5.0; Facilities: 3.0,Old but still very nice,虽然老旧，但依然很漂亮,True,True,0,0,False,,,"# 纽约市中心希尔顿酒店(New York Hilton Midtown) review (Ctrip)

**Rating:** 4.5/5 ★★★★☆
**Travel type:** 商务出差

## Review
Old but still very nice

## Translation
虽然老旧，但依然很漂亮",https://hotels.ctrip.com/hotels/1352621.html
1808155045,1352621,纽约市中心希尔顿酒店(New York Hilton Midtown),ctrip,2026-01-08T07:46:12,2026-01,麦趣之旅,10,点评达人,False,发布于江苏,家庭亲子,都市两张双人床房,CN,4.2,,Cleanliness: 5.0; Location: 5.0; Service: 4.0; Facilities: 3.0,位置好，周边步行距离景点餐馆选择多，房间大，当然价格比其它周边酒店也高。酒店不配牙膏拖鞋是美国酒店常规，但可电话要牙膏牙刷。,,False,True,0,3,False,,,"# 纽约市中心希尔顿酒店(New York Hilton Midtown) review (Ctrip)

**Rating:** 4.2/5 ★★★★☆
**Travel type:** 家庭亲子

## Review
位置好，周边步行距离景点餐馆选择多，房间大，当然价格比其它周边酒店也高。酒店不配牙膏拖鞋是美国酒店常规，但可电话要牙膏牙刷。",https://hotels.ctrip.com/hotels/1352621.html
1589342541,1352621,纽约市中心希尔顿酒店(New York Hilton Midtown),ctrip,2025-07-13T04:41:15,2025-07,,3,点评新星,True,发布于美国,家庭亲子,城市特大床房,CN,4.2,,Cleanliness: 4.5; Location: 4.5; Service: 4.0; Facilities: 4.0,地理位置很优越，就在MoMA对面，走几分钟到中央公园，时代广场，第五大道，周围餐厅超市都很多。房间卫生尚可，早餐可以。因为旧了，电梯效率比较低。,,False,True,1,3,False,,,"# 纽约市中心希尔顿酒店(New York Hilton Midtown) review (Ctrip)

**Rating:** 4.2/5 ★★★★☆
**Travel type:** 家庭亲子

## Review
地理位置很优越，就在MoMA对面，走几分钟到中央公园，时代广场，第五大道，周围餐厅超市都很多。房间卫生尚可，早餐可以。因为旧了，电梯效率比较低。",https://hotels.ctrip.com/hotels/1352621.html
1508549160,1352621,纽约市中心希尔顿酒店(New York Hilton Midtown),ctrip,2025-05-05T19:53:54,2025-05,,14,,True,,商务出差,都市大床房,en,4.2,,Cleanliness: 4.0; Location: 5.0; Service: 4.0; Facilities: 4.0,"Location was perfect as it was located in the middle of Manhattan. Convenient to go anywhere really. Room was clean but not spotless. It is the US, not Asia 😂. All in all, pretty satisfied but the price was high during my stay.",酒店位置绝佳，就在曼哈顿市中心，去哪儿都特别方便。房间挺干净的，但谈不上一尘不染，毕竟这是在美国，不是亚洲嘛，哈哈。总的来说，住得还挺满意的，就是我住那几天价格有点高。,True,True,0,3,False,,,"# 纽约市中心希尔顿酒店(New York Hilton Midtown) review (Ctrip)

**Rating:** 4.2/5 ★★★★☆
**Travel type:** 商务出差

## Review
Location was perfect as it was located in the middle of Manhattan. Convenient to go anywhere really. Room was clean but not spotless. It is the US, not Asia 😂. All in all, pretty satisfied but the price was high during my stay.

## Translation
酒店位置绝佳，就在曼哈顿市中心，去哪儿都特别方便。房间挺干净的，但谈不上一尘不染，毕竟这是在美国，不是亚洲嘛，哈哈。总的来说，住得还挺满意的，就是我住那几天价格有点高。",https://hotels.ctrip.com/hotels/1352621.html
1496651157,1352621,纽约市中心希尔顿酒店(New York Hilton Midtown),ctrip,2025-04-25T16:35:46,2025-04,,5,点评达人,True,发布于山西,代人预订,市景间 - 带1张特大床、无障碍通道和w/RI淋浴,CN,4.2,,Cleanliness: 4.0; Location: 5.0; Service: 4.0; Facilities: 4.0,订的大床房结果给了双床，位置非常方便，听音乐会特方便。纽约市中心位置，离moma也很近，去看展览也很方便啊。,,False,True,1,3,False,,,"# 纽约市中心希尔顿酒店(New York Hilton Midtown) review (Ctrip)

**Rating:** 4.2/5 ★★★★☆
**Travel type:** 代人预订

## Review
订的大床房结果给了双床，位置非常方便，听音乐会特方便。纽约市中心位置，离moma也很近，去看展览也很方便啊。",https://hotels.ctrip.com/hotels/1352621.html
1413195024,1352621,纽约市中心希尔顿酒店(New York Hilton Midtown),ctrip,2025-02-06T07:06:40,2025-02,,1,,True,,独自旅行,都市大床房,en,4.2,,Cleanliness: 5.0; Location: 5.0; Service: 5.0; Facilities: 2.0,"Why don’t have toothpaste and toothbrush? It’s five stars hotel ? It’s very strange and don’t comfortable. You need add this items . 
Thanks for possibly to use cash deposit. It’s real thanks a lot .","为什么没有牙膏和牙刷？这可是五星级酒店啊？太奇怪了，感觉很不舒服。你们应该提供这些基本用品的。

不过，非常感谢可以现金支付押金，这点真的非常感谢！",True,True,0,2,False,,,"# 纽约市中心希尔顿酒店(New York Hilton Midtown) review (Ctrip)

**Rating:** 4.2/5 ★★★★☆
**Travel type:** 独自旅行

## Review
Why don’t have toothpaste and toothbrush? It’s five stars hotel ? It’s very strange and don’t comfortable. You need add this items . 
Thanks for possibly to use cash deposit. It’s real thanks a lot .

## Translation
为什么没有牙膏和牙刷？这可是五星级酒店啊？太奇怪了，感觉很不舒服。你们应该提供这些基本用品的。

不过，非常感谢可以现金支付押金，这点真的非常感谢！",https://hotels.ctrip.com/hotels/1352621.html
1983813869,1352621,纽约市中心希尔顿酒店(New York Hilton Midtown),ctrip,2026-06-14T07:04:48,2026-05,如月之清,26,点评达人,False,发布于河南,家庭亲子,都市两张双人床房,CN,4.2,,Cleanliness: 5.0; Location: 4.0; Service: 4.0; Facilities: 4.0,离met和中央公园近，周边吃的也很多，下次还会选,,False,True,0,0,False,,,"# 纽约市中心希尔顿酒店(New York Hilton Midtown) review (Ctrip)

**Rating:** 4.2/5 ★★★★☆
**Travel type:** 家庭亲子

## Review
离met和中央公园近，周边吃的也很多，下次还会选",https://hotels.ctrip.com/hotels/1352621.html
1524562963,1352621,纽约市中心希尔顿酒店(New York Hilton Midtown),ctrip,2025-05-19T05:06:49,2025-05,,16,点评达人,True,发布于中国香港,家庭亲子,都市两张双人床房,CN,4.2,,Cleanliness: 4.0; Location: 5.0; Service: 4.0; Facilities: 4.0,酒店位置优越，出行方便，房间还算宽敞，家具设施陈旧了，床单毛巾也显旧。适合在曼哈顿旅游观光，价格偏贵。服务态度还好，没有遇见甩脸色，也可能是小费到位吧。携程预订的信息有误，沟通完很快回应解决了。,,False,True,0,0,False,,,"# 纽约市中心希尔顿酒店(New York Hilton Midtown) review (Ctrip)

**Rating:** 4.2/5 ★★★★☆
**Travel type:** 家庭亲子

## Review
酒店位置优越，出行方便，房间还算宽敞，家具设施陈旧了，床单毛巾也显旧。适合在曼哈顿旅游观光，价格偏贵。服务态度还好，没有遇见甩脸色，也可能是小费到位吧。携程预订的信息有误，沟通完很快回应解决了。",https://hotels.ctrip.com/hotels/1352621.html
1492715386,1352621,纽约市中心希尔顿酒店(New York Hilton Midtown),ctrip,2025-04-22T12:05:21,2025-04,goVedat,7,,False,,家庭亲子,都市两张双人床房,de,4.2,,Cleanliness: 4.0; Location: 5.0; Service: 4.0; Facilities: 4.0,"Positiv:
Alles super. Top Lage. Zimmer ausreichend groß. 

Negativ:
Hotel sehr groß deshalb viel Menschenverkehr in der Lobby bzw. den Aufzügen. Frühstück viel zu teuer. Möbel in den Zimmern sind alt und abgenutzt.

Ich würde vermutlich wieder dort buchen da ich die Lage sehr gut fand.","优点：
一切都很棒。地理位置极佳。房间大小适中。

缺点：
酒店很大，所以大堂和电梯里人流量很大。早餐太贵了。房间里的家具老旧破损。

我可能还会再订这家酒店，因为我非常喜欢它的位置。",True,True,0,0,False,,,"# 纽约市中心希尔顿酒店(New York Hilton Midtown) review (Ctrip)

**Rating:** 4.2/5 ★★★★☆
**Travel type:** 家庭亲子

## Review
Positiv:
Alles super. Top Lage. Zimmer ausreichend groß. 

Negativ:
Hotel sehr groß deshalb viel Menschenverkehr in der Lobby bzw. den Aufzügen. Frühstück viel zu teuer. Möbel in den Zimmern sind alt und abgenutzt.

Ich würde vermutlich wieder dort buchen da ich die Lage sehr gut fand.

## Translation
优点：
一切都很棒。地理位置极佳。房间大小适中。

缺点：
酒店很大，所以大堂和电梯里人流量很大。早餐太贵了。房间里的家具老旧破损。

我可能还会再订这家酒店，因为我非常喜欢它的位置。",https://hotels.ctrip.com/hotels/1352621.html
1683561742,1352621,纽约市中心希尔顿酒店(New York Hilton Midtown),ctrip,2025-09-24T23:35:56,2025-09,,1,,True,,商务出差,都市两张双人床房,ja,4.2,,Cleanliness: 4.0; Location: 5.0; Service: 5.0; Facilities: 3.0,ロケーションが最高でした！アメニティは付いていませんので、持参が必要です。シャンプーも持参をおすすめします。,地理位置绝佳！不提供洗漱用品，需要自带。建议也带上洗发水。,True,True,0,0,False,,,"# 纽约市中心希尔顿酒店(New York Hilton Midtown) review (Ctrip)

**Rating:** 4.2/5 ★★★★☆
**Travel type:** 商务出差

## Review
ロケーションが最高でした！アメニティは付いていませんので、持参が必要です。シャンプーも持参をおすすめします。

## Translation
地理位置绝佳！不提供洗漱用品，需要自带。建议也带上洗发水。",https://hotels.ctrip.com/hotels/1352621.html
1179484455,1352621,纽约市中心希尔顿酒店(New York Hilton Midtown),ctrip,2024-07-16T08:48:06,2024-07,,90,点评专家,True,发布于英国,家庭亲子,都市特大床房,CN,4.2,,Cleanliness: 4.0; Location: 5.0; Service: 4.0; Facilities: 4.0,位置不错走去第五大道和时代广场都很近，第六大道也相对比较安全！酒店很大人很多，常常都要等电梯！就是酒店比较旧了，设施老旧，房间里也没有冰箱，寄存行李还要收费，每个5美元！,,False,True,0,0,False,,,"# 纽约市中心希尔顿酒店(New York Hilton Midtown) review (Ctrip)

**Rating:** 4.2/5 ★★★★☆
**Travel type:** 家庭亲子

## Review
位置不错走去第五大道和时代广场都很近，第六大道也相对比较安全！酒店很大人很多，常常都要等电梯！就是酒店比较旧了，设施老旧，房间里也没有冰箱，寄存行李还要收费，每个5美元！",https://hotels.ctrip.com/hotels/1352621.html
1156912443,1352621,纽约市中心希尔顿酒店(New York Hilton Midtown),ctrip,2024-06-27T04:54:24,2024-06,Lynnvi vi,18,点评达人,False,发布于美国,家庭亲子,城市两张双人床房,CN,4.2,,Cleanliness: 5.0; Location: 5.0; Service: 3.0; Facilities: 4.0,在纽约这个寸土寸金的地方，希尔顿的房间还是挺大的，大堂也大就是人特别多，前台排队登记要好久，吃饭的时候人也多，总体来说位置各方面还是有优势的,,False,True,0,0,False,,,"# 纽约市中心希尔顿酒店(New York Hilton Midtown) review (Ctrip)

**Rating:** 4.2/5 ★★★★☆
**Travel type:** 家庭亲子

## Review
在纽约这个寸土寸金的地方，希尔顿的房间还是挺大的，大堂也大就是人特别多，前台排队登记要好久，吃饭的时候人也多，总体来说位置各方面还是有优势的",https://hotels.ctrip.com/hotels/1352621.html
1224252855,1352621,纽约市中心希尔顿酒店(New York Hilton Midtown),ctrip,2024-08-17T09:30:58,2024-08,,3,,True,,朋友出游,都市特大床房,en,4.2,,Cleanliness: 5.0; Location: 5.0; Service: 4.0; Facilities: 3.0,"Destination charge was unexpected expense, I do not understand why it doesn’t notice before I book. That was very disappointing and other stuffs are good",目的地费是个意想不到的额外开销，我不明白为什么预订前没有告知。这让人非常失望，不过其他方面都还不错。,True,True,0,0,False,,,"# 纽约市中心希尔顿酒店(New York Hilton Midtown) review (Ctrip)

**Rating:** 4.2/5 ★★★★☆
**Travel type:** 朋友出游

## Review
Destination charge was unexpected expense, I do not understand why it doesn’t notice before I book. That was very disappointing and other stuffs are good

## Translation
目的地费是个意想不到的额外开销，我不明白为什么预订前没有告知。这让人非常失望，不过其他方面都还不错。",https://hotels.ctrip.com/hotels/1352621.html
1117891249,1352621,纽约市中心希尔顿酒店(New York Hilton Midtown),ctrip,2024-05-16T09:36:02,2024-04,jscherbak,7,,False,,商务出差,都市大床房,en,4.2,,Cleanliness: 3.0; Location: 5.0; Service: 4.0; Facilities: 5.0,"good hotel to stay if you want to see NY 
Central park, Manhattan and all the sightseeings near",如果您想游览纽约中央公园、曼哈顿以及附近所有景点，这是个不错的酒店选择。,True,True,0,0,False,,,"# 纽约市中心希尔顿酒店(New York Hilton Midtown) review (Ctrip)

**Rating:** 4.2/5 ★★★★☆
**Travel type:** 商务出差

## Review
good hotel to stay if you want to see NY 
Central park, Manhattan and all the sightseeings near

## Translation
如果您想游览纽约中央公园、曼哈顿以及附近所有景点，这是个不错的酒店选择。",https://hotels.ctrip.com/hotels/1352621.html
1034293647,1352621,纽约市中心希尔顿酒店(New York Hilton Midtown),ctrip,2024-02-05T01:31:55,2024-01,,24,,True,,商务出差,城市特大床房(听觉无障碍),en,4.2,,Cleanliness: 4.0; Location: 5.0; Service: 4.0; Facilities: 4.0,"This is a good hotel for family or business trip, the location is good for shopping and dining place",这家酒店很适合家庭出游或商务差旅，地理位置优越，购物和餐饮都很方便。,True,True,0,0,False,,,"# 纽约市中心希尔顿酒店(New York Hilton Midtown) review (Ctrip)

**Rating:** 4.2/5 ★★★★☆
**Travel type:** 商务出差

## Review
This is a good hotel for family or business trip, the location is good for shopping and dining place

## Translation
这家酒店很适合家庭出游或商务差旅，地理位置优越，购物和餐饮都很方便。",https://hotels.ctrip.com/hotels/1352621.html
1116177499,1352621,纽约市中心希尔顿酒店(New York Hilton Midtown),ctrip,2024-05-14T19:43:08,2024-05,,1,,True,,朋友出游,都市特大床房,en,4.2,,Cleanliness: 4.0; Location: 4.0; Service: 5.0; Facilities: 4.0,Great location and great customer service,地理位置绝佳，客户服务也很棒。,True,True,1,0,False,,,"# 纽约市中心希尔顿酒店(New York Hilton Midtown) review (Ctrip)

**Rating:** 4.2/5 ★★★★☆
**Travel type:** 朋友出游

## Review
Great location and great customer service

## Translation
地理位置绝佳，客户服务也很棒。",https://hotels.ctrip.com/hotels/1352621.html
841956418,1352621,纽约市中心希尔顿酒店(New York Hilton Midtown),ctrip,2023-06-29T11:03:34,2023-06,,2,,True,,情侣出游,城市特大床房,ko,4.2,,Cleanliness: 4.0; Location: 5.0; Service: 4.0; Facilities: 4.0,"그럭저럭 머물만 했습니다. 
가까운 곳에 갈만한 곳이 있어서 괜찮네요","住得还算可以。
附近有可以去的地方，这点挺好的。",True,True,0,0,False,,,"# 纽约市中心希尔顿酒店(New York Hilton Midtown) review (Ctrip)

**Rating:** 4.2/5 ★★★★☆
**Travel type:** 情侣出游

## Review
그럭저럭 머물만 했습니다. 
가까운 곳에 갈만한 곳이 있어서 괜찮네요

## Translation
住得还算可以。
附近有可以去的地方，这点挺好的。",https://hotels.ctrip.com/hotels/1352621.html
843385348,1352621,纽约市中心希尔顿酒店(New York Hilton Midtown),ctrip,2023-06-30T08:53:16,2023-06,Cooler,38,,False,,商务出差,都市特大床房,en,4.2,,Cleanliness: 4.0; Location: 5.0; Service: 4.0; Facilities: 4.0,It was nice experience.,这是一次不错的体验。,True,True,0,0,False,,,"# 纽约市中心希尔顿酒店(New York Hilton Midtown) review (Ctrip)

**Rating:** 4.2/5 ★★★★☆
**Travel type:** 商务出差

## Review
It was nice experience.

## Translation
这是一次不错的体验。",https://hotels.ctrip.com/hotels/1352621.html
900645016,1352621,纽约市中心希尔顿酒店(New York Hilton Midtown),ctrip,2023-08-17T03:31:56,2023-08,Ohdell,2,,False,,家庭亲子,城市特大床房,ko,4.2,,Cleanliness: 4.0; Location: 5.0; Service: 4.0; Facilities: 4.0,위치는 너무 좋아요,地理位置非常好。,True,True,0,0,False,,,"# 纽约市中心希尔顿酒店(New York Hilton Midtown) review (Ctrip)

**Rating:** 4.2/5 ★★★★☆
**Travel type:** 家庭亲子

## Review
위치는 너무 좋아요

## Translation
地理位置非常好。",https://hotels.ctrip.com/hotels/1352621.html
1972372932,1352621,纽约市中心希尔顿酒店(New York Hilton Midtown),ctrip,2026-06-04T13:13:48,2026-06,,12,,True,,独自旅行,都市大床房,en,4.2,,Cleanliness: 4.0; Location: 5.0; Service: 5.0; Facilities: 3.0,"The location is superb, staff services were good.
But the room is with old carpet, cabinets are little run down, and the bed little sink in. They don't provide free tea bags in the room and no cup. Kettle you got to request","地理位置绝佳，员工服务也不错。

但是房间地毯老旧，橱柜略显破旧，床有点下陷。房间里不提供免费茶包和杯子，烧水壶也需要单独索取。",True,True,0,0,False,,,"# 纽约市中心希尔顿酒店(New York Hilton Midtown) review (Ctrip)

**Rating:** 4.2/5 ★★★★☆
**Travel type:** 独自旅行

## Review
The location is superb, staff services were good.
But the room is with old carpet, cabinets are little run down, and the bed little sink in. They don't provide free tea bags in the room and no cup. Kettle you got to request

## Translation
地理位置绝佳，员工服务也不错。

但是房间地毯老旧，橱柜略显破旧，床有点下陷。房间里不提供免费茶包和杯子，烧水壶也需要单独索取。",https://hotels.ctrip.com/hotels/1352621.html
1519108487,1352621,纽约市中心希尔顿酒店(New York Hilton Midtown),ctrip,2025-05-14T15:34:09,2025-05,,57,点评专家,True,发布于江苏,商务出差,都市大床房,CN,4.2,,Cleanliness: 5.0; Location: 5.0; Service: 3.5; Facilities: 3.5,"- 交通便利，地铁/公交直达  
- 地理位置优越，靠近商圈/景点  
- 周边餐饮丰富，夜生活方便  
- 安静不临街，睡眠质量高",,False,True,0,0,False,,,"# 纽约市中心希尔顿酒店(New York Hilton Midtown) review (Ctrip)

**Rating:** 4.2/5 ★★★★☆
**Travel type:** 商务出差

## Review
- 交通便利，地铁/公交直达  
- 地理位置优越，靠近商圈/景点  
- 周边餐饮丰富，夜生活方便  
- 安静不临街，睡眠质量高",https://hotels.ctrip.com/hotels/1352621.html
1713542965,1352621,纽约市中心希尔顿酒店(New York Hilton Midtown),ctrip,2025-10-16T14:10:23,2025-09,公子肖1314,20,点评达人,False,发布于安徽,独自旅行,都市大床房,CN,4.1,,Cleanliness: 4.5; Location: 4.0; Service: 4.0; Facilities: 4.0,酒店基础设施还可以，毕竟老酒店了，主要是位置很好。卫生和保洁做的还不错，胜在区位！有机会可以提升改造重新装修一下哈哈哈,,False,True,0,0,False,,,"# 纽约市中心希尔顿酒店(New York Hilton Midtown) review (Ctrip)

**Rating:** 4.1/5 ★★★★☆
**Travel type:** 独自旅行

## Review
酒店基础设施还可以，毕竟老酒店了，主要是位置很好。卫生和保洁做的还不错，胜在区位！有机会可以提升改造重新装修一下哈哈哈",https://hotels.ctrip.com/hotels/1352621.html
1972165101,1352621,纽约市中心希尔顿酒店(New York Hilton Midtown),ctrip,2026-06-04T06:16:37,2026-05,,14,点评达人,True,发布于美国,朋友出游,都市两张双人床房,CN,4,,Cleanliness: 4.0; Location: 5.0; Service: 3.0; Facilities: 4.0,"房间较大 因为在中间楼层 不算吵
设施基本是北京九十年代末期的4星水平
浴缸+淋浴头设置 浴缸一如既往的流水不畅快
但是不耽误洗澡
到达第一天酒店没有热水
次日6点来水了 太遗憾了
不提供拖鞋和牙刷 有香波 护发素 香皂
服务态度基本上都比较程式化 房间服务员态度更好
寄存行李要收费",,False,True,1,6,False,,,"# 纽约市中心希尔顿酒店(New York Hilton Midtown) review (Ctrip)

**Rating:** 4.0/5 ★★★★☆
**Travel type:** 朋友出游

## Review
房间较大 因为在中间楼层 不算吵
设施基本是北京九十年代末期的4星水平
浴缸+淋浴头设置 浴缸一如既往的流水不畅快
但是不耽误洗澡
到达第一天酒店没有热水
次日6点来水了 太遗憾了
不提供拖鞋和牙刷 有香波 护发素 香皂
服务态度基本上都比较程式化 房间服务员态度更好
寄存行李要收费",https://hotels.ctrip.com/hotels/1352621.html
1940242743,1352621,纽约市中心希尔顿酒店(New York Hilton Midtown),ctrip,2026-05-07T21:57:05,2026-05,Danryrong,19,点评达人,False,发布于四川,家庭亲子,都市两张双人床房,CN,4,,Cleanliness: 4.0; Location: 5.0; Service: 4.0; Facilities: 3.0,位置非常方便，就在MOMA旁边。窗户打开就是斯坦威公寓，不知道小李子是不是住里面！年龄有点大，翻新过还是有点老旧了，1.3米床还是窄了点。还有提前订的2000多，等住的当天看价格才1120，心塞…,,False,True,0,4,False,,,"# 纽约市中心希尔顿酒店(New York Hilton Midtown) review (Ctrip)

**Rating:** 4.0/5 ★★★★☆
**Travel type:** 家庭亲子

## Review
位置非常方便，就在MOMA旁边。窗户打开就是斯坦威公寓，不知道小李子是不是住里面！年龄有点大，翻新过还是有点老旧了，1.3米床还是窄了点。还有提前订的2000多，等住的当天看价格才1120，心塞…",https://hotels.ctrip.com/hotels/1352621.html
1682550468,1352621,纽约市中心希尔顿酒店(New York Hilton Midtown),ctrip,2025-09-23T22:11:35,2025-09,HINGSEW,7,,False,,商务出差,都市两张双人床房,en,4,,Cleanliness: 4.0; Location: 5.0; Service: 3.0; Facilities: 4.0,Good location with easy to access to public transport. A little bit upset that need 15 dollars to send bag from front door to hotel room. Not sure is standard charge.,酒店地理位置优越，搭乘公共交通非常方便。有点不高兴的是，让工作人员把行李从酒店门口送到房间需要支付15美元，不知道这是不是标准收费。,True,True,0,1,False,,,"# 纽约市中心希尔顿酒店(New York Hilton Midtown) review (Ctrip)

**Rating:** 4.0/5 ★★★★☆
**Travel type:** 商务出差

## Review
Good location with easy to access to public transport. A little bit upset that need 15 dollars to send bag from front door to hotel room. Not sure is standard charge.

## Translation
酒店地理位置优越，搭乘公共交通非常方便。有点不高兴的是，让工作人员把行李从酒店门口送到房间需要支付15美元，不知道这是不是标准收费。",https://hotels.ctrip.com/hotels/1352621.html
1541353636,1352621,纽约市中心希尔顿酒店(New York Hilton Midtown),ctrip,2025-06-03T09:24:01,2025-05,,4,,True,,朋友出游,都市大床房,ja,4,,Cleanliness: 4.0; Location: 5.0; Service: 4.0; Facilities: 3.0,デポジットの仕様がよくわかりませんでした。1日につき35ドルチャージされてると言われました。使わないと損だと思い使いましたがそれが正しかったのかはわかりません。笑　海外のデポジットや当日支払い分とか本当にわかりません。何度海外旅行行ってもなかなか理解できず。まぁ立地は最高でした！スリッパとバスローブなかったです！フリーWi-Fiないです！写真の通り、タイムズスクエア本当に近いです！！,我对押金政策感到困惑。他们告诉我每天要收取35美元。我觉得不用掉就亏了，所以就用了，但我不确定这是否正确，哈哈。我真的搞不懂国外的押金和当天付款这些规定。我已经出国旅行很多次了，但还是很难理解。嗯，不过位置真是绝佳！没有拖鞋和浴袍！也没有免费Wi-Fi！但就像照片显示的那样，离时代广场真的非常近！！,True,True,0,1,False,,,"# 纽约市中心希尔顿酒店(New York Hilton Midtown) review (Ctrip)

**Rating:** 4.0/5 ★★★★☆
**Travel type:** 朋友出游

## Review
デポジットの仕様がよくわかりませんでした。1日につき35ドルチャージされてると言われました。使わないと損だと思い使いましたがそれが正しかったのかはわかりません。笑　海外のデポジットや当日支払い分とか本当にわかりません。何度海外旅行行ってもなかなか理解できず。まぁ立地は最高でした！スリッパとバスローブなかったです！フリーWi-Fiないです！写真の通り、タイムズスクエア本当に近いです！！

## Translation
我对押金政策感到困惑。他们告诉我每天要收取35美元。我觉得不用掉就亏了，所以就用了，但我不确定这是否正确，哈哈。我真的搞不懂国外的押金和当天付款这些规定。我已经出国旅行很多次了，但还是很难理解。嗯，不过位置真是绝佳！没有拖鞋和浴袍！也没有免费Wi-Fi！但就像照片显示的那样，离时代广场真的非常近！！",https://hotels.ctrip.com/hotels/1352621.html
1561038145,1352621,纽约市中心希尔顿酒店(New York Hilton Midtown),ctrip,2025-06-20T05:06:45,2025-06,浩森大王,64,点评专家,False,发布于上海,独自旅行,都市大床房,CN,4,,Cleanliness: 4.0; Location: 4.0; Service: 4.0; Facilities: 4.0,位置很好，走个三5分钟就到了纽约时代广场再过几分钟就到了，中央公园帝国大厦也很近，洛克菲勒中心也很近，环境也很干净，房型也很大，周围吃饭的也很方便，蓝宝也很好，必须吃卡晚间才能入内大堂,,False,True,0,2,False,,,"# 纽约市中心希尔顿酒店(New York Hilton Midtown) review (Ctrip)

**Rating:** 4.0/5 ★★★★☆
**Travel type:** 独自旅行

## Review
位置很好，走个三5分钟就到了纽约时代广场再过几分钟就到了，中央公园帝国大厦也很近，洛克菲勒中心也很近，环境也很干净，房型也很大，周围吃饭的也很方便，蓝宝也很好，必须吃卡晚间才能入内大堂",https://hotels.ctrip.com/hotels/1352621.html
1764177499,1352621,纽约市中心希尔顿酒店(New York Hilton Midtown),ctrip,2025-11-27T15:25:49,2025-11,,41,点评专家,True,发布于美国,商务出差,都市大床房,CN,4,,Cleanliness: 4.0; Location: 4.0; Service: 4.0; Facilities: 4.0,酒店位置非常好，离五大道和中央公园都很近，去时代广场也很方便，除了房间小，电梯难等之外，其他还行,,False,True,0,0,False,,,"# 纽约市中心希尔顿酒店(New York Hilton Midtown) review (Ctrip)

**Rating:** 4.0/5 ★★★★☆
**Travel type:** 商务出差

## Review
酒店位置非常好，离五大道和中央公园都很近，去时代广场也很方便，除了房间小，电梯难等之外，其他还行",https://hotels.ctrip.com/hotels/1352621.html
1694857962,1352621,纽约市中心希尔顿酒店(New York Hilton Midtown),ctrip,2025-10-04T02:34:49,2025-09,,9,,True,,家庭亲子,都市两张双人床房,es,4,,Cleanliness: 4.0; Location: 4.0; Service: 4.0; Facilities: 4.0,"Muy buena opcion en NY , lamentablemente hoy dia los hoteles te cobran hasta por guardar las valijas hasta que la habitacion este lista, ese fue el unico punto malo",在纽约，这是一家非常不错的酒店选择。遗憾的是，现在酒店连寄存行李都要收费，即使房间还没准备好也一样，这是唯一美中不足的地方。,True,True,0,0,False,,,"# 纽约市中心希尔顿酒店(New York Hilton Midtown) review (Ctrip)

**Rating:** 4.0/5 ★★★★☆
**Travel type:** 家庭亲子

## Review
Muy buena opcion en NY , lamentablemente hoy dia los hoteles te cobran hasta por guardar las valijas hasta que la habitacion este lista, ese fue el unico punto malo

## Translation
在纽约，这是一家非常不错的酒店选择。遗憾的是，现在酒店连寄存行李都要收费，即使房间还没准备好也一样，这是唯一美中不足的地方。",https://hotels.ctrip.com/hotels/1352621.html
1931351071,1352621,纽约市中心希尔顿酒店(New York Hilton Midtown),ctrip,2026-05-02T00:43:18,2026-04,玉宇6023,16,点评达人,False,发布于浙江,商务出差,都市房-带行动无障碍无障碍设施， 1 张特大床和无障碍淋浴,CN,4,,Cleanliness: 4.0; Location: 5.0; Service: 4.0; Facilities: 3.0,最大的优势是位置，进出十分方便，设备有些老旧，服务一般性,,False,True,0,0,False,,,"# 纽约市中心希尔顿酒店(New York Hilton Midtown) review (Ctrip)

**Rating:** 4.0/5 ★★★★☆
**Travel type:** 商务出差

## Review
最大的优势是位置，进出十分方便，设备有些老旧，服务一般性",https://hotels.ctrip.com/hotels/1352621.html
1335308569,1352621,纽约市中心希尔顿酒店(New York Hilton Midtown),ctrip,2024-11-26T10:11:08,2024-10,,11,点评达人,True,发布于美国,其他,都市两张双人床房,CN,4,,Cleanliness: 4.0; Location: 5.0; Service: 3.0; Facilities: 4.0,地理位置优越，离中央公园很近，大约步行10分钟。酒店比较大，房间比较宽敞，卫生和设施都不错，还有个不小的健身房。入住当日未办理入住手续寄存行李不收费，退房后再寄存行李收5美元。但有一点不好就是必须强制消费30美元，我们只好去大堂拿了点水和果汁。,,False,True,0,5,False,,,"# 纽约市中心希尔顿酒店(New York Hilton Midtown) review (Ctrip)

**Rating:** 4.0/5 ★★★★☆
**Travel type:** 其他

## Review
地理位置优越，离中央公园很近，大约步行10分钟。酒店比较大，房间比较宽敞，卫生和设施都不错，还有个不小的健身房。入住当日未办理入住手续寄存行李不收费，退房后再寄存行李收5美元。但有一点不好就是必须强制消费30美元，我们只好去大堂拿了点水和果汁。",https://hotels.ctrip.com/hotels/1352621.html
1209267831,1352621,纽约市中心希尔顿酒店(New York Hilton Midtown),ctrip,2024-08-06T15:48:49,2024-08,,3,点评新星,True,发布于上海,家庭亲子,城市两张双人床房,CN,4,,Cleanliness: 4.0; Location: 4.0; Service: 4.0; Facilities: 4.0,入住时排队超过40分钟，预订双床房、入住时被告知超售无法提供双床，只能给大床房，非常不靠谱。我不知道如果当时不同意调剂是否没房间可住？酒店大厅装修豪华，但房间楼层的装修较久，电梯分区管理运行速度很快，酒店住客寄存行李还要收费，5美金一件，不合理。,,False,True,2,3,False,,,"# 纽约市中心希尔顿酒店(New York Hilton Midtown) review (Ctrip)

**Rating:** 4.0/5 ★★★★☆
**Travel type:** 家庭亲子

## Review
入住时排队超过40分钟，预订双床房、入住时被告知超售无法提供双床，只能给大床房，非常不靠谱。我不知道如果当时不同意调剂是否没房间可住？酒店大厅装修豪华，但房间楼层的装修较久，电梯分区管理运行速度很快，酒店住客寄存行李还要收费，5美金一件，不合理。",https://hotels.ctrip.com/hotels/1352621.html
1952341069,1352621,纽约市中心希尔顿酒店(New York Hilton Midtown),ctrip,2026-05-18T17:30:26,2026-02,,17,点评达人,True,发布于北京,其他,都市两张双人床房,CN,4,,Cleanliness: 4.0; Location: 4.0; Service: 4.0; Facilities: 4.0,设施比较老，地址位置优，离火车站很近,,False,True,0,0,False,,,"# 纽约市中心希尔顿酒店(New York Hilton Midtown) review (Ctrip)

**Rating:** 4.0/5 ★★★★☆
**Travel type:** 其他

## Review
设施比较老，地址位置优，离火车站很近",https://hotels.ctrip.com/hotels/1352621.html
1911005251,1352621,纽约市中心希尔顿酒店(New York Hilton Midtown),ctrip,2026-04-15T07:34:23,2026-03,,55,点评专家,True,发布于新加坡,商务出差,都市大床房,CN,4,,Cleanliness: 4.0; Location: 4.0; Service: 4.0; Facilities: 4.0,商务出差，问题不大，值得推荐,,False,True,0,0,False,,,"# 纽约市中心希尔顿酒店(New York Hilton Midtown) review (Ctrip)

**Rating:** 4.0/5 ★★★★☆
**Travel type:** 商务出差

## Review
商务出差，问题不大，值得推荐",https://hotels.ctrip.com/hotels/1352621.html
1137326375,1352621,纽约市中心希尔顿酒店(New York Hilton Midtown),ctrip,2024-06-06T17:03:36,2024-06,,29,点评达人,True,发布于上海,家庭亲子,都市两张双人床房,CN,4,,Cleanliness: 4.0; Location: 4.0; Service: 4.0; Facilities: 4.0,房间卫生不错，位置也很方便，下楼去哪里都可以步行或公交。楼下就有星巴克，去华尔街特别近。就是没有热水壶不是很方便，房间倒是蛮大,,False,True,0,3,False,,,"# 纽约市中心希尔顿酒店(New York Hilton Midtown) review (Ctrip)

**Rating:** 4.0/5 ★★★★☆
**Travel type:** 家庭亲子

## Review
房间卫生不错，位置也很方便，下楼去哪里都可以步行或公交。楼下就有星巴克，去华尔街特别近。就是没有热水壶不是很方便，房间倒是蛮大",https://hotels.ctrip.com/hotels/1352621.html
1107445437,1352621,纽约市中心希尔顿酒店(New York Hilton Midtown),ctrip,2024-05-06T00:19:57,2024-04,,49,点评专家,True,发布于广东,商务出差,都市两张双人床房,CN,4,,Cleanliness: 4.0; Location: 4.0; Service: 4.0; Facilities: 4.0,标准美国希尔顿大车店，位置没得说，附近吃的从纽约地道餐车到米其林三星餐厅都有。地铁和的士也非常方便，作为中国人也能找到热水供应。,,False,True,2,2,False,,,"# 纽约市中心希尔顿酒店(New York Hilton Midtown) review (Ctrip)

**Rating:** 4.0/5 ★★★★☆
**Travel type:** 商务出差

## Review
标准美国希尔顿大车店，位置没得说，附近吃的从纽约地道餐车到米其林三星餐厅都有。地铁和的士也非常方便，作为中国人也能找到热水供应。",https://hotels.ctrip.com/hotels/1352621.html
1316200849,1352621,纽约市中心希尔顿酒店(New York Hilton Midtown),ctrip,2024-11-07T03:54:48,2024-11,Soman Kurian,1,,False,,家庭亲子,城市两张双人床房,en,4,,Cleanliness: 4.0; Location: 5.0; Service: 4.0; Facilities: 3.0,"Great service . Only hotel is old and surprisingly there was no central lighting system in room . Toilets are small and tight squeeze 
Software is good but unfortunately the hardware is outdated","服务很棒。就是酒店有点老旧，房间里竟然没有中央照明系统，有点让人意外。卫生间很小，空间非常局促。
软件方面挺好的，可惜硬件已经过时了。",True,True,0,0,False,,,"# 纽约市中心希尔顿酒店(New York Hilton Midtown) review (Ctrip)

**Rating:** 4.0/5 ★★★★☆
**Travel type:** 家庭亲子

## Review
Great service . Only hotel is old and surprisingly there was no central lighting system in room . Toilets are small and tight squeeze 
Software is good but unfortunately the hardware is outdated

## Translation
服务很棒。就是酒店有点老旧，房间里竟然没有中央照明系统，有点让人意外。卫生间很小，空间非常局促。
软件方面挺好的，可惜硬件已经过时了。",https://hotels.ctrip.com/hotels/1352621.html
1256689411,1352621,纽约市中心希尔顿酒店(New York Hilton Midtown),ctrip,2024-09-12T08:45:55,2024-07,,11,点评达人,True,发布于上海,商务出差,市景间 - 带1张特大床、无障碍通道和w/RI淋浴,CN,4,,Cleanliness: 4.0; Location: 4.0; Service: 4.0; Facilities: 4.0,在很好的位置，下楼出行可迅速到达市中心想去的街区。整体卫生和服务都还不错，适合商务出差居住。下次去纽约还会预定这里。,,False,True,0,0,False,,,"# 纽约市中心希尔顿酒店(New York Hilton Midtown) review (Ctrip)

**Rating:** 4.0/5 ★★★★☆
**Travel type:** 商务出差

## Review
在很好的位置，下楼出行可迅速到达市中心想去的街区。整体卫生和服务都还不错，适合商务出差居住。下次去纽约还会预定这里。",https://hotels.ctrip.com/hotels/1352621.html
1170611195,1352621,纽约市中心希尔顿酒店(New York Hilton Midtown),ctrip,2024-07-08T11:16:12,2024-07,,1,点评新星,True,发布于美国,家庭亲子,都市特大床房,CN,4,,Cleanliness: 5.0; Location: 4.0; Service: 4.0; Facilities: 3.0,设施比较老旧，卫生一般服务更一般，办理入住要排队，定的两间房一间给的10楼，一间给的15楼，全部靠近电梯，都很吵 感觉不太好。,,False,True,0,0,False,,,"# 纽约市中心希尔顿酒店(New York Hilton Midtown) review (Ctrip)

**Rating:** 4.0/5 ★★★★☆
**Travel type:** 家庭亲子

## Review
设施比较老旧，卫生一般服务更一般，办理入住要排队，定的两间房一间给的10楼，一间给的15楼，全部靠近电梯，都很吵 感觉不太好。",https://hotels.ctrip.com/hotels/1352621.html
1564891097,1352621,纽约市中心希尔顿酒店(New York Hilton Midtown),ctrip,2025-06-23T11:23:03,2025-05,,27,点评达人,True,发布于美国,独自旅行,都市两张双人床房,CN,4,,Cleanliness: 4.0; Location: 4.0; Service: 4.0; Facilities: 4.0,一直住这个酒店，首选，满足各方面需求,,False,True,0,0,False,,,"# 纽约市中心希尔顿酒店(New York Hilton Midtown) review (Ctrip)

**Rating:** 4.0/5 ★★★★☆
**Travel type:** 独自旅行

## Review
一直住这个酒店，首选，满足各方面需求",https://hotels.ctrip.com/hotels/1352621.html
1087785799,1352621,纽约市中心希尔顿酒店(New York Hilton Midtown),ctrip,2024-04-13T20:34:34,2024-04,,20,点评达人,True,发布于美国,商务出差,都市两张双人床房,CN,4,,Cleanliness: 4.0; Location: 4.0; Service: 4.0; Facilities: 4.0,房间在纽约市中心算性价比高的了，位子很好很方便，离五大道和时代走走都可以，房间大小也可以，整洁干净，酒店房间蛮多的，在市中心性价比很高。下次来还会住这个。,,False,True,0,0,False,,,"# 纽约市中心希尔顿酒店(New York Hilton Midtown) review (Ctrip)

**Rating:** 4.0/5 ★★★★☆
**Travel type:** 商务出差

## Review
房间在纽约市中心算性价比高的了，位子很好很方便，离五大道和时代走走都可以，房间大小也可以，整洁干净，酒店房间蛮多的，在市中心性价比很高。下次来还会住这个。",https://hotels.ctrip.com/hotels/1352621.html
1031760455,1352621,纽约市中心希尔顿酒店(New York Hilton Midtown),ctrip,2024-02-01T10:55:47,2024-01,ann118118,2,点评新星,False,发布于上海,家庭亲子,都市特大床房,CN,4,,Cleanliness: 4.0; Location: 4.0; Service: 4.0; Facilities: 4.0,国内三星的标准，每天要收30美金的resort fee，前台冷漠。尽管如此，胜在价格便宜(住三人不额外收费)，位置极其优越，比我之前住的万怡位置要好，这家更靠北面一点。总体性价比可以的，不能要求太高。,,False,True,0,0,False,,,"# 纽约市中心希尔顿酒店(New York Hilton Midtown) review (Ctrip)

**Rating:** 4.0/5 ★★★★☆
**Travel type:** 家庭亲子

## Review
国内三星的标准，每天要收30美金的resort fee，前台冷漠。尽管如此，胜在价格便宜(住三人不额外收费)，位置极其优越，比我之前住的万怡位置要好，这家更靠北面一点。总体性价比可以的，不能要求太高。",https://hotels.ctrip.com/hotels/1352621.html
1046664527,1352621,纽约市中心希尔顿酒店(New York Hilton Midtown),ctrip,2024-02-21T11:14:29,2024-02,,10,,True,,家庭亲子,城市特大床房,en,4,,Cleanliness: 4.0; Location: 5.0; Service: 4.0; Facilities: 3.0,"destination fee and resort fee is not good.
location was good, it is really midtown.
really near by central park, moma, top of the rock.
and be able to walk to empire state building, bryant park and other place.","目的地费和度假村费不太好。

位置很好，就在市中心。

离中央公园、现代艺术博物馆、洛克菲勒中心观景台都非常近。

而且可以步行到帝国大厦、布莱恩特公园等地方。",True,True,0,0,False,,,"# 纽约市中心希尔顿酒店(New York Hilton Midtown) review (Ctrip)

**Rating:** 4.0/5 ★★★★☆
**Travel type:** 家庭亲子

## Review
destination fee and resort fee is not good.
location was good, it is really midtown.
really near by central park, moma, top of the rock.
and be able to walk to empire state building, bryant park and other place.

## Translation
目的地费和度假村费不太好。

位置很好，就在市中心。

离中央公园、现代艺术博物馆、洛克菲勒中心观景台都非常近。

而且可以步行到帝国大厦、布莱恩特公园等地方。",https://hotels.ctrip.com/hotels/1352621.html
1272034151,1352621,纽约市中心希尔顿酒店(New York Hilton Midtown),ctrip,2024-09-27T07:54:55,2024-09,,4,,True,,其他,都市两张双人床房,de,4,,Cleanliness: 4.0; Location: 4.0; Service: 4.0; Facilities: 4.0,"Freundliches Reinigungspersonal, sauberes helles Zimmer. Schade hatte es keinen Wasserkocher.
Check in und out ging zügig voran.",友好的清洁人员，房间干净明亮。可惜没有烧水壶。入住和退房手续办理得很快。,True,True,0,0,False,,,"# 纽约市中心希尔顿酒店(New York Hilton Midtown) review (Ctrip)

**Rating:** 4.0/5 ★★★★☆
**Travel type:** 其他

## Review
Freundliches Reinigungspersonal, sauberes helles Zimmer. Schade hatte es keinen Wasserkocher.
Check in und out ging zügig voran.

## Translation
友好的清洁人员，房间干净明亮。可惜没有烧水壶。入住和退房手续办理得很快。",https://hotels.ctrip.com/hotels/1352621.html
1620889883,1352621,纽约市中心希尔顿酒店(New York Hilton Midtown),ctrip,2025-08-05T18:09:44,2025-05,,19,点评达人,True,发布于上海,独自旅行,都市大床房,CN,4,,Cleanliness: 4.0; Location: 4.0; Service: 4.0; Facilities: 4.0,地段好 掩盖一切缺点,,False,True,0,0,False,,,"# 纽约市中心希尔顿酒店(New York Hilton Midtown) review (Ctrip)

**Rating:** 4.0/5 ★★★★☆
**Travel type:** 独自旅行

## Review
地段好 掩盖一切缺点",https://hotels.ctrip.com/hotels/1352621.html
1642792785,1352621,纽约市中心希尔顿酒店(New York Hilton Midtown),ctrip,2025-08-21T06:47:49,2025-08,David 文钊,9,点评达人,False,发布于北京,商务出差,都市两张双人床房,CN,4,,Cleanliness: 4.0; Location: 4.0; Service: 4.0; Facilities: 4.0,满意，可以再去,,False,True,0,0,False,,,"# 纽约市中心希尔顿酒店(New York Hilton Midtown) review (Ctrip)

**Rating:** 4.0/5 ★★★★☆
**Travel type:** 商务出差

## Review
满意，可以再去",https://hotels.ctrip.com/hotels/1352621.html
1513918523,1352621,纽约市中心希尔顿酒店(New York Hilton Midtown),ctrip,2025-05-09T20:53:07,2025-03,ROLEX221,3,点评新星,False,发布于越南,商务出差,行动无障碍天际线特大床房(带浴缸),CN,4,,Cleanliness: 4.0; Location: 4.0; Service: 4.0; Facilities: 4.0,Check in 有点麻烦,,False,True,0,0,False,,,"# 纽约市中心希尔顿酒店(New York Hilton Midtown) review (Ctrip)

**Rating:** 4.0/5 ★★★★☆
**Travel type:** 商务出差

## Review
Check in 有点麻烦",https://hotels.ctrip.com/hotels/1352621.html
835602731,1352621,纽约市中心希尔顿酒店(New York Hilton Midtown),ctrip,2023-06-21T15:03:03,2023-06,chilamhsw,42,点评专家,False,发布于比利时,独自旅行,都市特大床房,CN,4,,Cleanliness: 5.0; Location: 4.0; Service: 4.0; Facilities: 3.0,就是房间有些暗，不够明亮，其他都非常满意，下次还会继续入住,,False,True,1,2,False,,,"# 纽约市中心希尔顿酒店(New York Hilton Midtown) review (Ctrip)

**Rating:** 4.0/5 ★★★★☆
**Travel type:** 独自旅行

## Review
就是房间有些暗，不够明亮，其他都非常满意，下次还会继续入住",https://hotels.ctrip.com/hotels/1352621.html
1014239179,1352621,纽约市中心希尔顿酒店(New York Hilton Midtown),ctrip,2024-01-08T10:52:19,2024-01,,78,点评专家,True,发布于美国,家庭亲子,都市两张双人床房,CN,4,,Cleanliness: 4.0; Location: 4.0; Service: 4.0; Facilities: 4.0,房间比较大，双床房里的一个床是1.3的，一个人睡可以的，如果两个大人还是小了，房间没有水，只能主动要,,False,True,0,0,False,,,"# 纽约市中心希尔顿酒店(New York Hilton Midtown) review (Ctrip)

**Rating:** 4.0/5 ★★★★☆
**Travel type:** 家庭亲子

## Review
房间比较大，双床房里的一个床是1.3的，一个人睡可以的，如果两个大人还是小了，房间没有水，只能主动要",https://hotels.ctrip.com/hotels/1352621.html
968352749,1352621,纽约市中心希尔顿酒店(New York Hilton Midtown),ctrip,2023-11-06T22:46:25,2023-10,,2,,True,,朋友出游,都市特大床房,ja,4,,Cleanliness: 4.0; Location: 5.0; Service: 4.0; Facilities: 3.0,"チェックイン時間より前に到着しましたが、お部屋へ入れて頂けました。
また、チェックインの際に希望を聞いてくださり、無料でアップグレードしてくださいました。
ロケーションも抜群で、観光にもとても便利な場所にあります。",我提前办理了入住，酒店为我安排了房间。办理入住时，酒店还根据我的需求免费升级了房间。酒店地理位置优越，去景点观光非常方便。,True,True,0,0,False,,,"# 纽约市中心希尔顿酒店(New York Hilton Midtown) review (Ctrip)

**Rating:** 4.0/5 ★★★★☆
**Travel type:** 朋友出游

## Review
チェックイン時間より前に到着しましたが、お部屋へ入れて頂けました。
また、チェックインの際に希望を聞いてくださり、無料でアップグレードしてくださいました。
ロケーションも抜群で、観光にもとても便利な場所にあります。

## Translation
我提前办理了入住，酒店为我安排了房间。办理入住时，酒店还根据我的需求免费升级了房间。酒店地理位置优越，去景点观光非常方便。",https://hotels.ctrip.com/hotels/1352621.html
880518022,1352621,纽约市中心希尔顿酒店(New York Hilton Midtown),ctrip,2023-07-31T09:20:21,2023-07,,14,,True,,其他,都市两张双人床房,en,4,,Cleanliness: 4.0; Location: 5.0; Service: 4.0; Facilities: 3.0,"This hotel is in an excellent location. We within walking distance of MOMA, Rockerfellar Centet, and the Rockets....Also we were within walking distance of time square.  We went acrsoss the street for.our breakfast ... I think it was a better deal for our money.",这家酒店地理位置绝佳。我们步行就能到MOMA、洛克菲勒中心和无线电城音乐厅（Rockets可能是指这个）……我们离时代广场也很近。早餐我们去了街对面吃……我觉得这样更划算。,True,True,1,0,False,,,"# 纽约市中心希尔顿酒店(New York Hilton Midtown) review (Ctrip)

**Rating:** 4.0/5 ★★★★☆
**Travel type:** 其他

## Review
This hotel is in an excellent location. We within walking distance of MOMA, Rockerfellar Centet, and the Rockets....Also we were within walking distance of time square.  We went acrsoss the street for.our breakfast ... I think it was a better deal for our money.

## Translation
这家酒店地理位置绝佳。我们步行就能到MOMA、洛克菲勒中心和无线电城音乐厅（Rockets可能是指这个）……我们离时代广场也很近。早餐我们去了街对面吃……我觉得这样更划算。",https://hotels.ctrip.com/hotels/1352621.html
834200237,1352621,纽约市中心希尔顿酒店(New York Hilton Midtown),ctrip,2023-06-20T02:06:41,2023-05,喜欢环游世界的旅行达人,85,点评专家,False,发布于美国,商务出差,城市两张双人床房,CN,4,,Cleanliness: 4.0; Location: 4.0; Service: 4.0; Facilities: 4.0,酒店位置不错，付了50美金一晚升级，结果升了个寂寞，和同事没升级的房间一摸一样。早餐选择不多，能吃饱，但是选择不多，酒店位置不错，但是停车一晚要100美金，马路对面停车45美金，果断停在对面停车场了。,,False,True,0,0,False,,,"# 纽约市中心希尔顿酒店(New York Hilton Midtown) review (Ctrip)

**Rating:** 4.0/5 ★★★★☆
**Travel type:** 商务出差

## Review
酒店位置不错，付了50美金一晚升级，结果升了个寂寞，和同事没升级的房间一摸一样。早餐选择不多，能吃饱，但是选择不多，酒店位置不错，但是停车一晚要100美金，马路对面停车45美金，果断停在对面停车场了。",https://hotels.ctrip.com/hotels/1352621.html
1192083739,1352621,纽约市中心希尔顿酒店(New York Hilton Midtown),ctrip,2024-07-26T10:40:38,2024-07,,2,,True,,独自旅行,都市大床房,ko,4,,Cleanliness: 3.0; Location: 5.0; Service: 4.0; Facilities: 4.0,"이동하기 매우편한위치.
주차비가 비쌉니다.",位置很方便，出行很便捷。停车费有点贵。,True,True,0,0,False,,,"# 纽约市中心希尔顿酒店(New York Hilton Midtown) review (Ctrip)

**Rating:** 4.0/5 ★★★★☆
**Travel type:** 独自旅行

## Review
이동하기 매우편한위치.
주차비가 비쌉니다.

## Translation
位置很方便，出行很便捷。停车费有点贵。",https://hotels.ctrip.com/hotels/1352621.html
883958875,1352621,纽约市中心希尔顿酒店(New York Hilton Midtown),ctrip,2023-08-03T18:43:57,2023-07,,1,点评新星,True,发布于广东,朋友出游,城市两张双人床房(听觉无障碍),CN,4,,Cleanliness: 4.0; Location: 4.0; Service: 4.0; Facilities: 4.0,地理位置非常优越，去第5大道上的各种景点很方便，离中央公园也很近，酒店也很气派。床比较大，就是设施有些久。周边环境很安全。,,False,True,1,0,False,,,"# 纽约市中心希尔顿酒店(New York Hilton Midtown) review (Ctrip)

**Rating:** 4.0/5 ★★★★☆
**Travel type:** 朋友出游

## Review
地理位置非常优越，去第5大道上的各种景点很方便，离中央公园也很近，酒店也很气派。床比较大，就是设施有些久。周边环境很安全。",https://hotels.ctrip.com/hotels/1352621.html
1181087671,1352621,纽约市中心希尔顿酒店(New York Hilton Midtown),ctrip,2024-07-17T15:18:47,2024-07,,9,点评达人,True,发布于广东,朋友出游,都市两张双人床房,CN,4,,Cleanliness: 4.0; Location: 4.0; Service: 4.0; Facilities: 4.0,房间没有冰箱，不提供拖鞋，床较大,,False,True,0,0,False,,,"# 纽约市中心希尔顿酒店(New York Hilton Midtown) review (Ctrip)

**Rating:** 4.0/5 ★★★★☆
**Travel type:** 朋友出游

## Review
房间没有冰箱，不提供拖鞋，床较大",https://hotels.ctrip.com/hotels/1352621.html
1170394275,1352621,纽约市中心希尔顿酒店(New York Hilton Midtown),ctrip,2024-07-07T23:13:02,2024-05,,81,点评专家,True,发布于山东,商务出差,都市两张双人床房,CN,4,,Cleanliness: 4.0; Location: 4.0; Service: 4.0; Facilities: 4.0,位置非常好 ，值得去纽约的朋友入住,,False,True,0,0,False,,,"# 纽约市中心希尔顿酒店(New York Hilton Midtown) review (Ctrip)

**Rating:** 4.0/5 ★★★★☆
**Travel type:** 商务出差

## Review
位置非常好 ，值得去纽约的朋友入住",https://hotels.ctrip.com/hotels/1352621.html
893607149,1352621,纽约市中心希尔顿酒店(New York Hilton Midtown),ctrip,2023-08-10T14:35:07,2023-07,,25,点评达人,True,发布于广东,家庭亲子,都市大床房,CN,4,,Cleanliness: 4.0; Location: 4.0; Service: 4.0; Facilities: 4.0,旅游和商务都很方便，旁边就是第五大道，可以步行至中央公园，距离时代广场也很近！,,False,True,0,0,False,,,"# 纽约市中心希尔顿酒店(New York Hilton Midtown) review (Ctrip)

**Rating:** 4.0/5 ★★★★☆
**Travel type:** 家庭亲子

## Review
旅游和商务都很方便，旁边就是第五大道，可以步行至中央公园，距离时代广场也很近！",https://hotels.ctrip.com/hotels/1352621.html
1983023293,70492076,洲至奢选杭州华夏之心酒店,ctrip,2026-06-13T15:37:29,2026-06,,4,点评新星,True,发布于浙江,商务出差,豪华房超大床,CN,5,超棒,Cleanliness: 5.0; Location: 5.0; Service: 5.0; Facilities: 5.0,房间设施设备齐全，洗漱用品也很不错，房间配备了雨伞，碰上杭州的梅雨季节刚好，房间面积和床都很大大。整体体验很不错，前厅部管家和当天早上的值班经理服务非常棒，帮忙解决了问题，提供了专业的服务。不错的入住体验感😀,,False,True,0,3,False,尊敬的宾客：感谢您细致的好评！很高兴您对房间设施、洗漱用品、雨伞配备以及宽敞的面积与床型感到满意。特别感谢您对前厅部管家及值班经理专业服务的认可——能及时帮您解决问题，是我们应尽的职责。期待下次继续为您带来同样舒心的入住体验！,2026-06-15T00:00:00,"# 洲至奢选杭州华夏之心酒店 review (Ctrip)

**Rating:** 5.0/5 ★★★★★
**Travel type:** 商务出差

## Review
房间设施设备齐全，洗漱用品也很不错，房间配备了雨伞，碰上杭州的梅雨季节刚好，房间面积和床都很大大。整体体验很不错，前厅部管家和当天早上的值班经理服务非常棒，帮忙解决了问题，提供了专业的服务。不错的入住体验感😀

## Hotel response
尊敬的宾客：感谢您细致的好评！很高兴您对房间设施、洗漱用品、雨伞配备以及宽敞的面积与床型感到满意。特别感谢您对前厅部管家及值班经理专业服务的认可——能及时帮您解决问题，是我们应尽的职责。期待下次继续为您带来同样舒心的入住体验！",https://hotels.ctrip.com/hotels/70492076.html
1976245459,70492076,洲至奢选杭州华夏之心酒店,ctrip,2026-06-07T22:03:52,2026-06,Mr_Lim,4,点评新星,False,发布于浙江,家庭亲子,豪华房超大床,CN,5,超棒,Cleanliness: 5.0; Location: 5.0; Service: 5.0; Facilities: 5.0,带家人入住酒店，管家提前在房间准备了欢迎水果以及手写的欢迎卡。知道我们带了小朋友，还专门为小朋友准备小礼物以及小朋友的洗漱用品，感谢管家的细致服务。同时房间安排了高楼层，与朋友同一楼层的房间，考虑的很周到。以上让我看到了这位管家暖心而又细节的服务，表扬一下~,,False,True,0,3,False,尊敬的宾客：感谢您带家人入住并分享如此温暖的体验！很高兴管家提前准备的欢迎水果、手写卡，以及为小朋友贴心安排的小礼物和洗漱用品，能让您感受到我们的用心。更欣慰高楼层及与朋友同层的房型安排，为您和家人朋友的相聚增添了便利。您的表扬已第一时间传达给管家，我们也将以此为动力，继续为每一位宾客提供暖心而细致的服务。期待下次继续为您创造美好的家庭旅行记忆！,2026-06-08T00:00:00,"# 洲至奢选杭州华夏之心酒店 review (Ctrip)

**Rating:** 5.0/5 ★★★★★
**Travel type:** 家庭亲子

## Review
带家人入住酒店，管家提前在房间准备了欢迎水果以及手写的欢迎卡。知道我们带了小朋友，还专门为小朋友准备小礼物以及小朋友的洗漱用品，感谢管家的细致服务。同时房间安排了高楼层，与朋友同一楼层的房间，考虑的很周到。以上让我看到了这位管家暖心而又细节的服务，表扬一下~

## Hotel response
尊敬的宾客：感谢您带家人入住并分享如此温暖的体验！很高兴管家提前准备的欢迎水果、手写卡，以及为小朋友贴心安排的小礼物和洗漱用品，能让您感受到我们的用心。更欣慰高楼层及与朋友同层的房型安排，为您和家人朋友的相聚增添了便利。您的表扬已第一时间传达给管家，我们也将以此为动力，继续为每一位宾客提供暖心而细致的服务。期待下次继续为您创造美好的家庭旅行记忆！",https://hotels.ctrip.com/hotels/70492076.html
1908074395,70492076,洲至奢选杭州华夏之心酒店,ctrip,2026-04-12T17:42:47,2026-04,,11,点评达人,True,发布于上海,家庭亲子,豪华房双床,CN,5,超棒,Cleanliness: 5.0; Location: 5.0; Service: 5.0; Facilities: 5.0,"酒店非常贴心，房间做了升级，设施完善，使用方便，地理位置极佳，边上有美食广场和shopping Mall,有非常多的美食。还送了良渚遗迹公园门票，Sakura服务细致，下次有机会还会入住。",,False,True,0,3,False,尊敬的宾客：感谢您如此贴心的好评！很高兴您喜欢升级后的房间、完善的设施以及极佳的地理位置，更感谢您对 Sakura 细致服务的特别表扬。能为您送上良渚遗迹公园门票，为旅途增添一份文化记忆，我们倍感荣幸。期待下次继续为您创造同样温暖而惊喜的入住体验！,2026-04-17T00:00:00,"# 洲至奢选杭州华夏之心酒店 review (Ctrip)

**Rating:** 5.0/5 ★★★★★
**Travel type:** 家庭亲子

## Review
酒店非常贴心，房间做了升级，设施完善，使用方便，地理位置极佳，边上有美食广场和shopping Mall,有非常多的美食。还送了良渚遗迹公园门票，Sakura服务细致，下次有机会还会入住。

## Hotel response
尊敬的宾客：感谢您如此贴心的好评！很高兴您喜欢升级后的房间、完善的设施以及极佳的地理位置，更感谢您对 Sakura 细致服务的特别表扬。能为您送上良渚遗迹公园门票，为旅途增添一份文化记忆，我们倍感荣幸。期待下次继续为您创造同样温暖而惊喜的入住体验！",https://hotels.ctrip.com/hotels/70492076.html
1974738295,70492076,洲至奢选杭州华夏之心酒店,ctrip,2026-06-06T15:26:38,2026-06,,1,点评新星,True,发布于上海,商务出差,单卧套房超大床,CN,5,超棒,Cleanliness: 5.0; Location: 5.0; Service: 5.0; Facilities: 5.0,整个入住体验下来都很不错😄管家积极主动且专业的态度是整个体验中的亮点，在电话中提了一句想要安静一点的房间，管家立马响应服务要求，安排了远离电梯高楼层的房间，很是贴心！下次入住还会选择这家酒店，服务真的超棒！,,False,True,0,3,False,尊敬的宾客：感谢您的满分好评与真诚分享！很高兴您对整体的入住体验感到满意，尤其欣慰管家积极主动且专业的服务态度，能迅速响应您对安静房间的需求并贴心安排。您的“下次还会选择”是对我们最大的鼓励，期待再次为您带来同样超棒的服务体验！,2026-06-08T00:00:00,"# 洲至奢选杭州华夏之心酒店 review (Ctrip)

**Rating:** 5.0/5 ★★★★★
**Travel type:** 商务出差

## Review
整个入住体验下来都很不错😄管家积极主动且专业的态度是整个体验中的亮点，在电话中提了一句想要安静一点的房间，管家立马响应服务要求，安排了远离电梯高楼层的房间，很是贴心！下次入住还会选择这家酒店，服务真的超棒！

## Hotel response
尊敬的宾客：感谢您的满分好评与真诚分享！很高兴您对整体的入住体验感到满意，尤其欣慰管家积极主动且专业的服务态度，能迅速响应您对安静房间的需求并贴心安排。您的“下次还会选择”是对我们最大的鼓励，期待再次为您带来同样超棒的服务体验！",https://hotels.ctrip.com/hotels/70492076.html
1976308171,70492076,洲至奢选杭州华夏之心酒店,ctrip,2026-06-07T23:06:55,2026-05,,1,点评新星,True,发布于浙江,朋友出游,单卧套房超大床,CN,5,超棒,Cleanliness: 5.0; Location: 5.0; Service: 5.0; Facilities: 5.0,"酒店环境很不错，这次入住的套房景观很好，房间宽敞。
早餐品种丰富，味道不错
酒店前台和服务中心服务很好，热情周到",,False,True,0,2,False,尊敬的宾客：感谢您的认可与好评！很高兴您对套房景观、房间宽敞度、早餐品质以及前台和服务中心的热情周到服务感到满意。期待下次继续为您带来同样愉快的入住体验！,2026-06-08T00:00:00,"# 洲至奢选杭州华夏之心酒店 review (Ctrip)

**Rating:** 5.0/5 ★★★★★
**Travel type:** 朋友出游

## Review
酒店环境很不错，这次入住的套房景观很好，房间宽敞。
早餐品种丰富，味道不错
酒店前台和服务中心服务很好，热情周到

## Hotel response
尊敬的宾客：感谢您的认可与好评！很高兴您对套房景观、房间宽敞度、早餐品质以及前台和服务中心的热情周到服务感到满意。期待下次继续为您带来同样愉快的入住体验！",https://hotels.ctrip.com/hotels/70492076.html
1887485367,70492076,洲至奢选杭州华夏之心酒店,ctrip,2026-03-25T20:58:27,2026-03,,2,点评新星,True,发布于广东,朋友出游,豪华房双床,CN,5,超棒,Cleanliness: 5.0; Location: 5.0; Service: 5.0; Facilities: 5.0,酒店位于余杭区，离EFC和杭州西站很近，非常方便，房间设施设备维护得很好，酒店整体不是很明亮的灯光，氛围感十足都很好，工作人员也很贴心，房间升级到了套房，非常开心，泳池健身房人很少，这点非常好，体验拉满，最后再次表扬一下服务都非常好，客房服务员很热情，前台和餐厅服务也极其贴心，后续还会考虑入住。,,False,True,1,8,False,尊敬的宾客：感谢您如此细致地分享这次“体验拉满”的入住时光！从余杭区的便利位置、套房升级的惊喜，到泳池健身房的静谧氛围——您字里行间的满意，是对我们团队最温暖的褒奖。特别感谢您对客房、前台及餐厅服务的连环表扬，这份认可已化作同事们眉梢的笑意与心间的动力。您提到的“灯光氛围感十足”与“设施维护完好”，正是我们默默守护的日常追求。,2026-03-31T00:00:00,"# 洲至奢选杭州华夏之心酒店 review (Ctrip)

**Rating:** 5.0/5 ★★★★★
**Travel type:** 朋友出游

## Review
酒店位于余杭区，离EFC和杭州西站很近，非常方便，房间设施设备维护得很好，酒店整体不是很明亮的灯光，氛围感十足都很好，工作人员也很贴心，房间升级到了套房，非常开心，泳池健身房人很少，这点非常好，体验拉满，最后再次表扬一下服务都非常好，客房服务员很热情，前台和餐厅服务也极其贴心，后续还会考虑入住。

## Hotel response
尊敬的宾客：感谢您如此细致地分享这次“体验拉满”的入住时光！从余杭区的便利位置、套房升级的惊喜，到泳池健身房的静谧氛围——您字里行间的满意，是对我们团队最温暖的褒奖。特别感谢您对客房、前台及餐厅服务的连环表扬，这份认可已化作同事们眉梢的笑意与心间的动力。您提到的“灯光氛围感十足”与“设施维护完好”，正是我们默默守护的日常追求。",https://hotels.ctrip.com/hotels/70492076.html
1984669657,70492076,洲至奢选杭州华夏之心酒店,ctrip,2026-06-14T19:46:30,2026-06,,5,点评达人,True,发布于上海,商务出差,豪华房超大床,CN,5,超棒,Cleanliness: 5.0; Location: 5.0; Service: 5.0; Facilities: 5.0,非常适合出差人士的酒店！强烈安利！物品摆放的非常整齐，设施齐全，配备了四个枕头，还有其他枕头也可以选择。房间安排的很不错，没有临街，很是安静。感谢前厅部管家的周到服务[呲牙],,False,True,0,3,False,尊敬的宾客：感谢您作为出差人士的强烈安利！很高兴您对物品摆放的整齐、齐全的设施（尤其是多枕头选择）、安静的房间安排以及前厅部管家的周到服务感到满意。您的认可是我们前行的动力，期待下次继续为您提供同样优质的入住体验！,2026-06-15T00:00:00,"# 洲至奢选杭州华夏之心酒店 review (Ctrip)

**Rating:** 5.0/5 ★★★★★
**Travel type:** 商务出差

## Review
非常适合出差人士的酒店！强烈安利！物品摆放的非常整齐，设施齐全，配备了四个枕头，还有其他枕头也可以选择。房间安排的很不错，没有临街，很是安静。感谢前厅部管家的周到服务[呲牙]

## Hotel response
尊敬的宾客：感谢您作为出差人士的强烈安利！很高兴您对物品摆放的整齐、齐全的设施（尤其是多枕头选择）、安静的房间安排以及前厅部管家的周到服务感到满意。您的认可是我们前行的动力，期待下次继续为您提供同样优质的入住体验！",https://hotels.ctrip.com/hotels/70492076.html
1884124249,70492076,洲至奢选杭州华夏之心酒店,ctrip,2026-03-22T18:50:24,2026-03,,1,点评新星,True,发布于浙江,朋友出游,豪华房双床,CN,5,超棒,Cleanliness: 5.0; Location: 5.0; Service: 5.0; Facilities: 5.0,这次入住很满意，地理位置加分，离地铁和商场都非常近，出门很方便。房间干净，床品舒服，休息得很好。服务态度很好，整体物有所值，个人比较推荐。,,False,True,0,4,False,尊敬的宾客：感谢您的推荐与认可！很高兴酒店的地理位置、房间卫生及服务态度能为您带来物超所值的体验，您的满意是我们最大的动力。期待下次继续以舒适与便捷迎接您的到来！,2026-03-23T00:00:00,"# 洲至奢选杭州华夏之心酒店 review (Ctrip)

**Rating:** 5.0/5 ★★★★★
**Travel type:** 朋友出游

## Review
这次入住很满意，地理位置加分，离地铁和商场都非常近，出门很方便。房间干净，床品舒服，休息得很好。服务态度很好，整体物有所值，个人比较推荐。

## Hotel response
尊敬的宾客：感谢您的推荐与认可！很高兴酒店的地理位置、房间卫生及服务态度能为您带来物超所值的体验，您的满意是我们最大的动力。期待下次继续以舒适与便捷迎接您的到来！",https://hotels.ctrip.com/hotels/70492076.html
1933720335,70492076,洲至奢选杭州华夏之心酒店,ctrip,2026-05-03T19:17:52,2026-05,,5,点评达人,True,发布于浙江,其他,豪华房超大床,CN,5,超棒,Cleanliness: 5.0; Location: 5.0; Service: 5.0; Facilities: 5.0,房间很不错，给我升级了，没想到是套房，真的很不错，床品，房间的布置都很舒服！,,False,True,0,2,False,尊敬的宾客：感谢您的满分好评！很高兴您惊喜于升级后的套房，并对床品与房间布置感到舒适满意。您的认可是我们最大的动力，期待下次继续为您带来同样美好的入住体验！,2026-05-06T00:00:00,"# 洲至奢选杭州华夏之心酒店 review (Ctrip)

**Rating:** 5.0/5 ★★★★★
**Travel type:** 其他

## Review
房间很不错，给我升级了，没想到是套房，真的很不错，床品，房间的布置都很舒服！

## Hotel response
尊敬的宾客：感谢您的满分好评！很高兴您惊喜于升级后的套房，并对床品与房间布置感到舒适满意。您的认可是我们最大的动力，期待下次继续为您带来同样美好的入住体验！",https://hotels.ctrip.com/hotels/70492076.html
1921924341,70492076,洲至奢选杭州华夏之心酒店,ctrip,2026-04-24T14:24:05,2026-04,Penelope Pan,33,点评专家,False,发布于浙江,独自旅行,豪华房超大床,CN,5,超棒,Cleanliness: 5.0; Location: 5.0; Service: 5.0; Facilities: 5.0,"酒店设施很完善
交通方便附近餐厅也多
六楼豫钱塘胡辣汤非常好喝
前台小姐姐也很可爱
下次还住",,False,True,0,4,False,尊敬的宾客：感谢您的喜爱与支持！很高兴您对酒店设施、交通位置及周边餐饮表示认可，尤其开心您喜欢六楼豫钱塘的胡辣汤，这碗地道风味能得到您的称赞，我们倍感荣幸。前台小姐姐的可爱与热情也因您的肯定而更有意义。期待您下次继续选择我们，再为您奉上温暖的入住体验！,2026-04-28T00:00:00,"# 洲至奢选杭州华夏之心酒店 review (Ctrip)

**Rating:** 5.0/5 ★★★★★
**Travel type:** 独自旅行

## Review
酒店设施很完善
交通方便附近餐厅也多
六楼豫钱塘胡辣汤非常好喝
前台小姐姐也很可爱
下次还住

## Hotel response
尊敬的宾客：感谢您的喜爱与支持！很高兴您对酒店设施、交通位置及周边餐饮表示认可，尤其开心您喜欢六楼豫钱塘的胡辣汤，这碗地道风味能得到您的称赞，我们倍感荣幸。前台小姐姐的可爱与热情也因您的肯定而更有意义。期待您下次继续选择我们，再为您奉上温暖的入住体验！",https://hotels.ctrip.com/hotels/70492076.html
1879533697,70492076,洲至奢选杭州华夏之心酒店,ctrip,2026-03-18T11:03:47,2026-03,,1,点评新星,True,发布于江苏,独自旅行,豪华房超大床,CN,5,超棒,Cleanliness: 5.0; Location: 5.0; Service: 5.0; Facilities: 5.0,酒店位置很好，出行方便，服务水平也很高，房间也挺大的，干净又整洁，早餐种类丰富，下次来杭州还会入住！,,False,True,0,3,False,尊敬的宾客：感谢您细致分享此次入住体验！您对酒店位置、服务水准、房间宽敞度、卫生清洁及早餐丰富性的全面认可，让我们倍感荣幸。很高兴杭州之行能为您留下美好记忆，我们已认真记录您的偏好，期待下次重逢时继续以同样高品质的服务迎接您的归来！,2026-03-19T00:00:00,"# 洲至奢选杭州华夏之心酒店 review (Ctrip)

**Rating:** 5.0/5 ★★★★★
**Travel type:** 独自旅行

## Review
酒店位置很好，出行方便，服务水平也很高，房间也挺大的，干净又整洁，早餐种类丰富，下次来杭州还会入住！

## Hotel response
尊敬的宾客：感谢您细致分享此次入住体验！您对酒店位置、服务水准、房间宽敞度、卫生清洁及早餐丰富性的全面认可，让我们倍感荣幸。很高兴杭州之行能为您留下美好记忆，我们已认真记录您的偏好，期待下次重逢时继续以同样高品质的服务迎接您的归来！",https://hotels.ctrip.com/hotels/70492076.html
1877647433,70492076,洲至奢选杭州华夏之心酒店,ctrip,2026-03-16T16:26:27,2026-03,求带的小爱,11,点评达人,False,发布于北京,商务出差,豪华房超大床,CN,5,超棒,Cleanliness: 5.0; Location: 5.0; Service: 5.0; Facilities: 5.0,交通便利周边就是商圈和小食街，房间装修轻奢风格，简单舒服，干净卫生，前台员工热情友善，是一次完美的旅程,,False,True,1,9,False,尊敬的宾客：感谢您用“完美旅程”定义这次入住体验！您对交通便利性、轻奢设计风格、卫生细节及前台服务的全面认可，让我们倍感荣幸。能成为您探索周边商圈与小食街的舒适据点，是我们最开心的事。期待下次继续以简约温暖的风格，为您创造更多完美瞬间！,2026-03-19T00:00:00,"# 洲至奢选杭州华夏之心酒店 review (Ctrip)

**Rating:** 5.0/5 ★★★★★
**Travel type:** 商务出差

## Review
交通便利周边就是商圈和小食街，房间装修轻奢风格，简单舒服，干净卫生，前台员工热情友善，是一次完美的旅程

## Hotel response
尊敬的宾客：感谢您用“完美旅程”定义这次入住体验！您对交通便利性、轻奢设计风格、卫生细节及前台服务的全面认可，让我们倍感荣幸。能成为您探索周边商圈与小食街的舒适据点，是我们最开心的事。期待下次继续以简约温暖的风格，为您创造更多完美瞬间！",https://hotels.ctrip.com/hotels/70492076.html
1948001639,70492076,洲至奢选杭州华夏之心酒店,ctrip,2026-05-14T21:44:25,2026-03,,4,点评新星,True,发布于浙江,朋友出游,豪华房双床,CN,5,超棒,Cleanliness: 5.0; Location: 5.0; Service: 5.0; Facilities: 5.0,整酒店位置优越、环境干净整洁，前台服务热情周到，办理入住退房都很快。房间设施齐全、床品舒服，隔音也很好，住着特别安心，性价比很高，下次来还会选择这家，推荐入住！,,False,True,0,1,False,尊敬的宾客：感谢您的细致好评与真诚推荐！从优越的位置、整洁的环境、热情高效的前台服务，到齐全的设施、舒适的床品与安心的隔音——您字里行间的认可，是对我们最大的鼓励。期待下次继续为您提供同样高性价比的入住体验！,2026-05-19T00:00:00,"# 洲至奢选杭州华夏之心酒店 review (Ctrip)

**Rating:** 5.0/5 ★★★★★
**Travel type:** 朋友出游

## Review
整酒店位置优越、环境干净整洁，前台服务热情周到，办理入住退房都很快。房间设施齐全、床品舒服，隔音也很好，住着特别安心，性价比很高，下次来还会选择这家，推荐入住！

## Hotel response
尊敬的宾客：感谢您的细致好评与真诚推荐！从优越的位置、整洁的环境、热情高效的前台服务，到齐全的设施、舒适的床品与安心的隔音——您字里行间的认可，是对我们最大的鼓励。期待下次继续为您提供同样高性价比的入住体验！",https://hotels.ctrip.com/hotels/70492076.html
1851513227,70492076,洲至奢选杭州华夏之心酒店,ctrip,2026-02-21T15:57:25,2026-02,Maxxie XY,20,点评达人,False,发布于江苏,家庭亲子,豪华房双床,CN,5,超棒,Cleanliness: 5.0; Location: 5.0; Service: 5.0; Facilities: 5.0,"已经是第二次入住了
很喜欢这家酒店
精品酒店的感觉
春节期间人也不是很多
房间做了升级，面积很大
床品也很舒适",,False,True,1,5,False,尊敬的宾客：感谢您再次选择我们酒店，并分享如此温暖的评价！作为重逢的老朋友，您的喜爱是我们最珍贵的礼物。很高兴您感受到精品酒店的独特氛围，更欣慰春节期间的升级房型、宽敞空间与舒适床品能为您延续美好的入住记忆。,2026-02-24T00:00:00,"# 洲至奢选杭州华夏之心酒店 review (Ctrip)

**Rating:** 5.0/5 ★★★★★
**Travel type:** 家庭亲子

## Review
已经是第二次入住了
很喜欢这家酒店
精品酒店的感觉
春节期间人也不是很多
房间做了升级，面积很大
床品也很舒适

## Hotel response
尊敬的宾客：感谢您再次选择我们酒店，并分享如此温暖的评价！作为重逢的老朋友，您的喜爱是我们最珍贵的礼物。很高兴您感受到精品酒店的独特氛围，更欣慰春节期间的升级房型、宽敞空间与舒适床品能为您延续美好的入住记忆。",https://hotels.ctrip.com/hotels/70492076.html
1880114909,70492076,洲至奢选杭州华夏之心酒店,ctrip,2026-03-18T18:59:07,2026-03,,7,点评达人,True,发布于内蒙古,家庭亲子,豪华房双床,CN,5,超棒,Cleanliness: 5.0; Location: 5.0; Service: 5.0; Facilities: 5.0,酒店非常棒，前台小姐姐超级温柔，房间卫生也特别好，非常满意这家酒店！！,,False,True,0,3,False,尊敬的宾客：感谢您用双倍的“非常满意”为我们注入满满的动力！您对前台小姐姐温柔服务的认可、对房间卫生细节的肯定，正是我们团队日复一日坚守的初心。您的鼓励已第一时间传达给前台与客房部，她们将因这份认可而倍感温暖。期待下次重逢时，继续以温柔与洁净拥抱您的每一次归来！,2026-03-19T00:00:00,"# 洲至奢选杭州华夏之心酒店 review (Ctrip)

**Rating:** 5.0/5 ★★★★★
**Travel type:** 家庭亲子

## Review
酒店非常棒，前台小姐姐超级温柔，房间卫生也特别好，非常满意这家酒店！！

## Hotel response
尊敬的宾客：感谢您用双倍的“非常满意”为我们注入满满的动力！您对前台小姐姐温柔服务的认可、对房间卫生细节的肯定，正是我们团队日复一日坚守的初心。您的鼓励已第一时间传达给前台与客房部，她们将因这份认可而倍感温暖。期待下次重逢时，继续以温柔与洁净拥抱您的每一次归来！",https://hotels.ctrip.com/hotels/70492076.html
1895305973,70492076,洲至奢选杭州华夏之心酒店,ctrip,2026-04-01T18:10:55,2026-03,,11,点评达人,True,发布于河南,其他,豪华房超大床,CN,5,超棒,Cleanliness: 5.0; Location: 5.0; Service: 5.0; Facilities: 5.0,这家酒店位置很便利，紧邻杭州西站，出行交通非常省心。房间内的设施设备维护得不错，健身房体验也很好。尤其值得一提的是服务人员，前台很热情，见面都会主动问好，响应速度也很快，整体性价比挺高的。,,False,True,0,3,False,尊敬的宾客：感谢您的好评！很高兴酒店紧邻杭州西站的便利位置、完善的设施及健身房体验能让您满意，更欣慰前台热情主动的服务为您留下了深刻印象。您的认可与高性价比评价是我们前行的动力，期待下次继续为您提供省心舒适的入住体验。,2026-04-09T00:00:00,"# 洲至奢选杭州华夏之心酒店 review (Ctrip)

**Rating:** 5.0/5 ★★★★★
**Travel type:** 其他

## Review
这家酒店位置很便利，紧邻杭州西站，出行交通非常省心。房间内的设施设备维护得不错，健身房体验也很好。尤其值得一提的是服务人员，前台很热情，见面都会主动问好，响应速度也很快，整体性价比挺高的。

## Hotel response
尊敬的宾客：感谢您的好评！很高兴酒店紧邻杭州西站的便利位置、完善的设施及健身房体验能让您满意，更欣慰前台热情主动的服务为您留下了深刻印象。您的认可与高性价比评价是我们前行的动力，期待下次继续为您提供省心舒适的入住体验。",https://hotels.ctrip.com/hotels/70492076.html
1949648633,70492076,洲至奢选杭州华夏之心酒店,ctrip,2026-05-16T14:57:11,2026-05,,2,点评新星,True,发布于浙江,朋友出游,豪华房超大床,CN,5,超棒,Cleanliness: 5.0; Location: 5.0; Service: 5.0; Facilities: 5.0,周边就是美塘广场，有很多好吃好玩的地方。前台接待很热情，Lucas帮忙协调了房型升级，两个人住的很舒适，下次还会再来۶•͈⚇•͈♡,,False,True,0,1,False,尊敬的宾客：感谢您的喜爱与认可！很高兴酒店周边的美瑭广场为您提供了丰富的吃喝玩乐选择，更欣慰前台Lucas的热情协调与房型升级让您和同伴住得舒适。期待下次继续为您带来同样愉快的入住体验！,2026-05-19T00:00:00,"# 洲至奢选杭州华夏之心酒店 review (Ctrip)

**Rating:** 5.0/5 ★★★★★
**Travel type:** 朋友出游

## Review
周边就是美塘广场，有很多好吃好玩的地方。前台接待很热情，Lucas帮忙协调了房型升级，两个人住的很舒适，下次还会再来۶•͈⚇•͈♡

## Hotel response
尊敬的宾客：感谢您的喜爱与认可！很高兴酒店周边的美瑭广场为您提供了丰富的吃喝玩乐选择，更欣慰前台Lucas的热情协调与房型升级让您和同伴住得舒适。期待下次继续为您带来同样愉快的入住体验！",https://hotels.ctrip.com/hotels/70492076.html
1750690151,70492076,洲至奢选杭州华夏之心酒店,ctrip,2025-11-14T16:47:36,2025-11,Serena 丁丁丁,18,点评达人,False,发布于浙江,商务出差,豪华房超大床,CN,5,超棒,Cleanliness: 5.0; Location: 5.0; Service: 5.0; Facilities: 5.0,"设施：干净整洁房间宽敞明亮，酒店有游泳和spa很方便。

服务：服务很好也很周到，会帮忙打印文件。

环境：整体装修和环境都很好。推荐入住！",,False,True,0,4,False,尊敬的宾客：感谢您的真诚推荐与细致分享！很高兴您对酒店的设施（尤其是泳池与SPA的便利性）、周到服务（文件打印等细节）及整体环境感到满意，这正是我们始终追求的服务标准。您的认可让我们倍感鼓舞，期待下次继续为您创造同样完美的入住体验！祝您生活愉快，万事顺心！,2025-11-17T00:00:00,"# 洲至奢选杭州华夏之心酒店 review (Ctrip)

**Rating:** 5.0/5 ★★★★★
**Travel type:** 商务出差

## Review
设施：干净整洁房间宽敞明亮，酒店有游泳和spa很方便。

服务：服务很好也很周到，会帮忙打印文件。

环境：整体装修和环境都很好。推荐入住！

## Hotel response
尊敬的宾客：感谢您的真诚推荐与细致分享！很高兴您对酒店的设施（尤其是泳池与SPA的便利性）、周到服务（文件打印等细节）及整体环境感到满意，这正是我们始终追求的服务标准。您的认可让我们倍感鼓舞，期待下次继续为您创造同样完美的入住体验！祝您生活愉快，万事顺心！",https://hotels.ctrip.com/hotels/70492076.html
1969981551,70492076,洲至奢选杭州华夏之心酒店,ctrip,2026-06-02T13:35:43,2026-05,,3,点评新星,True,发布于内蒙古,独自旅行,豪华房超大床,CN,5,超棒,Cleanliness: 5.0; Location: 5.0; Service: 5.0; Facilities: 5.0,房间和床都超级无敌大 位置也很好离地铁站不远旁边就是商场有很多吃的！Shirley管家回答问题很有耐心，服务周到还送了欢迎水果和手写卡，很贴心哟～很好的杭州体验 出差可选！,,False,True,0,0,False,尊敬的宾客：感谢您超级无敌暖心的好评！很高兴“超级无敌大”的房间和床能让您舒展身心，优越的位置与周边商场更添便利。特别感谢您对管家 Shirley 耐心服务、手写卡及欢迎水果的细致认可——她的贴心是我们团队的缩影，您的鼓励已第一时间传达。期待下次出差或旅行时，继续为您带来同样难忘的杭州体验！,2026-06-04T00:00:00,"# 洲至奢选杭州华夏之心酒店 review (Ctrip)

**Rating:** 5.0/5 ★★★★★
**Travel type:** 独自旅行

## Review
房间和床都超级无敌大 位置也很好离地铁站不远旁边就是商场有很多吃的！Shirley管家回答问题很有耐心，服务周到还送了欢迎水果和手写卡，很贴心哟～很好的杭州体验 出差可选！

## Hotel response
尊敬的宾客：感谢您超级无敌暖心的好评！很高兴“超级无敌大”的房间和床能让您舒展身心，优越的位置与周边商场更添便利。特别感谢您对管家 Shirley 耐心服务、手写卡及欢迎水果的细致认可——她的贴心是我们团队的缩影，您的鼓励已第一时间传达。期待下次出差或旅行时，继续为您带来同样难忘的杭州体验！",https://hotels.ctrip.com/hotels/70492076.html
1669475351,70492076,洲至奢选杭州华夏之心酒店,ctrip,2025-09-12T10:42:31,2025-08,权志龙的J,8,点评达人,False,发布于广东,家庭亲子,豪华房双床,CN,5,超棒,Cleanliness: 5.0; Location: 5.0; Service: 5.0; Facilities: 5.0,"杭州的末章，悄然写于城央一隅——洲至奢选酒店，毗邻亲友居所，亦成为此行中一段静雅注脚。

酒店隐于繁华，却未远离尘嚣。信步可达多处商厦与街巷，餐饮、购物、闲趣，皆在咫尺之间，市声近而心境远。

推门入室，便落进一片宽澈澄明。空间不语，却以当代笔触勾勒从容，器物的排布皆可见其品味的沉淀。卧榻温柔，承托一日漫游的倦意。最是浴室一角，藏着由Byredo铺陈的嗅觉诗篇——清冷中藏着一丝温柔，沐浴时分，恍若置身谧静之地。

虽偶生微澜，但服务之暖终将点滴熨平。客房侍应细致相待，言笑温煦，应答如风。临别时，经理携礼致歉，语息真诚，教人看见了一家酒店于标准之外的性情。

如是，这居停不再只是途经之所，更成了愿再次回望的杭州记忆。下次来时，仍愿借宿此间，与熟悉的味道、光线与人情，淡淡地，再会",,False,True,1,3,False,尊敬的宾客：感谢您以诗意的笔触描绘这段居停时光，您笔下的洲至奢选仿佛一卷杭城写意画，令我们深感荣幸。酒店致力于在繁华中为旅人辟一方静谧之境。愿下次再会时，仍是熟悉的味道、光线与人情，一如故人归。,2025-09-15T00:00:00,"# 洲至奢选杭州华夏之心酒店 review (Ctrip)

**Rating:** 5.0/5 ★★★★★
**Travel type:** 家庭亲子

## Review
杭州的末章，悄然写于城央一隅——洲至奢选酒店，毗邻亲友居所，亦成为此行中一段静雅注脚。

酒店隐于繁华，却未远离尘嚣。信步可达多处商厦与街巷，餐饮、购物、闲趣，皆在咫尺之间，市声近而心境远。

推门入室，便落进一片宽澈澄明。空间不语，却以当代笔触勾勒从容，器物的排布皆可见其品味的沉淀。卧榻温柔，承托一日漫游的倦意。最是浴室一角，藏着由Byredo铺陈的嗅觉诗篇——清冷中藏着一丝温柔，沐浴时分，恍若置身谧静之地。

虽偶生微澜，但服务之暖终将点滴熨平。客房侍应细致相待，言笑温煦，应答如风。临别时，经理携礼致歉，语息真诚，教人看见了一家酒店于标准之外的性情。

如是，这居停不再只是途经之所，更成了愿再次回望的杭州记忆。下次来时，仍愿借宿此间，与熟悉的味道、光线与人情，淡淡地，再会

## Hotel response
尊敬的宾客：感谢您以诗意的笔触描绘这段居停时光，您笔下的洲至奢选仿佛一卷杭城写意画，令我们深感荣幸。酒店致力于在繁华中为旅人辟一方静谧之境。愿下次再会时，仍是熟悉的味道、光线与人情，一如故人归。",https://hotels.ctrip.com/hotels/70492076.html
1857682203,70492076,洲至奢选杭州华夏之心酒店,ctrip,2026-02-25T17:20:26,2026-02,,80,点评专家,True,发布于上海,商务出差,豪华房超大床,CN,5,超棒,Cleanliness: 5.0; Location: 5.0; Service: 5.0; Facilities: 5.0,推荐这家酒店！位置优越，杭州西站边上，步行可达，交通出行十分便利。接待人员笑容亲切，办理流程顺畅快速。服务很好很贴心，房间室内布局合理，采光通风俱佳。卫生清洁工作做得非常到位，无任何死角。全程体验感很好，值得再次光顾👍,,False,True,1,0,False,尊敬的宾客：感谢您的用心推荐与满分好评！您对酒店位置便利性、接待效率、房间布局及卫生细节的全面认可，让我们倍感鼓舞。很高兴每一步体验都能为您留下深刻印象，更欣慰“值得再次光顾”成为您对我们的评价。期待与您再次相遇，祝旅途始终顺畅舒心！,2026-03-02T00:00:00,"# 洲至奢选杭州华夏之心酒店 review (Ctrip)

**Rating:** 5.0/5 ★★★★★
**Travel type:** 商务出差

## Review
推荐这家酒店！位置优越，杭州西站边上，步行可达，交通出行十分便利。接待人员笑容亲切，办理流程顺畅快速。服务很好很贴心，房间室内布局合理，采光通风俱佳。卫生清洁工作做得非常到位，无任何死角。全程体验感很好，值得再次光顾👍

## Hotel response
尊敬的宾客：感谢您的用心推荐与满分好评！您对酒店位置便利性、接待效率、房间布局及卫生细节的全面认可，让我们倍感鼓舞。很高兴每一步体验都能为您留下深刻印象，更欣慰“值得再次光顾”成为您对我们的评价。期待与您再次相遇，祝旅途始终顺畅舒心！",https://hotels.ctrip.com/hotels/70492076.html
1930702517,70492076,洲至奢选杭州华夏之心酒店,ctrip,2026-05-01T14:40:24,2026-04,,58,点评专家,True,发布于浙江,商务出差,豪华房双床,CN,5,超棒,Cleanliness: 5.0; Location: 5.0; Service: 5.0; Facilities: 5.0,"这个酒店整体挺好的，前台服务的接待以及退房时的美女都很棒，服务态度优秀，又帅又美又耐心的服务。
房间也可圈可点。符合可推荐酒店。",,False,True,0,0,False,尊敬的宾客：感谢您的好评与推荐！很高兴您对前台接待及退房团队的服务感到满意，他们的专业与耐心是我们团队的缩影。同时感谢您对房间的认可，期待下次继续为您提供同样优质的入住体验！,2026-05-06T00:00:00,"# 洲至奢选杭州华夏之心酒店 review (Ctrip)

**Rating:** 5.0/5 ★★★★★
**Travel type:** 商务出差

## Review
这个酒店整体挺好的，前台服务的接待以及退房时的美女都很棒，服务态度优秀，又帅又美又耐心的服务。
房间也可圈可点。符合可推荐酒店。

## Hotel response
尊敬的宾客：感谢您的好评与推荐！很高兴您对前台接待及退房团队的服务感到满意，他们的专业与耐心是我们团队的缩影。同时感谢您对房间的认可，期待下次继续为您提供同样优质的入住体验！",https://hotels.ctrip.com/hotels/70492076.html
1581189149,70492076,洲至奢选杭州华夏之心酒店,ctrip,2025-07-06T15:41:32,2025-07,,33,点评专家,True,发布于浙江,家庭亲子,豪华房双床,CN,5,超棒,Cleanliness: 5.0; Location: 5.0; Service: 5.0; Facilities: 5.0,酒店地理位置优越，靠近商场，房间设施齐全，卫生干净整洁，床铺舒适。前台服务周到，员工热情细心，服务态度专业，强烈推荐！酒店地理位置优越，靠近商场，房间设施齐全，卫生干净整洁，床铺舒适。前台服务周到，员工热情细心，服务态度专业，强烈推荐！,,False,True,1,1,False,尊敬的宾客：感谢您的推荐与肯定！很高兴您对酒店的地理位置、房间设施及卫生标准感到满意，尤其是前台团队的专业服务为您留下了深刻印象。您的支持是我们前进的动力，我们将继续保持高品质服务，期待下次为您带来更完美的入住体验！祝您生活愉快！,2025-07-07T00:00:00,"# 洲至奢选杭州华夏之心酒店 review (Ctrip)

**Rating:** 5.0/5 ★★★★★
**Travel type:** 家庭亲子

## Review
酒店地理位置优越，靠近商场，房间设施齐全，卫生干净整洁，床铺舒适。前台服务周到，员工热情细心，服务态度专业，强烈推荐！酒店地理位置优越，靠近商场，房间设施齐全，卫生干净整洁，床铺舒适。前台服务周到，员工热情细心，服务态度专业，强烈推荐！

## Hotel response
尊敬的宾客：感谢您的推荐与肯定！很高兴您对酒店的地理位置、房间设施及卫生标准感到满意，尤其是前台团队的专业服务为您留下了深刻印象。您的支持是我们前进的动力，我们将继续保持高品质服务，期待下次为您带来更完美的入住体验！祝您生活愉快！",https://hotels.ctrip.com/hotels/70492076.html
1597950063,70492076,洲至奢选杭州华夏之心酒店,ctrip,2025-07-19T14:23:56,2025-07,AIRORANGE,10,点评达人,False,发布于浙江,其他,豪华房超大床,CN,5,超棒,Cleanliness: 5.0; Location: 5.0; Service: 5.0; Facilities: 5.0,临时订的这家酒店，酒店设施都很新，卫生状况很好，前台Vivi服务专业，办理入住速度快，能主动照顾到客人对房间的需求非常满意的一次体验！向酒店服务团队表达感谢。下次来杭州还会选择这家酒店。,,False,True,1,1,False,尊敬的宾客：感谢您的用心评价！很高兴您在临时预订的情况下依然收获完美体验——从全新设施到细致卫生，再到Vivi高效专业的服务，每个细节都能让您满意，是我们最大的欣慰。您对前台主动关注需求的肯定，正是我们“预见式服务”追求的标杆。,2025-07-23T00:00:00,"# 洲至奢选杭州华夏之心酒店 review (Ctrip)

**Rating:** 5.0/5 ★★★★★
**Travel type:** 其他

## Review
临时订的这家酒店，酒店设施都很新，卫生状况很好，前台Vivi服务专业，办理入住速度快，能主动照顾到客人对房间的需求非常满意的一次体验！向酒店服务团队表达感谢。下次来杭州还会选择这家酒店。

## Hotel response
尊敬的宾客：感谢您的用心评价！很高兴您在临时预订的情况下依然收获完美体验——从全新设施到细致卫生，再到Vivi高效专业的服务，每个细节都能让您满意，是我们最大的欣慰。您对前台主动关注需求的肯定，正是我们“预见式服务”追求的标杆。",https://hotels.ctrip.com/hotels/70492076.html
1641087093,70492076,洲至奢选杭州华夏之心酒店,ctrip,2025-08-19T20:08:28,2025-08,,7,点评达人,True,发布于广东,商务出差,豪华房超大床,CN,5,超棒,Cleanliness: 5.0; Location: 5.0; Service: 5.0; Facilities: 5.0,前台服务很好，细心又专业，房间挺新的，住起来很舒服，早餐种类也很丰富。酒店旁边就是商场，地铁也很近，很方便！,,False,True,1,3,False,尊敬的宾客：感谢您的用心分享！很高兴您对前台的专业服务、房间的舒适度及早餐品质感到满意，更欣慰酒店的便捷位置为您的行程增添了便利。您的认可已传达至团队。期待下次继续为您提供超越期待的体验！,2025-08-20T00:00:00,"# 洲至奢选杭州华夏之心酒店 review (Ctrip)

**Rating:** 5.0/5 ★★★★★
**Travel type:** 商务出差

## Review
前台服务很好，细心又专业，房间挺新的，住起来很舒服，早餐种类也很丰富。酒店旁边就是商场，地铁也很近，很方便！

## Hotel response
尊敬的宾客：感谢您的用心分享！很高兴您对前台的专业服务、房间的舒适度及早餐品质感到满意，更欣慰酒店的便捷位置为您的行程增添了便利。您的认可已传达至团队。期待下次继续为您提供超越期待的体验！",https://hotels.ctrip.com/hotels/70492076.html
1632133419,70492076,洲至奢选杭州华夏之心酒店,ctrip,2025-08-13T16:05:55,2025-08,,14,点评达人,True,发布于浙江,朋友出游,豪华房超大床,CN,5,超棒,Cleanliness: 5.0; Location: 5.0; Service: 5.0; Facilities: 5.0,"入住体验还不错，住的不错又续住了，前厅服务很赞，根据我的要求帮我安排了房间。
环境还不错，后续来这边还会考虑入住。",,False,True,0,3,False,尊敬的宾客：感谢您的持续信赖！很高兴您在入住期间感受到前厅团队的贴心服务，尤其是根据需求灵活安排房间的细节能得到您的认可，我们倍感欣慰。您的“续住”选择是对我们最大的肯定。期待与您再次相见，祝您旅途始终顺心！,2025-08-18T00:00:00,"# 洲至奢选杭州华夏之心酒店 review (Ctrip)

**Rating:** 5.0/5 ★★★★★
**Travel type:** 朋友出游

## Review
入住体验还不错，住的不错又续住了，前厅服务很赞，根据我的要求帮我安排了房间。
环境还不错，后续来这边还会考虑入住。

## Hotel response
尊敬的宾客：感谢您的持续信赖！很高兴您在入住期间感受到前厅团队的贴心服务，尤其是根据需求灵活安排房间的细节能得到您的认可，我们倍感欣慰。您的“续住”选择是对我们最大的肯定。期待与您再次相见，祝您旅途始终顺心！",https://hotels.ctrip.com/hotels/70492076.html
1701374365,70492076,洲至奢选杭州华夏之心酒店,ctrip,2025-10-07T15:18:00,2025-10,,1,点评新星,True,发布于上海,家庭亲子,豪华房双床,CN,5,超棒,Cleanliness: 5.0; Location: 5.0; Service: 5.0; Facilities: 5.0,服务都还是不错的，还送了一份小吃，很精致，小朋友很喜欢,,False,True,0,2,False,尊敬的宾客：感谢您的认可！很高兴您对酒店的服务和精心准备的小吃感到满意，更欣慰这份小心意能获得小朋友的喜爱。我们始终关注每一位家庭成员的需求，期待下次继续为您和家人创造温暖回忆！祝您阖家欢乐，旅途顺心！,2025-10-09T00:00:00,"# 洲至奢选杭州华夏之心酒店 review (Ctrip)

**Rating:** 5.0/5 ★★★★★
**Travel type:** 家庭亲子

## Review
服务都还是不错的，还送了一份小吃，很精致，小朋友很喜欢

## Hotel response
尊敬的宾客：感谢您的认可！很高兴您对酒店的服务和精心准备的小吃感到满意，更欣慰这份小心意能获得小朋友的喜爱。我们始终关注每一位家庭成员的需求，期待下次继续为您和家人创造温暖回忆！祝您阖家欢乐，旅途顺心！",https://hotels.ctrip.com/hotels/70492076.html
1606187147,70492076,洲至奢选杭州华夏之心酒店,ctrip,2025-07-25T17:35:49,2025-07,,4,点评新星,True,发布于浙江,商务出差,豪华房双床,CN,5,超棒,Cleanliness: 5.0; Location: 5.0; Service: 5.0; Facilities: 5.0,"酒店非常好 因为可以积IHG积分 所以变成了杭州首选 所以一直选的他家 
Thea 也非常好 急客户之所急 想客户之所想",,False,True,0,2,False,尊敬的宾客：感谢您长期以来的信任与支持！作为IHG忠实会员，您对我们的偏爱让我们倍感荣幸。特别感谢您对 Thea 的认可期待每次相遇都让您收获更多惊喜，祝您旅途始终顺心！,2025-07-28T00:00:00,"# 洲至奢选杭州华夏之心酒店 review (Ctrip)

**Rating:** 5.0/5 ★★★★★
**Travel type:** 商务出差

## Review
酒店非常好 因为可以积IHG积分 所以变成了杭州首选 所以一直选的他家 
Thea 也非常好 急客户之所急 想客户之所想

## Hotel response
尊敬的宾客：感谢您长期以来的信任与支持！作为IHG忠实会员，您对我们的偏爱让我们倍感荣幸。特别感谢您对 Thea 的认可期待每次相遇都让您收获更多惊喜，祝您旅途始终顺心！",https://hotels.ctrip.com/hotels/70492076.html
1685463881,70492076,洲至奢选杭州华夏之心酒店,ctrip,2025-09-26T18:57:42,2025-09,薇薇,7,点评达人,False,发布于上海,朋友出游,豪华房双床,CN,5,超棒,Cleanliness: 5.0; Location: 5.0; Service: 5.0; Facilities: 5.0,高大尚，很方便，隔壁就是美唐广场，环境也很好下次来还会住,,False,True,1,1,False,尊敬的宾客：感谢您的认可！很高兴您喜欢酒店的环境与便利位置，毗邻美瑭广场确实能为您的旅程增添许多便捷与乐趣。您的再次选择是我们最大的动力。期待下次再见，祝您探索更多城市精彩！,2025-10-09T00:00:00,"# 洲至奢选杭州华夏之心酒店 review (Ctrip)

**Rating:** 5.0/5 ★★★★★
**Travel type:** 朋友出游

## Review
高大尚，很方便，隔壁就是美唐广场，环境也很好下次来还会住

## Hotel response
尊敬的宾客：感谢您的认可！很高兴您喜欢酒店的环境与便利位置，毗邻美瑭广场确实能为您的旅程增添许多便捷与乐趣。您的再次选择是我们最大的动力。期待下次再见，祝您探索更多城市精彩！",https://hotels.ctrip.com/hotels/70492076.html
1665695075,70492076,洲至奢选杭州华夏之心酒店,ctrip,2025-09-08T14:32:13,2025-09,,1,点评新星,True,发布于浙江,商务出差,豪华房超大床,CN,5,超棒,Cleanliness: 5.0; Location: 5.0; Service: 5.0; Facilities: 5.0,卫生/环境好，前台服务度极佳，非常满意的一次住宿体验。,,False,True,1,2,False,尊敬的宾客：感谢您的满分好评！很高兴您对酒店的卫生、环境及前台服务感到满意，您的认可让我们倍感鼓舞。我们将继续保持高标准，期待下次为您带来更完美的入住体验！祝您生活愉快，万事顺心！,2025-09-15T00:00:00,"# 洲至奢选杭州华夏之心酒店 review (Ctrip)

**Rating:** 5.0/5 ★★★★★
**Travel type:** 商务出差

## Review
卫生/环境好，前台服务度极佳，非常满意的一次住宿体验。

## Hotel response
尊敬的宾客：感谢您的满分好评！很高兴您对酒店的卫生、环境及前台服务感到满意，您的认可让我们倍感鼓舞。我们将继续保持高标准，期待下次为您带来更完美的入住体验！祝您生活愉快，万事顺心！",https://hotels.ctrip.com/hotels/70492076.html
1886450081,70492076,洲至奢选杭州华夏之心酒店,ctrip,2026-03-24T19:50:35,2026-03,,2,点评新星,True,发布于广东,独自旅行,豪华房超大床,CN,5,超棒,Cleanliness: 5.0; Location: 5.0; Service: 5.0; Facilities: 5.0,很适合周末出游，房间做了免费升级，服务很好，酒店6楼有个河南菜得餐厅，性价比很高，味道必须赞一个，位置也很好，周边有美食街和万达广场，旁边也是商场，很方便，周末入住人不会很多，前台客房餐厅服务都很好，用餐前会询问是否要咖啡和茶，送到座位上，服务很贴心，房间洗手间是有两个洗手盆，卫生也都打扫得很干净，晚上还有夜床服务，真的很好！强烈推荐,,False,True,1,9,False,尊敬的宾客：感谢您如此详尽的满分推荐！从免费升级的惊喜、6楼河南菜餐厅的性价比与味道，到双台盆设计的贴心、夜床服务的细致——您字里行间的满意，是对我们团队最温暖的褒奖。很高兴酒店能成为您周末出游的理想落脚点，无论是周边美食街与万达广场的便利，还是前台、客房、餐厅联动呈现的周到服务，您的认可我们都将珍视并传递。已为您记录这份“周末悠闲”偏好，期待下次重逢时，继续以熟悉的妥帖与惊喜，陪伴您的每一段悠然时光。,2026-03-25T00:00:00,"# 洲至奢选杭州华夏之心酒店 review (Ctrip)

**Rating:** 5.0/5 ★★★★★
**Travel type:** 独自旅行

## Review
很适合周末出游，房间做了免费升级，服务很好，酒店6楼有个河南菜得餐厅，性价比很高，味道必须赞一个，位置也很好，周边有美食街和万达广场，旁边也是商场，很方便，周末入住人不会很多，前台客房餐厅服务都很好，用餐前会询问是否要咖啡和茶，送到座位上，服务很贴心，房间洗手间是有两个洗手盆，卫生也都打扫得很干净，晚上还有夜床服务，真的很好！强烈推荐

## Hotel response
尊敬的宾客：感谢您如此详尽的满分推荐！从免费升级的惊喜、6楼河南菜餐厅的性价比与味道，到双台盆设计的贴心、夜床服务的细致——您字里行间的满意，是对我们团队最温暖的褒奖。很高兴酒店能成为您周末出游的理想落脚点，无论是周边美食街与万达广场的便利，还是前台、客房、餐厅联动呈现的周到服务，您的认可我们都将珍视并传递。已为您记录这份“周末悠闲”偏好，期待下次重逢时，继续以熟悉的妥帖与惊喜，陪伴您的每一段悠然时光。",https://hotels.ctrip.com/hotels/70492076.html
1633622691,70492076,洲至奢选杭州华夏之心酒店,ctrip,2025-08-14T17:14:47,2025-08,,4,点评新星,True,发布于浙江,商务出差,豪华房超大床,CN,5,超棒,Cleanliness: 5.0; Location: 5.0; Service: 5.0; Facilities: 5.0,酒店设施非常齐全也很舒适，卫生也非常干净看着就很舒心，酒店前台服务也很好！！,,False,True,1,2,False,尊敬的宾客：感谢您的五星好评！很高兴您对酒店的设施、卫生及前台服务都感到满意，您的认可是我们最大的动力。期待下次以更完美的体验欢迎您的归来！祝您生活愉快，顺心如意！,2025-08-18T00:00:00,"# 洲至奢选杭州华夏之心酒店 review (Ctrip)

**Rating:** 5.0/5 ★★★★★
**Travel type:** 商务出差

## Review
酒店设施非常齐全也很舒适，卫生也非常干净看着就很舒心，酒店前台服务也很好！！

## Hotel response
尊敬的宾客：感谢您的五星好评！很高兴您对酒店的设施、卫生及前台服务都感到满意，您的认可是我们最大的动力。期待下次以更完美的体验欢迎您的归来！祝您生活愉快，顺心如意！",https://hotels.ctrip.com/hotels/70492076.html
1898960623,70492076,洲至奢选杭州华夏之心酒店,ctrip,2026-04-05T14:25:08,2026-04,,5,点评达人,True,发布于浙江,家庭亲子,豪华房双床,CN,5,超棒,Cleanliness: 5.0; Location: 5.0; Service: 5.0; Facilities: 5.0,酒店提前打了电话升级了房间，硬件卫生都很好，景观不错，带小朋友出行很方便，宾客服务部VIVI非常热情，值得推荐！,,False,True,0,0,False,尊敬的宾客：感谢您选择带小朋友入住并分享这份美好体验！从提前致电升级房型、硬件卫生与景观的认可，到宾客服务部 VIVI 的热情接待——您的每一处肯定都让我们倍感温暖。能成为您亲子出行的便捷之选，是我们莫大的荣幸。期待下次继续以周全服务，守护您与家人的温馨旅途！,2026-04-09T00:00:00,"# 洲至奢选杭州华夏之心酒店 review (Ctrip)

**Rating:** 5.0/5 ★★★★★
**Travel type:** 家庭亲子

## Review
酒店提前打了电话升级了房间，硬件卫生都很好，景观不错，带小朋友出行很方便，宾客服务部VIVI非常热情，值得推荐！

## Hotel response
尊敬的宾客：感谢您选择带小朋友入住并分享这份美好体验！从提前致电升级房型、硬件卫生与景观的认可，到宾客服务部 VIVI 的热情接待——您的每一处肯定都让我们倍感温暖。能成为您亲子出行的便捷之选，是我们莫大的荣幸。期待下次继续以周全服务，守护您与家人的温馨旅途！",https://hotels.ctrip.com/hotels/70492076.html
1504793451,70492076,洲至奢选杭州华夏之心酒店,ctrip,2025-05-03T14:13:28,2025-05,海王星巡视员,51,点评专家,False,发布于浙江,家庭亲子,豪华房超大床,CN,5,超棒,Cleanliness: 5.0; Location: 5.0; Service: 5.0; Facilities: 5.0,设施设备维护得不错，性价比非常高。“五一”假期首日，西湖边的游客那叫一个闹猛，早上7点左右，灵溪隧道、灵隐路等已显示拥堵，当天接待客流量达50.47万人次。西湖美景让人陶醉，我们可以从眼前景到历史人文中去解读、欣赏西湖。其实，还有另外一个角度去游玩西湖：从眼前景转为耳中“景”。“天地有大美而不言”，无论是看还是听，都能够让我们去发现西湖的美。,,False,True,2,6,False,尊敬的宾客：感谢您入住酒店并分享，很高兴酒店的每一个环节都得到您的认可，通过您细致入微的描述，可以感受到这次旅程给您带来的幸福感，这是我们服务者一直追求的，这也将成为我们继续努力、不断进取的动力，期待下次为您服务！,2025-05-06T00:00:00,"# 洲至奢选杭州华夏之心酒店 review (Ctrip)

**Rating:** 5.0/5 ★★★★★
**Travel type:** 家庭亲子

## Review
设施设备维护得不错，性价比非常高。“五一”假期首日，西湖边的游客那叫一个闹猛，早上7点左右，灵溪隧道、灵隐路等已显示拥堵，当天接待客流量达50.47万人次。西湖美景让人陶醉，我们可以从眼前景到历史人文中去解读、欣赏西湖。其实，还有另外一个角度去游玩西湖：从眼前景转为耳中“景”。“天地有大美而不言”，无论是看还是听，都能够让我们去发现西湖的美。

## Hotel response
尊敬的宾客：感谢您入住酒店并分享，很高兴酒店的每一个环节都得到您的认可，通过您细致入微的描述，可以感受到这次旅程给您带来的幸福感，这是我们服务者一直追求的，这也将成为我们继续努力、不断进取的动力，期待下次为您服务！",https://hotels.ctrip.com/hotels/70492076.html
1574883821,70492076,洲至奢选杭州华夏之心酒店,ctrip,2025-07-01T16:22:53,2025-06,,8,点评达人,True,发布于浙江,家庭亲子,豪华房双床,CN,5,超棒,Cleanliness: 5.0; Location: 5.0; Service: 5.0; Facilities: 5.0,地址位置不错，周围挺多吃的。早餐厅挺丰富的，房间风格简约大气，备品都是大牌。小朋友最喜欢泳池了，游得很high！,,False,True,0,3,False,尊敬的宾客：感谢您的好评！酒店优越的位置、丰富的早餐及简约大气的客房设计能得到您的认可，我们深感荣幸。特别高兴小朋友在泳池度过愉快时光！我们已为您备注家庭偏好，期待下次为全家带来更温馨的体验。,2025-07-07T00:00:00,"# 洲至奢选杭州华夏之心酒店 review (Ctrip)

**Rating:** 5.0/5 ★★★★★
**Travel type:** 家庭亲子

## Review
地址位置不错，周围挺多吃的。早餐厅挺丰富的，房间风格简约大气，备品都是大牌。小朋友最喜欢泳池了，游得很high！

## Hotel response
尊敬的宾客：感谢您的好评！酒店优越的位置、丰富的早餐及简约大气的客房设计能得到您的认可，我们深感荣幸。特别高兴小朋友在泳池度过愉快时光！我们已为您备注家庭偏好，期待下次为全家带来更温馨的体验。",https://hotels.ctrip.com/hotels/70492076.html
1657196261,70492076,洲至奢选杭州华夏之心酒店,ctrip,2025-08-31T21:15:29,2025-08,,1,点评新星,True,发布于重庆,朋友出游,豪华房超大床,CN,5,超棒,Cleanliness: 5.0; Location: 5.0; Service: 5.0; Facilities: 5.0,前台服务很好，酒店设施齐全，周边配套美食，餐厅很多。,,False,True,0,3,False,尊敬的宾客：感谢您的认可！很高兴您对前台服务、酒店设施及周边便利性感到满意。我们将继续保持高标准，期待下次带来更完美体验。祝您探索美味，生活愉快！,2025-09-01T00:00:00,"# 洲至奢选杭州华夏之心酒店 review (Ctrip)

**Rating:** 5.0/5 ★★★★★
**Travel type:** 朋友出游

## Review
前台服务很好，酒店设施齐全，周边配套美食，餐厅很多。

## Hotel response
尊敬的宾客：感谢您的认可！很高兴您对前台服务、酒店设施及周边便利性感到满意。我们将继续保持高标准，期待下次带来更完美体验。祝您探索美味，生活愉快！",https://hotels.ctrip.com/hotels/70492076.html
1505823215,70492076,洲至奢选杭州华夏之心酒店,ctrip,2025-05-04T10:19:38,2025-05,,36,点评专家,True,发布于上海,家庭亲子,豪华房超大床,CN,5,超棒,Cleanliness: 5.0; Location: 5.0; Service: 5.0; Facilities: 5.0,酒店环境设施达到五星标准，特别是泳池非常干净。自助早餐菜品也比较丰富。五一假期还给升级了套房，服务特别nice。建议如果增加欢迎水果、办理入住时有一杯茶水递送环节的话，住客的感受会更好,,False,True,2,3,False,尊敬的宾客: 您好！非常感谢您对酒店的支持和各方面的认可，我们所做的一切都只为每一位宾客带来不一样的度假体验，看到您的满意和肯定，我们真的是非常的感动，您提到的入住服务建议，我们也会改进升级，我们会继续努力时刻准备着您随时回来。,2025-05-06T00:00:00,"# 洲至奢选杭州华夏之心酒店 review (Ctrip)

**Rating:** 5.0/5 ★★★★★
**Travel type:** 家庭亲子

## Review
酒店环境设施达到五星标准，特别是泳池非常干净。自助早餐菜品也比较丰富。五一假期还给升级了套房，服务特别nice。建议如果增加欢迎水果、办理入住时有一杯茶水递送环节的话，住客的感受会更好

## Hotel response
尊敬的宾客: 您好！非常感谢您对酒店的支持和各方面的认可，我们所做的一切都只为每一位宾客带来不一样的度假体验，看到您的满意和肯定，我们真的是非常的感动，您提到的入住服务建议，我们也会改进升级，我们会继续努力时刻准备着您随时回来。",https://hotels.ctrip.com/hotels/70492076.html
1576372973,70492076,洲至奢选杭州华夏之心酒店,ctrip,2025-07-02T21:27:09,2025-06,,3,点评新星,True,发布于浙江,商务出差,豪华房超大床,CN,5,超棒,Cleanliness: 5.0; Location: 5.0; Service: 5.0; Facilities: 5.0,床真的很大，服务也很好，周围很热闹餐厅特别多，特别方便，周围有很多美食，还有按摩的店，出差来简直太便捷啦,,False,True,0,1,False,尊敬的宾客：感谢您的分享！很高兴您喜欢我们宽敞的床铺和便捷的位置，周边丰富的餐饮及休闲选择能为您的差旅增添舒适，我们倍感欣慰。您的满意是我们最大的动力，期待下次继续为您提供高效又贴心的服务！祝您工作顺遂，旅途愉快！,2025-07-07T00:00:00,"# 洲至奢选杭州华夏之心酒店 review (Ctrip)

**Rating:** 5.0/5 ★★★★★
**Travel type:** 商务出差

## Review
床真的很大，服务也很好，周围很热闹餐厅特别多，特别方便，周围有很多美食，还有按摩的店，出差来简直太便捷啦

## Hotel response
尊敬的宾客：感谢您的分享！很高兴您喜欢我们宽敞的床铺和便捷的位置，周边丰富的餐饮及休闲选择能为您的差旅增添舒适，我们倍感欣慰。您的满意是我们最大的动力，期待下次继续为您提供高效又贴心的服务！祝您工作顺遂，旅途愉快！",https://hotels.ctrip.com/hotels/70492076.html
1603624297,70492076,洲至奢选杭州华夏之心酒店,ctrip,2025-07-23T16:05:58,2025-07,,1,点评新星,True,发布于浙江,朋友出游,豪华房双床,CN,5,超棒,Cleanliness: 5.0; Location: 5.0; Service: 5.0; Facilities: 5.0,前台服务很好，健身房风景视野很开阔，设施很齐全，服务非常好，周边环境很好,,False,True,0,1,False,尊敬的宾客：感谢您的用心评价！很高兴您对前台服务、健身房设施及周边环境感到满意——尤其是开阔的视野为您带来愉悦体验，我们倍感欣喜。您的认可是我们持续进步的动力，期待下次为您创造更多惊喜！祝您生活如窗外的风景般绚烂！,2025-07-25T00:00:00,"# 洲至奢选杭州华夏之心酒店 review (Ctrip)

**Rating:** 5.0/5 ★★★★★
**Travel type:** 朋友出游

## Review
前台服务很好，健身房风景视野很开阔，设施很齐全，服务非常好，周边环境很好

## Hotel response
尊敬的宾客：感谢您的用心评价！很高兴您对前台服务、健身房设施及周边环境感到满意——尤其是开阔的视野为您带来愉悦体验，我们倍感欣喜。您的认可是我们持续进步的动力，期待下次为您创造更多惊喜！祝您生活如窗外的风景般绚烂！",https://hotels.ctrip.com/hotels/70492076.html
1910639765,70492076,洲至奢选杭州华夏之心酒店,ctrip,2026-04-14T18:52:34,2026-04,,3,点评新星,True,发布于四川,朋友出游,豪华房双床,CN,5,超棒,Cleanliness: 5.0; Location: 5.0; Service: 5.0; Facilities: 5.0,跟朋友入住，酒店环境很喜欢，整体体验非常棒！前台服务热情周到，入住睡眠也不错，但是总体还是非常满意。,,False,True,0,0,False,尊敬的宾客：感谢您和朋友选择入住并分享这份喜爱！很高兴酒店环境、前台服务及睡眠体验能让您感到满意。您的“非常棒”是对我们最大的鼓励，期待下次继续为您创造同样温馨的旅途记忆！,2026-04-17T00:00:00,"# 洲至奢选杭州华夏之心酒店 review (Ctrip)

**Rating:** 5.0/5 ★★★★★
**Travel type:** 朋友出游

## Review
跟朋友入住，酒店环境很喜欢，整体体验非常棒！前台服务热情周到，入住睡眠也不错，但是总体还是非常满意。

## Hotel response
尊敬的宾客：感谢您和朋友选择入住并分享这份喜爱！很高兴酒店环境、前台服务及睡眠体验能让您感到满意。您的“非常棒”是对我们最大的鼓励，期待下次继续为您创造同样温馨的旅途记忆！",https://hotels.ctrip.com/hotels/70492076.html
1851470119,70492076,洲至奢选杭州华夏之心酒店,ctrip,2026-02-21T15:24:39,2026-02,,21,点评达人,True,发布于上海,家庭亲子,豪华房超大床,CN,5,超棒,Cleanliness: 5.0; Location: 5.0; Service: 5.0; Facilities: 5.0,性价比很高，周围吃的很多，离开玩的地方也不远。免费升级了房间，超大床真的很大，可以睡三个人。各方面配得上五星标准。,,False,True,1,0,False,尊敬的宾客：感谢您的满分好评！很高兴酒店的性价比、周边配套及免费升级的“三人超大床”能为您带来惊喜体验，您的“配得上五星标准”是对我们最大的肯定。期待与您下次相遇，继续以超值体验刷新您对“五星”的期待！,2026-02-24T00:00:00,"# 洲至奢选杭州华夏之心酒店 review (Ctrip)

**Rating:** 5.0/5 ★★★★★
**Travel type:** 家庭亲子

## Review
性价比很高，周围吃的很多，离开玩的地方也不远。免费升级了房间，超大床真的很大，可以睡三个人。各方面配得上五星标准。

## Hotel response
尊敬的宾客：感谢您的满分好评！很高兴酒店的性价比、周边配套及免费升级的“三人超大床”能为您带来惊喜体验，您的“配得上五星标准”是对我们最大的肯定。期待与您下次相遇，继续以超值体验刷新您对“五星”的期待！",https://hotels.ctrip.com/hotels/70492076.html
1602571173,70492076,洲至奢选杭州华夏之心酒店,ctrip,2025-07-22T19:28:47,2025-07,,1,点评新星,True,发布于浙江,其他,单卧套房超大床,CN,5,超棒,Cleanliness: 5.0; Location: 5.0; Service: 5.0; Facilities: 5.0,房间很不错，办入住的小哥哥小姐姐很温柔热心，床品很舒服。,,False,True,0,1,False,尊敬的宾客：感谢您的认可！很高兴您对房间设施和床品感到满意，更欣慰前台团队的温柔热心为您留下了美好印象。我们始终致力于为宾客打造舒适贴心的入住体验，期待下次继续为您提供同样优质的服务！祝您生活愉快！,2025-07-23T00:00:00,"# 洲至奢选杭州华夏之心酒店 review (Ctrip)

**Rating:** 5.0/5 ★★★★★
**Travel type:** 其他

## Review
房间很不错，办入住的小哥哥小姐姐很温柔热心，床品很舒服。

## Hotel response
尊敬的宾客：感谢您的认可！很高兴您对房间设施和床品感到满意，更欣慰前台团队的温柔热心为您留下了美好印象。我们始终致力于为宾客打造舒适贴心的入住体验，期待下次继续为您提供同样优质的服务！祝您生活愉快！",https://hotels.ctrip.com/hotels/70492076.html
1637268061,70492076,洲至奢选杭州华夏之心酒店,ctrip,2025-08-17T13:35:59,2025-08,,1,点评新星,True,发布于浙江,商务出差,豪华房双床,CN,5,超棒,Cleanliness: 5.0; Location: 5.0; Service: 5.0; Facilities: 5.0,洲际旗下 不错的酒店 干净宽敞,,False,True,0,1,False,尊敬的宾客：感谢您对洲际品牌及酒店的认可！很高兴您对客房的整洁与宽敞感到满意，这正是我们一贯坚持的品质标准。作为洲际酒店集团的一员，我们始终以国际化服务为荣，期待下次以更多惊喜欢迎您的归来！祝您旅途愉快，顺心如意！,2025-08-18T00:00:00,"# 洲至奢选杭州华夏之心酒店 review (Ctrip)

**Rating:** 5.0/5 ★★★★★
**Travel type:** 商务出差

## Review
洲际旗下 不错的酒店 干净宽敞

## Hotel response
尊敬的宾客：感谢您对洲际品牌及酒店的认可！很高兴您对客房的整洁与宽敞感到满意，这正是我们一贯坚持的品质标准。作为洲际酒店集团的一员，我们始终以国际化服务为荣，期待下次以更多惊喜欢迎您的归来！祝您旅途愉快，顺心如意！",https://hotels.ctrip.com/hotels/70492076.html
1621968981,70492076,洲至奢选杭州华夏之心酒店,ctrip,2025-08-06T14:43:11,2025-08,,11,点评达人,True,发布于浙江,商务出差,豪华房超大床,CN,5,超棒,Cleanliness: 5.0; Location: 5.0; Service: 5.0; Facilities: 5.0,客房干净，位置优越，服务态度很好。,,False,True,0,1,False,尊敬的宾客：感谢您的认可！很高兴您对客房的整洁度、优越位置及服务态度感到满意，我们将继续保持高品质标准，期待下次为您带来更完美的入住体验！祝您顺心愉快！,2025-08-07T00:00:00,"# 洲至奢选杭州华夏之心酒店 review (Ctrip)

**Rating:** 5.0/5 ★★★★★
**Travel type:** 商务出差

## Review
客房干净，位置优越，服务态度很好。

## Hotel response
尊敬的宾客：感谢您的认可！很高兴您对客房的整洁度、优越位置及服务态度感到满意，我们将继续保持高品质标准，期待下次为您带来更完美的入住体验！祝您顺心愉快！",https://hotels.ctrip.com/hotels/70492076.html
1705811649,70492076,洲至奢选杭州华夏之心酒店,ctrip,2025-10-10T13:59:34,2025-10,Jeff1688,36,点评专家,False,发布于浙江,朋友出游,豪华房超大床,CN,5,超棒,Cleanliness: 5.0; Location: 5.0; Service: 5.0; Facilities: 5.0,一间低调奢华的酒店，位于城市西侧，交通便利，开车进市区很方便，地铁站也不远，周边有很多餐饮店、夜市、酒吧。酒店很新，服务一流，预订及时的时候，性价比极高，相当于花四星酒店的钱住五星。,,False,True,0,0,False,尊敬的宾客：感谢您如此精准的描绘与认可！您笔下“低调奢华”“花四星的钱住五星”的评价，正是我们致力于为客人创造的核心价值。很高兴酒店的新颖设计、一流服务及便利交通（自驾与地铁的平衡）能完全满足您的期待，更欣慰周边丰富的餐饮夜生活为旅程增添了烟火气。期待在您下次探索这座城市时，继续以“超值”体验相伴！,2025-10-13T00:00:00,"# 洲至奢选杭州华夏之心酒店 review (Ctrip)

**Rating:** 5.0/5 ★★★★★
**Travel type:** 朋友出游

## Review
一间低调奢华的酒店，位于城市西侧，交通便利，开车进市区很方便，地铁站也不远，周边有很多餐饮店、夜市、酒吧。酒店很新，服务一流，预订及时的时候，性价比极高，相当于花四星酒店的钱住五星。

## Hotel response
尊敬的宾客：感谢您如此精准的描绘与认可！您笔下“低调奢华”“花四星的钱住五星”的评价，正是我们致力于为客人创造的核心价值。很高兴酒店的新颖设计、一流服务及便利交通（自驾与地铁的平衡）能完全满足您的期待，更欣慰周边丰富的餐饮夜生活为旅程增添了烟火气。期待在您下次探索这座城市时，继续以“超值”体验相伴！",https://hotels.ctrip.com/hotels/70492076.html
1973553407,70492076,洲至奢选杭州华夏之心酒店,ctrip,2026-06-05T14:42:17,2026-06,omysun,4,点评新星,False,发布于浙江,商务出差,豪华房超大床,CN,5,超棒,Cleanliness: 5.0; Location: 5.0; Service: 5.0; Facilities: 5.0,Shirley服务好，回复问题及时专业，不错的入住体验，下次还会来住！,,False,True,0,0,False,尊敬的宾客：感谢您的认可！很高兴Shirley及时专业的服务为您带来了不错的入住体验，您的“下次还会来住”是对我们最大的鼓励。期待再次为您服务！,2026-06-08T00:00:00,"# 洲至奢选杭州华夏之心酒店 review (Ctrip)

**Rating:** 5.0/5 ★★★★★
**Travel type:** 商务出差

## Review
Shirley服务好，回复问题及时专业，不错的入住体验，下次还会来住！

## Hotel response
尊敬的宾客：感谢您的认可！很高兴Shirley及时专业的服务为您带来了不错的入住体验，您的“下次还会来住”是对我们最大的鼓励。期待再次为您服务！",https://hotels.ctrip.com/hotels/70492076.html
1602570233,70492076,洲至奢选杭州华夏之心酒店,ctrip,2025-07-22T19:27:35,2025-07,,1,点评新星,True,发布于浙江,商务出差,单卧套房超大床,CN,5,超棒,Cleanliness: 5.0; Location: 5.0; Service: 5.0; Facilities: 5.0,酒店很不错，前台服务满分,,False,True,0,2,False,尊敬的宾客：感谢您的满分好评！很高兴您对酒店整体体验及前台服务感到满意，您的认可是我们最大的动力。期待下次继续为您提供同样优质的服务！祝您顺心愉快！,2025-07-23T00:00:00,"# 洲至奢选杭州华夏之心酒店 review (Ctrip)

**Rating:** 5.0/5 ★★★★★
**Travel type:** 商务出差

## Review
酒店很不错，前台服务满分

## Hotel response
尊敬的宾客：感谢您的满分好评！很高兴您对酒店整体体验及前台服务感到满意，您的认可是我们最大的动力。期待下次继续为您提供同样优质的服务！祝您顺心愉快！",https://hotels.ctrip.com/hotels/70492076.html
1411332675,70492076,洲至奢选杭州华夏之心酒店,ctrip,2025-02-04T15:02:56,2025-01,酷酷的旅行家zz,40,点评专家,False,发布于浙江,家庭亲子,豪华房双床,CN,5,超棒,Cleanliness: 5.0; Location: 5.0; Service: 5.0; Facilities: 5.0,春节过年入住洲际旗下洲至奢选非常棒的体验，房间整洁干净，床品舒适，自助早餐品种多样，口味超棒，吃的很尽兴。前台Thea亲切热情的服务让我们感受到了家的温暖，知道今天是我老公的生日还赠送了生日蛋糕，真的非常贴心，下次有机会再次入住首选。,,False,True,0,3,False,尊敬的宾客， 您好！您的认可让我们倍感荣幸！感谢您与我们分享入住体验，很高兴您对此次入住感到满意，尤其是对同事Thea的肯定让我们感到自豪。无论是商务旅行还是休闲度假，都可在洲至奢选杭州华夏之心酒店沉浸于纯正地道、体验丰富、周到细致的入住环境，开启全新奢华探享之旅。期待您的每次入住都能有新的体验，希望您再次光临！ 诚挚祝福， 洲至奢选杭州华夏之心酒店管理团队,2025-02-06T00:00:00,"# 洲至奢选杭州华夏之心酒店 review (Ctrip)

**Rating:** 5.0/5 ★★★★★
**Travel type:** 家庭亲子

## Review
春节过年入住洲际旗下洲至奢选非常棒的体验，房间整洁干净，床品舒适，自助早餐品种多样，口味超棒，吃的很尽兴。前台Thea亲切热情的服务让我们感受到了家的温暖，知道今天是我老公的生日还赠送了生日蛋糕，真的非常贴心，下次有机会再次入住首选。

## Hotel response
尊敬的宾客， 您好！您的认可让我们倍感荣幸！感谢您与我们分享入住体验，很高兴您对此次入住感到满意，尤其是对同事Thea的肯定让我们感到自豪。无论是商务旅行还是休闲度假，都可在洲至奢选杭州华夏之心酒店沉浸于纯正地道、体验丰富、周到细致的入住环境，开启全新奢华探享之旅。期待您的每次入住都能有新的体验，希望您再次光临！ 诚挚祝福， 洲至奢选杭州华夏之心酒店管理团队",https://hotels.ctrip.com/hotels/70492076.html
1404521321,70492076,洲至奢选杭州华夏之心酒店,ctrip,2025-01-27T15:14:22,2025-01,,15,点评达人,True,发布于浙江,独自旅行,豪华房超大床,CN,5,超棒,Cleanliness: 5.0; Location: 5.0; Service: 5.0; Facilities: 5.0,"在香港住了洲至奢选之后来感受一下杭州的这家
是之前康得思酒店改的，房间很大床很大！工作人员Angus 和 Harrey给升了房，感谢
早餐很符合我的胃口，熟菜有肉菜（红烧肉哈哈）
离杭州西站也非常方便，15分钟不到就到了
如果来余杭玩可以选择
不过希望有外卖机器人以及酒店的沐浴用品可以升级一下，味道有点快捷酒店",,False,True,0,5,False,尊敬的宾客， 您好！您的认可让我们倍感荣幸！感谢您与我们分享入住体验，很高兴您对此次入住感到满意，尤其是对同事Angus 和 Harrey的肯定让我们感到自豪。无论是商务旅行还是休闲度假，都可在洲至奢选杭州华夏之心酒店沉浸于纯正地道、体验丰富、周到细致的入住环境，开启全新奢华探享之旅。期待您的每次入住都能有新的体验，希望您再次光临！ 诚挚祝福， 洲至奢选杭州华夏之心酒店管理团队,2025-02-06T00:00:00,"# 洲至奢选杭州华夏之心酒店 review (Ctrip)

**Rating:** 5.0/5 ★★★★★
**Travel type:** 独自旅行

## Review
在香港住了洲至奢选之后来感受一下杭州的这家
是之前康得思酒店改的，房间很大床很大！工作人员Angus 和 Harrey给升了房，感谢
早餐很符合我的胃口，熟菜有肉菜（红烧肉哈哈）
离杭州西站也非常方便，15分钟不到就到了
如果来余杭玩可以选择
不过希望有外卖机器人以及酒店的沐浴用品可以升级一下，味道有点快捷酒店

## Hotel response
尊敬的宾客， 您好！您的认可让我们倍感荣幸！感谢您与我们分享入住体验，很高兴您对此次入住感到满意，尤其是对同事Angus 和 Harrey的肯定让我们感到自豪。无论是商务旅行还是休闲度假，都可在洲至奢选杭州华夏之心酒店沉浸于纯正地道、体验丰富、周到细致的入住环境，开启全新奢华探享之旅。期待您的每次入住都能有新的体验，希望您再次光临！ 诚挚祝福， 洲至奢选杭州华夏之心酒店管理团队",https://hotels.ctrip.com/hotels/70492076.html
1691656717,70492076,洲至奢选杭州华夏之心酒店,ctrip,2025-10-02T22:07:24,2025-09,,17,点评达人,True,发布于江苏,商务出差,豪华房双床,CN,5,超棒,Cleanliness: 5.0; Location: 5.0; Service: 5.0; Facilities: 5.0,各方面都还不错，但是酒店停车在负二楼，靠近酒店的很多都是私家车位。酒店门口自己的车位就几十个，遇到开会停车困难，地下场灯光很暗，没有人引导找不到可以停的停车位,,False,True,0,0,False,尊敬的宾客：感谢您选择入住我们酒店。关于您提到的停车体验，我们已收到您的反馈。酒店目前提供地面及地下停车场，其中地面车位数量有限，建议您下次可提前联系前台了解实时车位情况，我们将尽力为您协调便利停放点。祝您旅途顺心！,2025-10-09T00:00:00,"# 洲至奢选杭州华夏之心酒店 review (Ctrip)

**Rating:** 5.0/5 ★★★★★
**Travel type:** 商务出差

## Review
各方面都还不错，但是酒店停车在负二楼，靠近酒店的很多都是私家车位。酒店门口自己的车位就几十个，遇到开会停车困难，地下场灯光很暗，没有人引导找不到可以停的停车位

## Hotel response
尊敬的宾客：感谢您选择入住我们酒店。关于您提到的停车体验，我们已收到您的反馈。酒店目前提供地面及地下停车场，其中地面车位数量有限，建议您下次可提前联系前台了解实时车位情况，我们将尽力为您协调便利停放点。祝您旅途顺心！",https://hotels.ctrip.com/hotels/70492076.html
1716042641,70492076,洲至奢选杭州华夏之心酒店,ctrip,2025-10-18T21:45:46,2025-10,,2,点评新星,True,发布于浙江,情侣出游,豪华房超大床,CN,5,超棒,Cleanliness: 5.0; Location: 5.0; Service: 5.0; Facilities: 5.0,"缺点：隔音不太好，早上隔壁开关门，外面的人说话都能听到
枕头太高了，个人睡不习惯
优点：服务挺好的，酒店风格也是我喜欢的类型
洗护是我喜欢的百瑞朵",,False,True,0,0,False,尊敬的宾客：感谢您坦诚的反馈与用心的分享。我们非常重视您提到的隔音与枕头问题，同时也很欣慰您认可我们的服务风格与Byredo洗护用品的品味。期待以更完美的体验欢迎您归来，祝您夜夜安枕！,2025-10-24T00:00:00,"# 洲至奢选杭州华夏之心酒店 review (Ctrip)

**Rating:** 5.0/5 ★★★★★
**Travel type:** 情侣出游

## Review
缺点：隔音不太好，早上隔壁开关门，外面的人说话都能听到
枕头太高了，个人睡不习惯
优点：服务挺好的，酒店风格也是我喜欢的类型
洗护是我喜欢的百瑞朵

## Hotel response
尊敬的宾客：感谢您坦诚的反馈与用心的分享。我们非常重视您提到的隔音与枕头问题，同时也很欣慰您认可我们的服务风格与Byredo洗护用品的品味。期待以更完美的体验欢迎您归来，祝您夜夜安枕！",https://hotels.ctrip.com/hotels/70492076.html
1399285525,70492076,洲至奢选杭州华夏之心酒店,ctrip,2025-01-21T12:58:34,2025-01,,3,点评新星,True,发布于浙江,朋友出游,豪华房超大床,en,5,超棒,Cleanliness: 5.0; Location: 5.0; Service: 5.0; Facilities: 5.0,"Got a free upgrade to a larger room. Spacious room and my special requirements(non-smoking room and 2 single beds)are met. The location of the hotel is also very convenient.The Harbour Cityis right next to the hotel and it's just a 1-minute walk if you want to take photos of the river view.There are also the metro station nearby.

For dinner, it is very rich as it has a roasted chicken with goose liver andaseafood platter. The tiramisu is also very niceThe package is definitely worth the price.

And they have friendly and helpful staff  Angus and Joyce too!","酒店免费给我升级到了更大的房间。房间很宽敞，而且我预订时提出的特殊要求（无烟房和两张单人床）都得到了满足。酒店的位置也非常便利。海港城就在酒店旁边，如果想拍河景照，走一分钟就到了。附近还有地铁站。

晚餐也很丰盛，有鹅肝烤鸡和海鲜拼盘。提拉米苏也非常好吃。这个套餐绝对物有所值。

还有Angus和Joyce两位员工，他们都非常友好和乐于助人！",True,True,0,7,False,尊敬的宾客， 您好！您的认可让我们倍感荣幸！感谢您与我们分享入住体验，很高兴您对此次入住感到满意，尤其是对同事Angus和Joyce的肯定让我们感到自豪。无论是商务旅行还是休闲度假，都可在洲至奢选杭州华夏之心酒店沉浸于纯正地道、体验丰富、周到细致的入住环境，开启全新奢华探享之旅。期待您的每次入住都能有新的体验，希望您再次光临！ 诚挚祝福， 洲至奢选杭州华夏之心酒店管理团队,2025-02-06T00:00:00,"# 洲至奢选杭州华夏之心酒店 review (Ctrip)

**Rating:** 5.0/5 ★★★★★
**Travel type:** 朋友出游

## Review
Got a free upgrade to a larger room. Spacious room and my special requirements(non-smoking room and 2 single beds)are met. The location of the hotel is also very convenient.The Harbour Cityis right next to the hotel and it's just a 1-minute walk if you want to take photos of the river view.There are also the metro station nearby.

For dinner, it is very rich as it has a roasted chicken with goose liver andaseafood platter. The tiramisu is also very niceThe package is definitely worth the price.

And they have friendly and helpful staff  Angus and Joyce too!

## Translation
酒店免费给我升级到了更大的房间。房间很宽敞，而且我预订时提出的特殊要求（无烟房和两张单人床）都得到了满足。酒店的位置也非常便利。海港城就在酒店旁边，如果想拍河景照，走一分钟就到了。附近还有地铁站。

晚餐也很丰盛，有鹅肝烤鸡和海鲜拼盘。提拉米苏也非常好吃。这个套餐绝对物有所值。

还有Angus和Joyce两位员工，他们都非常友好和乐于助人！

## Hotel response
尊敬的宾客， 您好！您的认可让我们倍感荣幸！感谢您与我们分享入住体验，很高兴您对此次入住感到满意，尤其是对同事Angus和Joyce的肯定让我们感到自豪。无论是商务旅行还是休闲度假，都可在洲至奢选杭州华夏之心酒店沉浸于纯正地道、体验丰富、周到细致的入住环境，开启全新奢华探享之旅。期待您的每次入住都能有新的体验，希望您再次光临！ 诚挚祝福， 洲至奢选杭州华夏之心酒店管理团队",https://hotels.ctrip.com/hotels/70492076.html
1899024601,70492076,洲至奢选杭州华夏之心酒店,ctrip,2026-04-05T15:05:11,2026-04,张方宇,4,点评新星,False,发布于上海,商务出差,豪华房超大床,CN,5,超棒,Cleanliness: 5.0; Location: 5.0; Service: 5.0; Facilities: 5.0,前台服务热情，升级了房间，房间面积比较大卫生干净，下次还会选择华夏之心酒店。,,False,True,0,0,False,尊敬的宾客：感谢您的认可与支持！很高兴您对前台服务、房型升级及客房卫生感到满意，您的“下次还会选择”是对我们最大的鼓励。期待继续以热情与品质，迎接您的每一次归来！,2026-04-09T00:00:00,"# 洲至奢选杭州华夏之心酒店 review (Ctrip)

**Rating:** 5.0/5 ★★★★★
**Travel type:** 商务出差

## Review
前台服务热情，升级了房间，房间面积比较大卫生干净，下次还会选择华夏之心酒店。

## Hotel response
尊敬的宾客：感谢您的认可与支持！很高兴您对前台服务、房型升级及客房卫生感到满意，您的“下次还会选择”是对我们最大的鼓励。期待继续以热情与品质，迎接您的每一次归来！",https://hotels.ctrip.com/hotels/70492076.html
1681336719,70492076,洲至奢选杭州华夏之心酒店,ctrip,2025-09-22T17:43:05,2025-08,,1,点评新星,True,发布于重庆,朋友出游,豪华房超大床,CN,5,超棒,Cleanliness: 5.0; Location: 5.0; Service: 5.0; Facilities: 5.0,"交通便利，离地铁400多米，离杭州西站很近，打车十分钟就到了，出行太方便，杭州西站出行首选这家。
前台工作人员Thea热情专业，办理入住迅速。我们提前到了，也尽力帮我们协调出了一间房，非常感激。
房间舒适，订的是豪华房，房间比想象中要大，装修是现代简约风，很新很干净。床垫和枕头软硬适中。
下次入住还会选择这家！",,False,True,0,0,False,尊敬的宾客：感谢您如此细致的分享！很高兴酒店便捷的交通位置（近地铁、杭州西站）和Thea热情专业的服务能为您的旅程增添舒心。您对客房空间、现代设计及床品舒适度的认可，正是我们致力为客人打造的“出行驿站”理念的完美体现。期待下次再会，祝您旅途始终顺遂！,2025-09-24T00:00:00,"# 洲至奢选杭州华夏之心酒店 review (Ctrip)

**Rating:** 5.0/5 ★★★★★
**Travel type:** 朋友出游

## Review
交通便利，离地铁400多米，离杭州西站很近，打车十分钟就到了，出行太方便，杭州西站出行首选这家。
前台工作人员Thea热情专业，办理入住迅速。我们提前到了，也尽力帮我们协调出了一间房，非常感激。
房间舒适，订的是豪华房，房间比想象中要大，装修是现代简约风，很新很干净。床垫和枕头软硬适中。
下次入住还会选择这家！

## Hotel response
尊敬的宾客：感谢您如此细致的分享！很高兴酒店便捷的交通位置（近地铁、杭州西站）和Thea热情专业的服务能为您的旅程增添舒心。您对客房空间、现代设计及床品舒适度的认可，正是我们致力为客人打造的“出行驿站”理念的完美体现。期待下次再会，祝您旅途始终顺遂！",https://hotels.ctrip.com/hotels/70492076.html
1699107291,70492076,洲至奢选杭州华夏之心酒店,ctrip,2025-10-06T12:06:45,2025-10,,7,点评达人,True,发布于浙江,家庭亲子,豪华房超大床,CN,5,超棒,Cleanliness: 5.0; Location: 5.0; Service: 5.0; Facilities: 5.0,酒店地理位置靠近西溪湿地，靠近商场，房间设施齐全，卫生干净整洁，床铺舒适。游泳池还有汗蒸。前台vivi服务周到态度专业，强烈推荐！,,False,True,0,0,False,尊敬的宾客：感谢您的真诚推荐与细致分享！很高兴酒店毗邻西溪湿地与商城的便利位置、齐全的设施及洁净环境为您带来了舒心体验，泳池与汗蒸服务更愿成为您旅途中的放松时刻。特别感谢您对Vivi专业服务的认可——她的周到与热情是我们团队的缩影，您的表扬我们已第一时间传达给她！期待下次再会，愿您每次归来皆如故友重逢！,2025-10-09T00:00:00,"# 洲至奢选杭州华夏之心酒店 review (Ctrip)

**Rating:** 5.0/5 ★★★★★
**Travel type:** 家庭亲子

## Review
酒店地理位置靠近西溪湿地，靠近商场，房间设施齐全，卫生干净整洁，床铺舒适。游泳池还有汗蒸。前台vivi服务周到态度专业，强烈推荐！

## Hotel response
尊敬的宾客：感谢您的真诚推荐与细致分享！很高兴酒店毗邻西溪湿地与商城的便利位置、齐全的设施及洁净环境为您带来了舒心体验，泳池与汗蒸服务更愿成为您旅途中的放松时刻。特别感谢您对Vivi专业服务的认可——她的周到与热情是我们团队的缩影，您的表扬我们已第一时间传达给她！期待下次再会，愿您每次归来皆如故友重逢！",https://hotels.ctrip.com/hotels/70492076.html
1899975184,70492076,洲至奢选杭州华夏之心酒店,ctrip,2026-04-06T07:27:55,2026-04,,2,,True,,商务出差,豪华房超大床,CN,5,超棒,Cleanliness: 5.0; Location: 5.0; Service: 5.0; Facilities: 5.0,服务非常好非常细心完美体验 特别满意Sakura的服装细致入微,,False,True,0,0,False,尊敬的宾客：感谢您的满分认可！您对服务细节的赞美，尤其是对 Sakura 细致入微的特别表扬，让我们倍感温暖。您的满意是我们最大的动力，期待下次继续为您创造同样完美的入住体验！,2026-04-09T00:00:00,"# 洲至奢选杭州华夏之心酒店 review (Ctrip)

**Rating:** 5.0/5 ★★★★★
**Travel type:** 商务出差

## Review
服务非常好非常细心完美体验 特别满意Sakura的服装细致入微

## Hotel response
尊敬的宾客：感谢您的满分认可！您对服务细节的赞美，尤其是对 Sakura 细致入微的特别表扬，让我们倍感温暖。您的满意是我们最大的动力，期待下次继续为您创造同样完美的入住体验！",https://hotels.ctrip.com/hotels/70492076.html
1389765791,70492076,洲至奢选杭州华夏之心酒店,ctrip,2025-01-11T18:57:19,2025-01,windcbf,26,点评达人,False,发布于浙江,商务出差,豪华房超大床,CN,5,超棒,Cleanliness: 5.0; Location: 5.0; Service: 5.0; Facilities: 5.0,位置非常好，楼下有个大商场，旁边还有一个万达广场，吃饭娱乐都很方便。大堂经理Abby的服务很热情，考虑周到，给这次入住体验加分不少。,,False,True,1,4,False,尊敬的宾客， 您好！您的认可让我们倍感荣幸！感谢您与我们分享入住体验，很高兴您对此次入住感到满意，无论是商务旅行还是休闲度假，都可在洲至奢选杭州华夏之心酒店沉浸于纯正地道、体验丰富、周到细致的入住环境，开启全新奢华探享之旅。期待您的每次入住都能有新的体验，希望您再次光临！ 诚挚祝福， 洲至奢选杭州华夏之心酒店管理团队,2025-01-14T00:00:00,"# 洲至奢选杭州华夏之心酒店 review (Ctrip)

**Rating:** 5.0/5 ★★★★★
**Travel type:** 商务出差

## Review
位置非常好，楼下有个大商场，旁边还有一个万达广场，吃饭娱乐都很方便。大堂经理Abby的服务很热情，考虑周到，给这次入住体验加分不少。

## Hotel response
尊敬的宾客， 您好！您的认可让我们倍感荣幸！感谢您与我们分享入住体验，很高兴您对此次入住感到满意，无论是商务旅行还是休闲度假，都可在洲至奢选杭州华夏之心酒店沉浸于纯正地道、体验丰富、周到细致的入住环境，开启全新奢华探享之旅。期待您的每次入住都能有新的体验，希望您再次光临！ 诚挚祝福， 洲至奢选杭州华夏之心酒店管理团队",https://hotels.ctrip.com/hotels/70492076.html
1916034407,70492076,洲至奢选杭州华夏之心酒店,ctrip,2026-04-19T15:09:42,2026-04,,2,点评新星,True,发布于浙江,情侣出游,豪华房超大床,CN,5,超棒,Cleanliness: 5.0; Location: 5.0; Service: 5.0; Facilities: 5.0,前台vivi服务很好，帮忙升了房间，房间很大，住得很舒服,,False,True,0,0,False,尊敬的宾客：感谢您的认可与好评！很高兴您对前台 Vivi 的服务感到满意，能为您升级房型并带来宽敞舒适的入住体验，我们倍感荣幸。期待您的下次光临！,2026-04-28T00:00:00,"# 洲至奢选杭州华夏之心酒店 review (Ctrip)

**Rating:** 5.0/5 ★★★★★
**Travel type:** 情侣出游

## Review
前台vivi服务很好，帮忙升了房间，房间很大，住得很舒服

## Hotel response
尊敬的宾客：感谢您的认可与好评！很高兴您对前台 Vivi 的服务感到满意，能为您升级房型并带来宽敞舒适的入住体验，我们倍感荣幸。期待您的下次光临！",https://hotels.ctrip.com/hotels/70492076.html
1429983939,70492076,洲至奢选杭州华夏之心酒店,ctrip,2025-02-22T14:09:04,2025-02,毛毛雨,6,点评达人,False,发布于浙江,商务出差,豪华房双床,CN,5,超棒,Cleanliness: 5.0; Location: 5.0; Service: 5.0; Facilities: 5.0,房间服务，卫生很满意，酒店的牙刷不太好用，其他都很满意，感谢THEA安排,,False,True,0,1,False,尊敬的宾客， 您好！您的认可让我们倍感荣幸！感谢您与我们分享入住体验，很高兴您对此次入住感到满意，尤其是对同事THEA的肯定让我们感到自豪。无论是商务旅行还是休闲度假，都可在洲至奢选杭州华夏之心酒店沉浸于纯正地道、体验丰富、周到细致的入住环境，开启全新奢华探享之旅。期待您的每次入住都能有新的体验，希望您再次光临！ 诚挚祝福， 洲至奢选杭州华夏之心酒店管理团队,2025-03-03T00:00:00,"# 洲至奢选杭州华夏之心酒店 review (Ctrip)

**Rating:** 5.0/5 ★★★★★
**Travel type:** 商务出差

## Review
房间服务，卫生很满意，酒店的牙刷不太好用，其他都很满意，感谢THEA安排

## Hotel response
尊敬的宾客， 您好！您的认可让我们倍感荣幸！感谢您与我们分享入住体验，很高兴您对此次入住感到满意，尤其是对同事THEA的肯定让我们感到自豪。无论是商务旅行还是休闲度假，都可在洲至奢选杭州华夏之心酒店沉浸于纯正地道、体验丰富、周到细致的入住环境，开启全新奢华探享之旅。期待您的每次入住都能有新的体验，希望您再次光临！ 诚挚祝福， 洲至奢选杭州华夏之心酒店管理团队",https://hotels.ctrip.com/hotels/70492076.html
1345686919,70492076,洲至奢选杭州华夏之心酒店,ctrip,2024-12-05T15:00:04,2024-12,,3,点评新星,True,发布于浙江,商务出差,豪华房双床,CN,5,超棒,Cleanliness: 5.0; Location: 5.0; Service: 5.0; Facilities: 5.0,"酒店没有噪音房间也很干净。
柏芮朵的洗漱用品也不错。
地址位置也很好，旁边的美塘全是吃饭的地方。
这个价位还是物有所值的。
离店后客服Ivy也进行了很nice的回访。",,False,True,0,5,False,尊敬的宾客， 您好！您的认可让我们倍感荣幸！感谢您与我们分享入住体验，很高兴您对此次入住感到满意，尤其是对同事Ivy的肯定让我们感到自豪。无论是商务旅行还是休闲度假，都可在洲至奢选杭州华夏之心酒店沉浸于纯正地道、体验丰富、周到细致的入住环境，开启全新奢华探享之旅。期待您的每次入住都能有新的体验，希望您再次光临！ 诚挚祝福， 洲至奢选杭州华夏之心酒店管理团队,2024-12-10T00:00:00,"# 洲至奢选杭州华夏之心酒店 review (Ctrip)

**Rating:** 5.0/5 ★★★★★
**Travel type:** 商务出差

## Review
酒店没有噪音房间也很干净。
柏芮朵的洗漱用品也不错。
地址位置也很好，旁边的美塘全是吃饭的地方。
这个价位还是物有所值的。
离店后客服Ivy也进行了很nice的回访。

## Hotel response
尊敬的宾客， 您好！您的认可让我们倍感荣幸！感谢您与我们分享入住体验，很高兴您对此次入住感到满意，尤其是对同事Ivy的肯定让我们感到自豪。无论是商务旅行还是休闲度假，都可在洲至奢选杭州华夏之心酒店沉浸于纯正地道、体验丰富、周到细致的入住环境，开启全新奢华探享之旅。期待您的每次入住都能有新的体验，希望您再次光临！ 诚挚祝福， 洲至奢选杭州华夏之心酒店管理团队",https://hotels.ctrip.com/hotels/70492076.html
1982391729,70492076,洲至奢选杭州华夏之心酒店,ctrip,2026-06-12T20:08:21,2026-05,,4,点评新星,True,发布于浙江,朋友出游,豪华房超大床,CN,5,超棒,Cleanliness: 5.0; Location: 5.0; Service: 5.0; Facilities: 5.0,两次入住这家酒店都比较满意，大堂经理Ilse办入住很热情推荐了周边的本地美食，包含了良渚公园门票，这个季节去正合适，非常推荐！,,False,True,0,0,False,尊敬的宾客：感谢您两次选择我们并给予满意好评！很高兴大堂经理 Ilse 的热情推荐（周边美食与良渚公园门票）能为您的旅程增添精彩，您的“非常推荐”是对我们最大的鼓励。期待下次继续为您提供同样温暖的入住体验！,2026-06-15T00:00:00,"# 洲至奢选杭州华夏之心酒店 review (Ctrip)

**Rating:** 5.0/5 ★★★★★
**Travel type:** 朋友出游

## Review
两次入住这家酒店都比较满意，大堂经理Ilse办入住很热情推荐了周边的本地美食，包含了良渚公园门票，这个季节去正合适，非常推荐！

## Hotel response
尊敬的宾客：感谢您两次选择我们并给予满意好评！很高兴大堂经理 Ilse 的热情推荐（周边美食与良渚公园门票）能为您的旅程增添精彩，您的“非常推荐”是对我们最大的鼓励。期待下次继续为您提供同样温暖的入住体验！",https://hotels.ctrip.com/hotels/70492076.html
1409197293,70492076,洲至奢选杭州华夏之心酒店,ctrip,2025-02-02T19:27:02,2025-01,costawu,3,点评新星,False,发布于上海,朋友出游,豪华房超大床,CN,5,超棒,Cleanliness: 5.0; Location: 5.0; Service: 5.0; Facilities: 5.0,房间面积大，装修较新，干净整洁上档次，服务很好，停车方便，周边商业发达，出行方便,,False,True,0,1,False,尊敬的宾客， 您好！您的认可让我们倍感荣幸！感谢您与我们分享入住体验，很高兴您对此次入住感到满意，无论是商务旅行还是休闲度假，都可在洲至奢选杭州华夏之心酒店沉浸于纯正地道、体验丰富、周到细致的入住环境，开启全新奢华探享之旅。期待您的每次入住都能有新的体验，希望您再次光临！ 诚挚祝福， 洲至奢选杭州华夏之心酒店管理团队,2025-02-06T00:00:00,"# 洲至奢选杭州华夏之心酒店 review (Ctrip)

**Rating:** 5.0/5 ★★★★★
**Travel type:** 朋友出游

## Review
房间面积大，装修较新，干净整洁上档次，服务很好，停车方便，周边商业发达，出行方便

## Hotel response
尊敬的宾客， 您好！您的认可让我们倍感荣幸！感谢您与我们分享入住体验，很高兴您对此次入住感到满意，无论是商务旅行还是休闲度假，都可在洲至奢选杭州华夏之心酒店沉浸于纯正地道、体验丰富、周到细致的入住环境，开启全新奢华探享之旅。期待您的每次入住都能有新的体验，希望您再次光临！ 诚挚祝福， 洲至奢选杭州华夏之心酒店管理团队",https://hotels.ctrip.com/hotels/70492076.html
1896894379,70492076,洲至奢选杭州华夏之心酒店,ctrip,2026-04-03T14:31:06,2026-04,,1,点评新星,True,发布于浙江,商务出差,豪华房超大床,CN,5,超棒,Cleanliness: 5.0; Location: 5.0; Service: 5.0; Facilities: 5.0,酒店服务很好  住的满意  Ilse和Sakura服务好,,False,True,1,0,False,尊敬的宾客：感谢您的认可！很高兴您对酒店服务及入住体验感到满意，特别感谢您对 Ilse 和 Sakura 的表扬，她们的专业与热情是我们团队的骄傲。期待下次继续为您带来同样温暖的入住体验！,2026-04-09T00:00:00,"# 洲至奢选杭州华夏之心酒店 review (Ctrip)

**Rating:** 5.0/5 ★★★★★
**Travel type:** 商务出差

## Review
酒店服务很好  住的满意  Ilse和Sakura服务好

## Hotel response
尊敬的宾客：感谢您的认可！很高兴您对酒店服务及入住体验感到满意，特别感谢您对 Ilse 和 Sakura 的表扬，她们的专业与热情是我们团队的骄傲。期待下次继续为您带来同样温暖的入住体验！",https://hotels.ctrip.com/hotels/70492076.html
1939905061,70492076,洲至奢选杭州华夏之心酒店,ctrip,2026-05-07T17:55:59,2026-02,姜八分,2,点评新星,False,发布于浙江,家庭亲子,豪华房超大床,CN,5,超棒,Cleanliness: 5.0; Location: 5.0; Service: 5.0; Facilities: 5.0,每次家里人来家里住不下都住这里 服务很好很专业也很好吃早饭阿哈哈哈,,False,True,0,0,False,尊敬的宾客：感谢您把我们当成“家庭第二客厅”！能一次次为您的家人提供妥帖的住处，是我们莫大的荣幸。很高兴您对我们的专业服务与早餐一直满意，尤其那句“阿哈哈哈”里的轻松与信任，最让我们暖心。期待下次“家里住不下”时，依然能为您和家人们奉上同样熟悉、安心的入住体验。,2026-05-13T00:00:00,"# 洲至奢选杭州华夏之心酒店 review (Ctrip)

**Rating:** 5.0/5 ★★★★★
**Travel type:** 家庭亲子

## Review
每次家里人来家里住不下都住这里 服务很好很专业也很好吃早饭阿哈哈哈

## Hotel response
尊敬的宾客：感谢您把我们当成“家庭第二客厅”！能一次次为您的家人提供妥帖的住处，是我们莫大的荣幸。很高兴您对我们的专业服务与早餐一直满意，尤其那句“阿哈哈哈”里的轻松与信任，最让我们暖心。期待下次“家里住不下”时，依然能为您和家人们奉上同样熟悉、安心的入住体验。",https://hotels.ctrip.com/hotels/70492076.html
1316953361,70492076,洲至奢选杭州华夏之心酒店,ctrip,2024-11-07T18:31:36,2024-11,M-GQ,25,点评达人,False,发布于浙江,商务出差,豪华房超大床,CN,5,超棒,Cleanliness: 5.0; Location: 5.0; Service: 5.0; Facilities: 5.0,地理位置优越，旁边就是efc。房间特别好；直接帮我升级了套房，视野很好，卫浴使用的是Byredo的全套～前台的Thea和Conrad很热情，服务也很到位～下次再来附近应该会继续住噢～,,False,True,0,4,False,尊敬的宾客， 您好！您的认可让我们倍感荣幸！感谢您与我们分享入住体验，很高兴您对此次入住感到满意，尤其是对同事Thea和Conrad的肯定让我们感到自豪。无论是商务旅行还是休闲度假，都可在洲至奢选杭州华夏之心酒店沉浸于纯正地道、体验丰富、周到细致的入住环境，开启全新奢华探享之旅。期待您的每次入住都能有新的体验，希望您再次光临！ 诚挚祝福， 洲至奢选杭州华夏之心酒店管理团队,2024-11-08T00:00:00,"# 洲至奢选杭州华夏之心酒店 review (Ctrip)

**Rating:** 5.0/5 ★★★★★
**Travel type:** 商务出差

## Review
地理位置优越，旁边就是efc。房间特别好；直接帮我升级了套房，视野很好，卫浴使用的是Byredo的全套～前台的Thea和Conrad很热情，服务也很到位～下次再来附近应该会继续住噢～

## Hotel response
尊敬的宾客， 您好！您的认可让我们倍感荣幸！感谢您与我们分享入住体验，很高兴您对此次入住感到满意，尤其是对同事Thea和Conrad的肯定让我们感到自豪。无论是商务旅行还是休闲度假，都可在洲至奢选杭州华夏之心酒店沉浸于纯正地道、体验丰富、周到细致的入住环境，开启全新奢华探享之旅。期待您的每次入住都能有新的体验，希望您再次光临！ 诚挚祝福， 洲至奢选杭州华夏之心酒店管理团队",https://hotels.ctrip.com/hotels/70492076.html
1991222799,70492076,洲至奢选杭州华夏之心酒店,ctrip,2026-06-20T16:10:02,2026-06,,5,点评达人,True,发布于浙江,其他,豪华房超大床,CN,5,超棒,Cleanliness: 5.0; Location: 5.0; Service: 5.0; Facilities: 5.0,房间很大，床有2米宽，非常大适合三个人睡,,False,True,0,0,False,,,"# 洲至奢选杭州华夏之心酒店 review (Ctrip)

**Rating:** 5.0/5 ★★★★★
**Travel type:** 其他

## Review
房间很大，床有2米宽，非常大适合三个人睡",https://hotels.ctrip.com/hotels/70492076.html
1303617457,70492076,洲至奢选杭州华夏之心酒店,ctrip,2024-10-26T16:24:22,2024-10,EricChou0204,11,点评达人,False,发布于上海,商务出差,豪华房超大床,CN,5,超棒,Cleanliness: 5.0; Location: 5.0; Service: 5.0; Facilities: 5.0,钻石会员入住升级到了角房，房间面积较大，十分安静，所有会员礼遇都有给到，酒店健身房十分给力宽敞面积大设备多完全适合健身人士使用。酒店午餐品质很好杭椒牛柳饭很好吃。早餐也不错，如果能有鲜榨果汁就更好了。酒店Ivy小姐姐服务挺好，下次会考虑再次前来入住。,,False,True,0,4,False,尊敬的宾客， 您好！您的认可让我们倍感荣幸！感谢您与我们分享入住体验，很高兴您对此次入住感到满意，尤其是对同事Ivy的肯定让我们感到自豪。无论是商务旅行还是休闲度假，都可在洲至奢选杭州华夏之心酒店沉浸于纯正地道、体验丰富、周到细致的入住环境，开启全新奢华探享之旅。期待您的每次入住都能有新的体验，希望您再次光临！ 诚挚祝福， 洲至奢选杭州华夏之心酒店管理团队,2024-10-28T00:00:00,"# 洲至奢选杭州华夏之心酒店 review (Ctrip)

**Rating:** 5.0/5 ★★★★★
**Travel type:** 商务出差

## Review
钻石会员入住升级到了角房，房间面积较大，十分安静，所有会员礼遇都有给到，酒店健身房十分给力宽敞面积大设备多完全适合健身人士使用。酒店午餐品质很好杭椒牛柳饭很好吃。早餐也不错，如果能有鲜榨果汁就更好了。酒店Ivy小姐姐服务挺好，下次会考虑再次前来入住。

## Hotel response
尊敬的宾客， 您好！您的认可让我们倍感荣幸！感谢您与我们分享入住体验，很高兴您对此次入住感到满意，尤其是对同事Ivy的肯定让我们感到自豪。无论是商务旅行还是休闲度假，都可在洲至奢选杭州华夏之心酒店沉浸于纯正地道、体验丰富、周到细致的入住环境，开启全新奢华探享之旅。期待您的每次入住都能有新的体验，希望您再次光临！ 诚挚祝福， 洲至奢选杭州华夏之心酒店管理团队",https://hotels.ctrip.com/hotels/70492076.html
1637776281,70492076,洲至奢选杭州华夏之心酒店,ctrip,2025-08-17T16:25:27,2025-08,,2,点评新星,True,发布于浙江,家庭亲子,豪华房双床,CN,5,超棒,Cleanliness: 5.0; Location: 5.0; Service: 5.0; Facilities: 5.0,房间面积大，硬件一流，健身房和游泳池很赞。美中不足床垫有点高，卫生间没有自动马桶。周边吃饭很方便，楼下就有各种风味餐厅和盒马。,,False,True,0,0,False,尊敬的宾客：感谢您的细致反馈！很高兴您对房间面积、健身设施及周边便利性感到满意。期待以更完善的设施再次为您服务，祝生活愉快！,2025-08-18T00:00:00,"# 洲至奢选杭州华夏之心酒店 review (Ctrip)

**Rating:** 5.0/5 ★★★★★
**Travel type:** 家庭亲子

## Review
房间面积大，硬件一流，健身房和游泳池很赞。美中不足床垫有点高，卫生间没有自动马桶。周边吃饭很方便，楼下就有各种风味餐厅和盒马。

## Hotel response
尊敬的宾客：感谢您的细致反馈！很高兴您对房间面积、健身设施及周边便利性感到满意。期待以更完善的设施再次为您服务，祝生活愉快！",https://hotels.ctrip.com/hotels/70492076.html
1737271659,70492076,洲至奢选杭州华夏之心酒店,ctrip,2025-11-01T17:09:30,2025-10,,6,点评达人,True,发布于浙江,家庭亲子,奢享房超大床,CN,5,超棒,Cleanliness: 5.0; Location: 5.0; Service: 5.0; Facilities: 5.0,"房间、环境都很好，满意。

只是大家避雷7楼的豫钱塘，菜品、服务都很菜，配不上洲际，祝早日脱钩",,False,True,0,0,False,尊敬的宾客：感谢您对酒店客房与环境的认可！很高兴您在入住期间感受到舒适与满意，我们将继续保持高品质标准，期待下次为您带来更完美的居停体验。祝您旅途愉快，顺心如意！,2025-11-05T00:00:00,"# 洲至奢选杭州华夏之心酒店 review (Ctrip)

**Rating:** 5.0/5 ★★★★★
**Travel type:** 家庭亲子

## Review
房间、环境都很好，满意。

只是大家避雷7楼的豫钱塘，菜品、服务都很菜，配不上洲际，祝早日脱钩

## Hotel response
尊敬的宾客：感谢您对酒店客房与环境的认可！很高兴您在入住期间感受到舒适与满意，我们将继续保持高品质标准，期待下次为您带来更完美的居停体验。祝您旅途愉快，顺心如意！",https://hotels.ctrip.com/hotels/70492076.html
1279751425,70492076,洲至奢选杭州华夏之心酒店,ctrip,2024-10-04T15:13:37,2024-10,Martin Z ²,7,点评达人,False,发布于浙江,独自旅行,豪华房超大床,CN,5,超棒,Cleanliness: 5.0; Location: 5.0; Service: 5.0; Facilities: 5.0,"客观来说进入酒店大堂的设计不错入住首晚使用minibar
设施：酒店泳池和健身房都很大，恒温泳池
卫生：房间卫生很好
服务：酒店前台服务很好，谢谢Martin的照顾
环境：周边有很多商场，地铁也很近",,False,True,1,4,False,尊敬的宾客， 您好！您的认可让我们倍感荣幸！感谢您与我们分享入住体验，很高兴您对此次入住感到满意，尤其是对同事Martin的肯定让我们感到自豪。无论是商务旅行还是休闲度假，都可在洲至奢选杭州华夏之心酒店沉浸于纯正地道、体验丰富、周到细致的入住环境，开启全新奢华探享之旅。期待您的每次入住都能有新的体验，希望您再次光临！ 诚挚祝福， 洲至奢选杭州华夏之心酒店管理团队,2024-10-08T00:00:00,"# 洲至奢选杭州华夏之心酒店 review (Ctrip)

**Rating:** 5.0/5 ★★★★★
**Travel type:** 独自旅行

## Review
客观来说进入酒店大堂的设计不错入住首晚使用minibar
设施：酒店泳池和健身房都很大，恒温泳池
卫生：房间卫生很好
服务：酒店前台服务很好，谢谢Martin的照顾
环境：周边有很多商场，地铁也很近

## Hotel response
尊敬的宾客， 您好！您的认可让我们倍感荣幸！感谢您与我们分享入住体验，很高兴您对此次入住感到满意，尤其是对同事Martin的肯定让我们感到自豪。无论是商务旅行还是休闲度假，都可在洲至奢选杭州华夏之心酒店沉浸于纯正地道、体验丰富、周到细致的入住环境，开启全新奢华探享之旅。期待您的每次入住都能有新的体验，希望您再次光临！ 诚挚祝福， 洲至奢选杭州华夏之心酒店管理团队",https://hotels.ctrip.com/hotels/70492076.html
1954225835,70492076,洲至奢选杭州华夏之心酒店,ctrip,2026-05-20T11:27:54,2026-05,超级の卡布达,3,点评新星,False,发布于上海,商务出差,豪华房超大床,CN,5,超棒,Cleanliness: 5.0; Location: 5.0; Service: 5.0; Facilities: 5.0,房间很满意，谢谢宾客部Iris，都很棒👍🏻,,False,True,0,0,False,尊敬的宾客：感谢您的认可与好评！很高兴您对房间感到满意，特别感谢您对宾客部 Iris 的表扬，她的专业与热情是我们团队的骄傲。期待下次继续为您带来同样出色的入住体验！,2026-05-27T00:00:00,"# 洲至奢选杭州华夏之心酒店 review (Ctrip)

**Rating:** 5.0/5 ★★★★★
**Travel type:** 商务出差

## Review
房间很满意，谢谢宾客部Iris，都很棒👍🏻

## Hotel response
尊敬的宾客：感谢您的认可与好评！很高兴您对房间感到满意，特别感谢您对宾客部 Iris 的表扬，她的专业与热情是我们团队的骄傲。期待下次继续为您带来同样出色的入住体验！",https://hotels.ctrip.com/hotels/70492076.html
1406261569,70492076,洲至奢选杭州华夏之心酒店,ctrip,2025-01-30T16:30:42,2025-01,天空之城的宝藏,24,点评达人,False,发布于浙江,家庭亲子,豪华房超大床,CN,5,超棒,Cleanliness: 5.0; Location: 5.0; Service: 5.0; Facilities: 5.0,过年家庭出游入住了洲际旗下的洲至奢选，前台非常热心的帮我们升级了2.44米的大床房，还送了饮品券。入住时和退房时都刚好是Harrey非常热情的为我们服务。,,False,True,0,3,False,尊敬的宾客， 您好！您的认可让我们倍感荣幸！感谢您与我们分享入住体验，很高兴您对此次入住感到满意，尤其是对同事Harrey的肯定让我们感到自豪。无论是商务旅行还是休闲度假，都可在洲至奢选杭州华夏之心酒店沉浸于纯正地道、体验丰富、周到细致的入住环境，开启全新奢华探享之旅。期待您的每次入住都能有新的体验，希望您再次光临！ 诚挚祝福， 洲至奢选杭州华夏之心酒店管理团队,2025-02-06T00:00:00,"# 洲至奢选杭州华夏之心酒店 review (Ctrip)

**Rating:** 5.0/5 ★★★★★
**Travel type:** 家庭亲子

## Review
过年家庭出游入住了洲际旗下的洲至奢选，前台非常热心的帮我们升级了2.44米的大床房，还送了饮品券。入住时和退房时都刚好是Harrey非常热情的为我们服务。

## Hotel response
尊敬的宾客， 您好！您的认可让我们倍感荣幸！感谢您与我们分享入住体验，很高兴您对此次入住感到满意，尤其是对同事Harrey的肯定让我们感到自豪。无论是商务旅行还是休闲度假，都可在洲至奢选杭州华夏之心酒店沉浸于纯正地道、体验丰富、周到细致的入住环境，开启全新奢华探享之旅。期待您的每次入住都能有新的体验，希望您再次光临！ 诚挚祝福， 洲至奢选杭州华夏之心酒店管理团队",https://hotels.ctrip.com/hotels/70492076.html
1647629229,70492076,洲至奢选杭州华夏之心酒店,ctrip,2025-08-24T15:48:48,2025-08,,4,点评新星,True,发布于浙江,家庭亲子,豪华房双床,CN,5,超棒,Cleanliness: 5.0; Location: 5.0; Service: 5.0; Facilities: 5.0,各方面都满意，还是在余杭区最繁华的商圈，打扫卫生阿姨亲和服务速度快，前台小姐姐也很用心的帮忙，餐厅干净卫生～,,False,True,0,0,False,尊敬的宾客：感谢您的用心分享！很高兴您在余杭繁华商圈中选择了我们，更欣慰您对卫生清洁、前台协助及餐厅环境都感到满意。阿姨的亲切高效和前台小姐姐的用心服务，是我们始终坚持的“细节温度”，您的认可已第一时间传达给团队！期待下次继续为您打造“繁华中的静谧体验”，祝生活愉快！,2025-08-25T00:00:00,"# 洲至奢选杭州华夏之心酒店 review (Ctrip)

**Rating:** 5.0/5 ★★★★★
**Travel type:** 家庭亲子

## Review
各方面都满意，还是在余杭区最繁华的商圈，打扫卫生阿姨亲和服务速度快，前台小姐姐也很用心的帮忙，餐厅干净卫生～

## Hotel response
尊敬的宾客：感谢您的用心分享！很高兴您在余杭繁华商圈中选择了我们，更欣慰您对卫生清洁、前台协助及餐厅环境都感到满意。阿姨的亲切高效和前台小姐姐的用心服务，是我们始终坚持的“细节温度”，您的认可已第一时间传达给团队！期待下次继续为您打造“繁华中的静谧体验”，祝生活愉快！",https://hotels.ctrip.com/hotels/70492076.html
1424679313,70492076,洲至奢选杭州华夏之心酒店,ctrip,2025-02-17T11:08:05,2025-02,,2,点评新星,True,发布于江苏,独自旅行,豪华房超大床,CN,5,超棒,Cleanliness: 5.0; Location: 5.0; Service: 5.0; Facilities: 5.0,服务细心，非常满意,,False,True,0,1,False,尊敬的宾客， 您好！您的认可让我们倍感荣幸！感谢您与我们分享入住体验，很高兴您对此次入住感到满意，无论是商务旅行还是休闲度假，都可在洲至奢选杭州华夏之心酒店沉浸于纯正地道、体验丰富、周到细致的入住环境，开启全新奢华探享之旅。期待您的每次入住都能有新的体验，希望您再次光临！ 诚挚祝福， 洲至奢选杭州华夏之心酒店管理团队,2025-02-17T00:00:00,"# 洲至奢选杭州华夏之心酒店 review (Ctrip)

**Rating:** 5.0/5 ★★★★★
**Travel type:** 独自旅行

## Review
服务细心，非常满意

## Hotel response
尊敬的宾客， 您好！您的认可让我们倍感荣幸！感谢您与我们分享入住体验，很高兴您对此次入住感到满意，无论是商务旅行还是休闲度假，都可在洲至奢选杭州华夏之心酒店沉浸于纯正地道、体验丰富、周到细致的入住环境，开启全新奢华探享之旅。期待您的每次入住都能有新的体验，希望您再次光临！ 诚挚祝福， 洲至奢选杭州华夏之心酒店管理团队",https://hotels.ctrip.com/hotels/70492076.html
1255051149,70492076,洲至奢选杭州华夏之心酒店,ctrip,2024-09-10T15:21:42,2024-09,CHENMO陈默,10,点评达人,False,发布于浙江,商务出差,豪华房双床,CN,5,超棒,Cleanliness: 5.0; Location: 5.0; Service: 5.0; Facilities: 5.0,"非常不错的体验
有点小轻奢
香味很喜欢
下次再来
酒店的风格也是清雅氛围
早餐很丰富
健身房洗浴都非常舒适",,False,True,0,19,False,尊敬的宾客， 您好！首先，谨代表洲至奢选杭州华夏之心酒店感谢您对我们的支持，并且与我们分享您的入住体验。 很高兴得知您对此次的入住感到满意。酒店个性出众的设计风格及品质卓越的环境设施，为您缔造记忆深刻的入住体验。贴心周到的服务是我们一直追求的目标，希望洲至奢选杭州华夏之心酒店能成为您的家外之家，欢迎常回来！ 此致 敬礼 洲至奢选杭州华夏之心酒店管理团队,2024-09-14T00:00:00,"# 洲至奢选杭州华夏之心酒店 review (Ctrip)

**Rating:** 5.0/5 ★★★★★
**Travel type:** 商务出差

## Review
非常不错的体验
有点小轻奢
香味很喜欢
下次再来
酒店的风格也是清雅氛围
早餐很丰富
健身房洗浴都非常舒适

## Hotel response
尊敬的宾客， 您好！首先，谨代表洲至奢选杭州华夏之心酒店感谢您对我们的支持，并且与我们分享您的入住体验。 很高兴得知您对此次的入住感到满意。酒店个性出众的设计风格及品质卓越的环境设施，为您缔造记忆深刻的入住体验。贴心周到的服务是我们一直追求的目标，希望洲至奢选杭州华夏之心酒店能成为您的家外之家，欢迎常回来！ 此致 敬礼 洲至奢选杭州华夏之心酒店管理团队",https://hotels.ctrip.com/hotels/70492076.html
1755957051,70492076,洲至奢选杭州华夏之心酒店,ctrip,2025-11-19T14:27:05,2025-11,,4,点评新星,True,发布于天津,商务出差,豪华房超大床,CN,5,超棒,Cleanliness: 5.0; Location: 5.0; Service: 5.0; Facilities: 5.0,房间整洁舒适，交通比较方便，早餐种类也比较多。工作人员很热情，尤其是Vivi,,False,True,0,0,False,尊敬的宾客：感谢您的认可！很高兴您对酒店的环境和服务感到满意，我们将继续保持高标准，期待下次为您带来更完美的入住体验！祝您顺心愉快！,2025-11-24T00:00:00,"# 洲至奢选杭州华夏之心酒店 review (Ctrip)

**Rating:** 5.0/5 ★★★★★
**Travel type:** 商务出差

## Review
房间整洁舒适，交通比较方便，早餐种类也比较多。工作人员很热情，尤其是Vivi

## Hotel response
尊敬的宾客：感谢您的认可！很高兴您对酒店的环境和服务感到满意，我们将继续保持高标准，期待下次为您带来更完美的入住体验！祝您顺心愉快！",https://hotels.ctrip.com/hotels/70492076.html
1884598373,70492076,洲至奢选杭州华夏之心酒店,ctrip,2026-03-23T09:34:19,2026-03,,6,点评达人,True,发布于浙江,商务出差,豪华房双床,CN,5,超棒,Cleanliness: 5.0; Location: 5.0; Service: 5.0; Facilities: 5.0,非常好家里面有事情临时要回去 很感谢李慧敏小姐姐的服务 客服部 他们家的饭菜很好吃下次还会来,,False,True,0,0,False,尊敬的宾客：感谢您对李慧敏小姐姐及客服部的特别表扬！您的认可已第一时间传达给她，团队倍感温暖。很高兴饭菜合您口味，更欣慰在您匆忙处理家事时，我们仍能为您提供安心服务。期待下次以更妥帖的安排，继续为您守护温暖时光。,2026-03-24T00:00:00,"# 洲至奢选杭州华夏之心酒店 review (Ctrip)

**Rating:** 5.0/5 ★★★★★
**Travel type:** 商务出差

## Review
非常好家里面有事情临时要回去 很感谢李慧敏小姐姐的服务 客服部 他们家的饭菜很好吃下次还会来

## Hotel response
尊敬的宾客：感谢您对李慧敏小姐姐及客服部的特别表扬！您的认可已第一时间传达给她，团队倍感温暖。很高兴饭菜合您口味，更欣慰在您匆忙处理家事时，我们仍能为您提供安心服务。期待下次以更妥帖的安排，继续为您守护温暖时光。",https://hotels.ctrip.com/hotels/70492076.html
1562912067,70492076,洲至奢选杭州华夏之心酒店,ctrip,2025-06-21T16:22:08,2025-06,,8,点评达人,True,发布于浙江,朋友出游,尊享房双床,CN,5,超棒,Cleanliness: 5.0; Location: 5.0; Service: 5.0; Facilities: 5.0,"超出预期的完美入住体验，强烈推荐！  

设施：酒店设施非常新且齐全，完全超出预期！房间宽敞明亮，床品舒适柔软，淋浴水压充足和高品质的洗浴用品。健身房器材齐全，泳池水质干净。
服务：服务绝对是五星级水准！前台工作人员热情专业，办理入住高效，还主动升级了房型。早餐好吃，工作人员服务热情，会主动问咖啡茶。客房响应速度极快，礼宾部的小哥热情打招呼帮忙搬行李、推荐周边美食，让人倍感温暖。  
环境：酒店位置优越，闹中取静——步行5分钟可达地铁站。大堂设计有格调，大堂有西湖十景，整体干净整洁。
从硬件到服务都无可挑剔，性价比极高，下次旅行一定会再次选择这里！",,False,True,0,5,False,尊敬的宾客：您好，感谢您的点评！酒店提倡“用心服务”，我们正在用心发现可以给您提供服务的机会，给您提供更满意、更舒适的休息环境！您的满意就是我们的追求！期待您的再次光临。,2025-06-23T00:00:00,"# 洲至奢选杭州华夏之心酒店 review (Ctrip)

**Rating:** 5.0/5 ★★★★★
**Travel type:** 朋友出游

## Review
超出预期的完美入住体验，强烈推荐！  

设施：酒店设施非常新且齐全，完全超出预期！房间宽敞明亮，床品舒适柔软，淋浴水压充足和高品质的洗浴用品。健身房器材齐全，泳池水质干净。
服务：服务绝对是五星级水准！前台工作人员热情专业，办理入住高效，还主动升级了房型。早餐好吃，工作人员服务热情，会主动问咖啡茶。客房响应速度极快，礼宾部的小哥热情打招呼帮忙搬行李、推荐周边美食，让人倍感温暖。  
环境：酒店位置优越，闹中取静——步行5分钟可达地铁站。大堂设计有格调，大堂有西湖十景，整体干净整洁。
从硬件到服务都无可挑剔，性价比极高，下次旅行一定会再次选择这里！

## Hotel response
尊敬的宾客：您好，感谢您的点评！酒店提倡“用心服务”，我们正在用心发现可以给您提供服务的机会，给您提供更满意、更舒适的休息环境！您的满意就是我们的追求！期待您的再次光临。",https://hotels.ctrip.com/hotels/70492076.html
1576336521,70492076,洲至奢选杭州华夏之心酒店,ctrip,2025-07-02T20:27:44,2025-07,,1,点评新星,True,发布于浙江,朋友出游,单卧套房超大床,CN,5,超棒,Cleanliness: 5.0; Location: 5.0; Service: 5.0; Facilities: 5.0,房间很宽敞，顶楼视野也很好，周边吃饭的地方很多，还有商场可以逛可以看电影。酒店很贴心 还送了入住水果和离店礼物，下次还会住。,,False,True,0,0,False,尊敬的宾客：感谢您的认可！很高兴您喜欢客房的宽敞布局和顶楼景观，周边丰富的餐饮娱乐选择也为您的旅程增添了便利。为您准备的入住水果和离店小礼能传递我们的心意，我们倍感欣慰。期待下次相遇时，继续为您提供舒心体验！,2025-07-07T00:00:00,"# 洲至奢选杭州华夏之心酒店 review (Ctrip)

**Rating:** 5.0/5 ★★★★★
**Travel type:** 朋友出游

## Review
房间很宽敞，顶楼视野也很好，周边吃饭的地方很多，还有商场可以逛可以看电影。酒店很贴心 还送了入住水果和离店礼物，下次还会住。

## Hotel response
尊敬的宾客：感谢您的认可！很高兴您喜欢客房的宽敞布局和顶楼景观，周边丰富的餐饮娱乐选择也为您的旅程增添了便利。为您准备的入住水果和离店小礼能传递我们的心意，我们倍感欣慰。期待下次相遇时，继续为您提供舒心体验！",https://hotels.ctrip.com/hotels/70492076.html
1871402501,70492076,洲至奢选杭州华夏之心酒店,ctrip,2026-03-10T15:36:18,2026-03,慕慕美人,3,点评新星,False,发布于浙江,商务出差,尊享房超大床,CN,5,超棒,Cleanliness: 5.0; Location: 5.0; Service: 5.0; Facilities: 5.0,前台Yvan和Sakura帮忙协调，安排的很好。,,False,True,1,0,False,尊敬的宾客：感谢您对Yvan和Sakura的再次认可！他们的专业协调与细致安排，始终是我们团队引以为傲的服务标杆。您的肯定将激励他们继续以热忱之心，为每位宾客创造温暖体验。期待下次重逢时，继续为您书写满意的篇章！,2026-03-12T00:00:00,"# 洲至奢选杭州华夏之心酒店 review (Ctrip)

**Rating:** 5.0/5 ★★★★★
**Travel type:** 商务出差

## Review
前台Yvan和Sakura帮忙协调，安排的很好。

## Hotel response
尊敬的宾客：感谢您对Yvan和Sakura的再次认可！他们的专业协调与细致安排，始终是我们团队引以为傲的服务标杆。您的肯定将激励他们继续以热忱之心，为每位宾客创造温暖体验。期待下次重逢时，继续为您书写满意的篇章！",https://hotels.ctrip.com/hotels/70492076.html
1973587811,70492076,洲至奢选杭州华夏之心酒店,ctrip,2026-06-05T15:07:32,2026-06,hxq雪,202,点评专家,False,发布于浙江,商务出差,豪华房超大床,CN,5,超棒,Cleanliness: 5.0; Location: 5.0; Service: 5.0; Facilities: 5.0,杭州的第一家VC整体住下来非常不错，第一是服务，管家Shirley热情专业，询问了需求。免费升级的房间景色和设施设备很棒，准备的欢迎水果很新鲜。第二是地理位置，虽然是在余杭区周围都是一些公司，但临近地铁，旁边就是盒马超市购物啥的都很方便。服务在线，品质在线，出差首选！,,False,True,0,4,False,尊敬的宾客：感谢您对杭州首家洲至奢选酒店的细致好评！很高兴管家 Shirley 热情专业的服务、贴心的房型升级以及新鲜的欢迎水果，为您留下了深刻印象。您对便利的地理位置及周边配套的认可，也让我们倍感欣慰。“服务在线，品质在线”是我们始终的追求，期待继续成为您出差杭州的首选！,2026-06-08T00:00:00,"# 洲至奢选杭州华夏之心酒店 review (Ctrip)

**Rating:** 5.0/5 ★★★★★
**Travel type:** 商务出差

## Review
杭州的第一家VC整体住下来非常不错，第一是服务，管家Shirley热情专业，询问了需求。免费升级的房间景色和设施设备很棒，准备的欢迎水果很新鲜。第二是地理位置，虽然是在余杭区周围都是一些公司，但临近地铁，旁边就是盒马超市购物啥的都很方便。服务在线，品质在线，出差首选！

## Hotel response
尊敬的宾客：感谢您对杭州首家洲至奢选酒店的细致好评！很高兴管家 Shirley 热情专业的服务、贴心的房型升级以及新鲜的欢迎水果，为您留下了深刻印象。您对便利的地理位置及周边配套的认可，也让我们倍感欣慰。“服务在线，品质在线”是我们始终的追求，期待继续成为您出差杭州的首选！",https://hotels.ctrip.com/hotels/70492076.html
1690535779,70492076,洲至奢选杭州华夏之心酒店,ctrip,2025-10-01T20:14:49,2025-07,淡淡的忧伤,32,点评专家,False,发布于北京,商务出差,豪华房双床,CN,5,超棒,Cleanliness: 5.0; Location: 5.0; Service: 5.0; Facilities: 5.0,九点位置很好楼下全是吃的 特别方便离地铁站也不远 周围也很方便 下次出差还考虑住这里 卫生也挺好的 下次还会入住的,,False,True,0,0,False,尊敬的宾客：感谢您的认可！很高兴酒店便利的位置与卫生标准能满足您的差旅需求，周边丰富的餐饮选择与地铁便捷性定能为您的行程增添舒心。您的再次选择是我们最大的动力。期待下次再见，祝您工作顺利，旅途顺心！,2025-10-09T00:00:00,"# 洲至奢选杭州华夏之心酒店 review (Ctrip)

**Rating:** 5.0/5 ★★★★★
**Travel type:** 商务出差

## Review
九点位置很好楼下全是吃的 特别方便离地铁站也不远 周围也很方便 下次出差还考虑住这里 卫生也挺好的 下次还会入住的

## Hotel response
尊敬的宾客：感谢您的认可！很高兴酒店便利的位置与卫生标准能满足您的差旅需求，周边丰富的餐饮选择与地铁便捷性定能为您的行程增添舒心。您的再次选择是我们最大的动力。期待下次再见，祝您工作顺利，旅途顺心！",https://hotels.ctrip.com/hotels/70492076.html
1909008963,70492076,洲至奢选杭州华夏之心酒店,ctrip,2026-04-13T15:47:36,2026-04,,2,点评新星,True,发布于上海,独自旅行,豪华房双床,CN,5,超棒,Cleanliness: 5.0; Location: 5.0; Service: 5.0; Facilities: 5.0,卫生干净，前台接待态度很好，非常值得推荐,,False,True,0,0,False,尊敬的宾客：感谢您的认可与推荐！很高兴您对卫生和前台服务感到满意，我们将继续保持高品质标准，期待下次为您带来更完美的入住体验。,2026-04-17T00:00:00,"# 洲至奢选杭州华夏之心酒店 review (Ctrip)

**Rating:** 5.0/5 ★★★★★
**Travel type:** 独自旅行

## Review
卫生干净，前台接待态度很好，非常值得推荐

## Hotel response
尊敬的宾客：感谢您的认可与推荐！很高兴您对卫生和前台服务感到满意，我们将继续保持高品质标准，期待下次为您带来更完美的入住体验。",https://hotels.ctrip.com/hotels/70492076.html
1395297703,70492076,洲至奢选杭州华夏之心酒店,ctrip,2025-01-16T21:04:31,2024-11,,11,点评达人,True,发布于浙江,家庭亲子,豪华房双床,CN,5,超棒,Cleanliness: 5.0; Location: 5.0; Service: 5.0; Facilities: 5.0,"设施：✨✨✨✨
卫生：✨✨✨✨✨
环境：✨✨✨
服务：✨✨✨✨✨",,False,True,0,4,False,尊敬的宾客， 您好！您的认可让我们倍感荣幸！感谢您与我们分享入住体验，很高兴您对此次入住感到满意，无论是商务旅行还是休闲度假，都可在洲至奢选杭州华夏之心酒店沉浸于纯正地道、体验丰富、周到细致的入住环境，开启全新奢华探享之旅。期待您的每次入住都能有新的体验，希望您再次光临！ 诚挚祝福， 洲至奢选杭州华夏之心酒店管理团队,2025-01-20T00:00:00,"# 洲至奢选杭州华夏之心酒店 review (Ctrip)

**Rating:** 5.0/5 ★★★★★
**Travel type:** 家庭亲子

## Review
设施：✨✨✨✨
卫生：✨✨✨✨✨
环境：✨✨✨
服务：✨✨✨✨✨

## Hotel response
尊敬的宾客， 您好！您的认可让我们倍感荣幸！感谢您与我们分享入住体验，很高兴您对此次入住感到满意，无论是商务旅行还是休闲度假，都可在洲至奢选杭州华夏之心酒店沉浸于纯正地道、体验丰富、周到细致的入住环境，开启全新奢华探享之旅。期待您的每次入住都能有新的体验，希望您再次光临！ 诚挚祝福， 洲至奢选杭州华夏之心酒店管理团队",https://hotels.ctrip.com/hotels/70492076.html
1513803893,70492076,洲至奢选杭州华夏之心酒店,ctrip,2025-05-09T17:54:28,2025-05,,4,点评新星,True,发布于江苏,家庭亲子,豪华房双床,CN,5,超棒,Cleanliness: 5.0; Location: 5.0; Service: 5.0; Facilities: 5.0,带爷爷奶奶一起出行，两位老人表示很满意，地下停车场进入酒店电梯有专人指引，老人家觉得这项服务超级棒👍🏻早餐的梅干菜饼也给他们留下不错的印象🌟,,False,True,0,0,False,尊敬的宾客：很高兴您在酒店和您的家人们度过了一个美好的假期，您的点评是对我们服务最佳的肯定与鼓舞。欢迎您再次光临！,2025-05-13T00:00:00,"# 洲至奢选杭州华夏之心酒店 review (Ctrip)

**Rating:** 5.0/5 ★★★★★
**Travel type:** 家庭亲子

## Review
带爷爷奶奶一起出行，两位老人表示很满意，地下停车场进入酒店电梯有专人指引，老人家觉得这项服务超级棒👍🏻早餐的梅干菜饼也给他们留下不错的印象🌟

## Hotel response
尊敬的宾客：很高兴您在酒店和您的家人们度过了一个美好的假期，您的点评是对我们服务最佳的肯定与鼓舞。欢迎您再次光临！",https://hotels.ctrip.com/hotels/70492076.html
1302044447,70492076,洲至奢选杭州华夏之心酒店,ctrip,2024-10-25T01:36:11,2024-07,丶Lyr,66,点评专家,False,发布于重庆,朋友出游,豪华房双床,CN,5,超棒,Cleanliness: 5.0; Location: 5.0; Service: 5.0; Facilities: 5.0,"其实不是很懂洲至奢选的定位是啥，不过当时是为了来盖章就选在了最近的一家店，刚好可以去看看西子湖畔，虽然离市区还有段距离，建议还是开车比较方便。
总的来说是个合格的豪华酒店，我都忘了那个时候我是不是钻卡了，反正好像依稀记得没有吃早饭。所以就不对餐厅进行评价了。然后有40N的酒廊权益的话，可以有90还是120的代金券。记得不是很清楚了。",,False,True,0,3,False,尊敬的宾客， 您好！首先，谨代表洲至奢选杭州华夏之心酒店感谢您对我们的支持，并且与我们分享您的入住体验。 很高兴得知您对此次的入住感到满意。酒店个性出众的设计风格及品质卓越的环境设施，为您缔造记忆深刻的入住体验。贴心周到的服务是我们一直追求的目标，希望洲至奢选杭州华夏之心酒店能成为您的家外之家，欢迎常回来！ 此致 敬礼 洲至奢选杭州华夏之心酒店管理团队,2024-10-28T00:00:00,"# 洲至奢选杭州华夏之心酒店 review (Ctrip)

**Rating:** 5.0/5 ★★★★★
**Travel type:** 朋友出游

## Review
其实不是很懂洲至奢选的定位是啥，不过当时是为了来盖章就选在了最近的一家店，刚好可以去看看西子湖畔，虽然离市区还有段距离，建议还是开车比较方便。
总的来说是个合格的豪华酒店，我都忘了那个时候我是不是钻卡了，反正好像依稀记得没有吃早饭。所以就不对餐厅进行评价了。然后有40N的酒廊权益的话，可以有90还是120的代金券。记得不是很清楚了。

## Hotel response
尊敬的宾客， 您好！首先，谨代表洲至奢选杭州华夏之心酒店感谢您对我们的支持，并且与我们分享您的入住体验。 很高兴得知您对此次的入住感到满意。酒店个性出众的设计风格及品质卓越的环境设施，为您缔造记忆深刻的入住体验。贴心周到的服务是我们一直追求的目标，希望洲至奢选杭州华夏之心酒店能成为您的家外之家，欢迎常回来！ 此致 敬礼 洲至奢选杭州华夏之心酒店管理团队",https://hotels.ctrip.com/hotels/70492076.html
1236069577,70492076,洲至奢选杭州华夏之心酒店,ctrip,2024-08-25T14:41:20,2024-08,,1,点评新星,True,发布于浙江,商务出差,豪华房超大床,CN,5,超棒,Cleanliness: 5.0; Location: 5.0; Service: 5.0; Facilities: 5.0,这家酒店非常棒，很干净。有泳池，有按摩浴缸还有桑拿房，游完游冲一下，按摩浴缸泡一泡，桑拿房蒸一蒸，完美！Thea美女很热情，专业又周到，很不错的一次体验，下次还来,,False,True,0,3,False,尊敬的宾客， 您好！您的认可让我们倍感荣幸！感谢您与我们分享入住体验，很高兴您对此次入住感到满意，尤其是对同事Thea的肯定让我们感到自豪。无论是商务旅行还是休闲度假，都可在洲至奢选杭州华夏之心酒店沉浸于纯正地道、体验丰富、周到细致的入住环境，开启全新奢华探享之旅。期待您的每次入住都能有新的体验，希望您再次光临！ 诚挚祝福， 洲至奢选杭州华夏之心酒店管理团队,2024-08-26T00:00:00,"# 洲至奢选杭州华夏之心酒店 review (Ctrip)

**Rating:** 5.0/5 ★★★★★
**Travel type:** 商务出差

## Review
这家酒店非常棒，很干净。有泳池，有按摩浴缸还有桑拿房，游完游冲一下，按摩浴缸泡一泡，桑拿房蒸一蒸，完美！Thea美女很热情，专业又周到，很不错的一次体验，下次还来

## Hotel response
尊敬的宾客， 您好！您的认可让我们倍感荣幸！感谢您与我们分享入住体验，很高兴您对此次入住感到满意，尤其是对同事Thea的肯定让我们感到自豪。无论是商务旅行还是休闲度假，都可在洲至奢选杭州华夏之心酒店沉浸于纯正地道、体验丰富、周到细致的入住环境，开启全新奢华探享之旅。期待您的每次入住都能有新的体验，希望您再次光临！ 诚挚祝福， 洲至奢选杭州华夏之心酒店管理团队",https://hotels.ctrip.com/hotels/70492076.html
1886533841,70492076,洲至奢选杭州华夏之心酒店,ctrip,2026-03-24T22:47:52,2026-03,,8,点评达人,True,发布于浙江,商务出差,豪华房双床,CN,5,超棒,Cleanliness: 5.0; Location: 5.0; Service: 5.0; Facilities: 5.0,服务非常不错酒店很干净 下次出差再来这里,,False,True,0,0,False,尊敬的宾客：感谢您的认可与信赖！很高兴您对酒店的服务和卫生感到满意，您的“下次再来”是我们最珍视的承诺。期待在您下次差旅途中，继续以整洁的环境与热忱的服务，为您守护每一程的舒心与便捷。,2026-03-25T00:00:00,"# 洲至奢选杭州华夏之心酒店 review (Ctrip)

**Rating:** 5.0/5 ★★★★★
**Travel type:** 商务出差

## Review
服务非常不错酒店很干净 下次出差再来这里

## Hotel response
尊敬的宾客：感谢您的认可与信赖！很高兴您对酒店的服务和卫生感到满意，您的“下次再来”是我们最珍视的承诺。期待在您下次差旅途中，继续以整洁的环境与热忱的服务，为您守护每一程的舒心与便捷。",https://hotels.ctrip.com/hotels/70492076.html
1619571233,70492076,洲至奢选杭州华夏之心酒店,ctrip,2025-08-04T19:56:06,2025-08,跑步的肥牛,66,点评专家,False,发布于浙江,情侣出游,单卧套房超大床,CN,5,超棒,Cleanliness: 5.0; Location: 5.0; Service: 5.0; Facilities: 5.0,房间宽敞明亮，早歺品质不错，停车场在负二，设了一个岗位引领住客停车，旁边商场有一家盒马，购物方便,,False,True,0,0,False,尊敬的宾客：感谢您的细致分享！很高兴您喜欢房间的宽敞明亮与早餐品质，停车场的专人引导和毗邻盒马的便利位置能为您提供便捷体验，我们倍感欣慰。您的满意是我们最大的动力，期待下次继续为您打造省心舒适的入住时光！,2025-08-07T00:00:00,"# 洲至奢选杭州华夏之心酒店 review (Ctrip)

**Rating:** 5.0/5 ★★★★★
**Travel type:** 情侣出游

## Review
房间宽敞明亮，早歺品质不错，停车场在负二，设了一个岗位引领住客停车，旁边商场有一家盒马，购物方便

## Hotel response
尊敬的宾客：感谢您的细致分享！很高兴您喜欢房间的宽敞明亮与早餐品质，停车场的专人引导和毗邻盒马的便利位置能为您提供便捷体验，我们倍感欣慰。您的满意是我们最大的动力，期待下次继续为您打造省心舒适的入住时光！",https://hotels.ctrip.com/hotels/70492076.html
1660578891,70492076,洲至奢选杭州华夏之心酒店,ctrip,2025-09-03T23:50:47,2025-09,,17,点评达人,True,发布于浙江,商务出差,豪华房超大床,CN,5,超棒,Cleanliness: 5.0; Location: 5.0; Service: 5.0; Facilities: 5.0,可以，但是没有亚朵服务好。亚朵洗衣服都给送到房间。，这个早餐也不带，洗衣也也不让。,,False,True,0,0,False,尊敬的宾客：感谢您的反馈。我们始终重视每一位客人的体验，并持续优化服务细节。祝您旅途顺心。,2025-09-08T00:00:00,"# 洲至奢选杭州华夏之心酒店 review (Ctrip)

**Rating:** 5.0/5 ★★★★★
**Travel type:** 商务出差

## Review
可以，但是没有亚朵服务好。亚朵洗衣服都给送到房间。，这个早餐也不带，洗衣也也不让。

## Hotel response
尊敬的宾客：感谢您的反馈。我们始终重视每一位客人的体验，并持续优化服务细节。祝您旅途顺心。",https://hotels.ctrip.com/hotels/70492076.html
1691205069,70492076,洲至奢选杭州华夏之心酒店,ctrip,2025-10-02T14:01:17,2025-09,,11,点评达人,True,发布于浙江,商务出差,豪华房超大床,CN,5,超棒,Cleanliness: 5.0; Location: 5.0; Service: 5.0; Facilities: 5.0,地理位置还可以就是房间窗帘不遮光 希望可以改进处理 sakura服务很周到,,False,True,0,0,False,尊敬的宾客：感谢您的认可与建议！我们很高兴您对酒店的地理位置及Sakura的周到服务感到满意，同时非常理解窗帘遮光效果对睡眠质量的重要性。您的反馈我们已记录，并将作为客房优化的重要参考。期待下次为您安排更完善的房间，祝您旅途安枕无忧！,2025-10-09T00:00:00,"# 洲至奢选杭州华夏之心酒店 review (Ctrip)

**Rating:** 5.0/5 ★★★★★
**Travel type:** 商务出差

## Review
地理位置还可以就是房间窗帘不遮光 希望可以改进处理 sakura服务很周到

## Hotel response
尊敬的宾客：感谢您的认可与建议！我们很高兴您对酒店的地理位置及Sakura的周到服务感到满意，同时非常理解窗帘遮光效果对睡眠质量的重要性。您的反馈我们已记录，并将作为客房优化的重要参考。期待下次为您安排更完善的房间，祝您旅途安枕无忧！",https://hotels.ctrip.com/hotels/70492076.html
1563106299,70492076,洲至奢选杭州华夏之心酒店,ctrip,2025-06-21T20:30:32,2025-06,,1,点评新星,True,发布于江苏,独自旅行,豪华房双床,CN,5,超棒,Cleanliness: 5.0; Location: 5.0; Service: 5.0; Facilities: 5.0,"住得太舒服了！必须给满分！

服务：真的没话说！前台小姐姐小哥哥都超热情，办入住快得很。客房有啥需要，打个电话马上就来，态度还贼好，感觉像在家里一样被照顾。

卫生：绝对放心！整个酒店看着就亮堂堂的，房间里更是干净得发光！床单被子白白的，摸着软和，卫生间也收拾得锃亮，一点异味都没有，住着特别踏实。

设施：也超给力！健身房器材挺全的，早上跑个步神清气爽。游泳池水干净，游两圈很解压。房间里的啥智能设备用着也方便，出差还是玩都够用。

总之，这酒店挑不出毛病！下次绝对还来，推荐给大家！👍",,False,True,0,3,False,尊敬的宾客：您好！非常感谢您的入住与赞赏！很高兴能为您的出游带来美好的时光。您的赞赏给予酒店很大的鼓舞，也是我们进步的动力，我们会继续保持热忱，致力让每一位宾客享有宾至如归的入住感受，热切期待您的再次光临！欢迎您再回来体验，祝生活愉快！,2025-06-23T00:00:00,"# 洲至奢选杭州华夏之心酒店 review (Ctrip)

**Rating:** 5.0/5 ★★★★★
**Travel type:** 独自旅行

## Review
住得太舒服了！必须给满分！

服务：真的没话说！前台小姐姐小哥哥都超热情，办入住快得很。客房有啥需要，打个电话马上就来，态度还贼好，感觉像在家里一样被照顾。

卫生：绝对放心！整个酒店看着就亮堂堂的，房间里更是干净得发光！床单被子白白的，摸着软和，卫生间也收拾得锃亮，一点异味都没有，住着特别踏实。

设施：也超给力！健身房器材挺全的，早上跑个步神清气爽。游泳池水干净，游两圈很解压。房间里的啥智能设备用着也方便，出差还是玩都够用。

总之，这酒店挑不出毛病！下次绝对还来，推荐给大家！👍

## Hotel response
尊敬的宾客：您好！非常感谢您的入住与赞赏！很高兴能为您的出游带来美好的时光。您的赞赏给予酒店很大的鼓舞，也是我们进步的动力，我们会继续保持热忱，致力让每一位宾客享有宾至如归的入住感受，热切期待您的再次光临！欢迎您再回来体验，祝生活愉快！",https://hotels.ctrip.com/hotels/70492076.html
1840510493,70492076,洲至奢选杭州华夏之心酒店,ctrip,2026-02-09T15:26:32,2026-02,达伽玛秦桧,8,点评达人,False,发布于浙江,代人预订,豪华房双床,CN,5,超棒,Cleanliness: 5.0; Location: 5.0; Service: 5.0; Facilities: 5.0,房间非常好，泳池也很干净，适合朋友和商务出行,,False,True,0,0,False,房间非常好，泳池也很干净，适合朋友和商务出行尊敬的宾客：感谢您的认可！很高兴您对房间的舒适度及泳池的洁净环境感到满意，更欣慰酒店能成为您朋友欢聚与商务出行的双重优选。我们将继续保持高品质标准，期待下次为您带来更完美的体验！祝您旅途愉快，顺心如意！,2026-02-24T00:00:00,"# 洲至奢选杭州华夏之心酒店 review (Ctrip)

**Rating:** 5.0/5 ★★★★★
**Travel type:** 代人预订

## Review
房间非常好，泳池也很干净，适合朋友和商务出行

## Hotel response
房间非常好，泳池也很干净，适合朋友和商务出行尊敬的宾客：感谢您的认可！很高兴您对房间的舒适度及泳池的洁净环境感到满意，更欣慰酒店能成为您朋友欢聚与商务出行的双重优选。我们将继续保持高品质标准，期待下次为您带来更完美的体验！祝您旅途愉快，顺心如意！",https://hotels.ctrip.com/hotels/70492076.html
1319828059,70492076,洲至奢选杭州华夏之心酒店,ctrip,2024-11-10T16:28:25,2024-11,,1,点评新星,True,发布于北京,商务出差,豪华房超大床,CN,5,超棒,Cleanliness: 5.0; Location: 5.0; Service: 5.0; Facilities: 5.0,超预期的入住体验，很舒服，服务很贴心，早饭很好吃,,False,True,0,1,False,尊敬的宾客， 您好！首先，谨代表洲至奢选杭州华夏之心酒店感谢您对我们的支持，并且与我们分享您的入住体验。 很高兴得知您对此次的入住感到满意。酒店个性出众的设计风格及品质卓越的环境设施，为您缔造记忆深刻的入住体验。贴心周到的服务是我们一直追求的目标，希望洲至奢选杭州华夏之心酒店能成为您的家外之家，欢迎常回来！ 此致 敬礼 洲至奢选杭州华夏之心酒店管理团队,2024-11-11T00:00:00,"# 洲至奢选杭州华夏之心酒店 review (Ctrip)

**Rating:** 5.0/5 ★★★★★
**Travel type:** 商务出差

## Review
超预期的入住体验，很舒服，服务很贴心，早饭很好吃

## Hotel response
尊敬的宾客， 您好！首先，谨代表洲至奢选杭州华夏之心酒店感谢您对我们的支持，并且与我们分享您的入住体验。 很高兴得知您对此次的入住感到满意。酒店个性出众的设计风格及品质卓越的环境设施，为您缔造记忆深刻的入住体验。贴心周到的服务是我们一直追求的目标，希望洲至奢选杭州华夏之心酒店能成为您的家外之家，欢迎常回来！ 此致 敬礼 洲至奢选杭州华夏之心酒店管理团队",https://hotels.ctrip.com/hotels/70492076.html
1806870185,70492076,洲至奢选杭州华夏之心酒店,ctrip,2026-01-06T19:35:04,2025-12,,3,点评新星,True,发布于浙江,独自旅行,豪华房超大床,CN,5,超棒,Cleanliness: 5.0; Location: 5.0; Service: 5.0; Facilities: 5.0,酒店房间没有很新  前台的Sakura小姐姐很细心 还推荐了附近不踩雷的宵夜 好评+1,,False,True,0,0,False,尊敬的宾客：感谢您的真诚反馈与暖心好评！很高兴前台 Sakura 的细心推荐能为您带来便利，她的在地美食攻略是我们服务团队的小骄傲，您的认可已第一时间传达给她！关于房间新旧程度的反馈我们亦会关注，并将持续优化客房的维护与焕新计划。期待下次为您安排更舒适的入住体验，祝您旅途每一程都充满美味与惊喜！,2026-01-12T00:00:00,"# 洲至奢选杭州华夏之心酒店 review (Ctrip)

**Rating:** 5.0/5 ★★★★★
**Travel type:** 独自旅行

## Review
酒店房间没有很新  前台的Sakura小姐姐很细心 还推荐了附近不踩雷的宵夜 好评+1

## Hotel response
尊敬的宾客：感谢您的真诚反馈与暖心好评！很高兴前台 Sakura 的细心推荐能为您带来便利，她的在地美食攻略是我们服务团队的小骄傲，您的认可已第一时间传达给她！关于房间新旧程度的反馈我们亦会关注，并将持续优化客房的维护与焕新计划。期待下次为您安排更舒适的入住体验，祝您旅途每一程都充满美味与惊喜！",https://hotels.ctrip.com/hotels/70492076.html
1787193869,70492076,洲至奢选杭州华夏之心酒店,ctrip,2025-12-19T22:11:09,2025-12,,2,点评新星,True,发布于江苏,商务出差,豪华房超大床,CN,5,超棒,Cleanliness: 5.0; Location: 5.0; Service: 5.0; Facilities: 5.0,特别好 前台好 房间好 伙食好 迎宾小哥长得像王俊凯,,False,True,0,0,False,尊敬的宾客：感谢您的五星好评！很高兴您对前台服务、房间及餐饮体验都感到满意，更开心我们的迎宾小哥能为您带来“惊喜彩蛋”～您的认可已第一时间传达给团队，我们已为那位“小王俊凯”小哥颁发“颜值服务双料奖”！,2025-12-23T00:00:00,"# 洲至奢选杭州华夏之心酒店 review (Ctrip)

**Rating:** 5.0/5 ★★★★★
**Travel type:** 商务出差

## Review
特别好 前台好 房间好 伙食好 迎宾小哥长得像王俊凯

## Hotel response
尊敬的宾客：感谢您的五星好评！很高兴您对前台服务、房间及餐饮体验都感到满意，更开心我们的迎宾小哥能为您带来“惊喜彩蛋”～您的认可已第一时间传达给团队，我们已为那位“小王俊凯”小哥颁发“颜值服务双料奖”！",https://hotels.ctrip.com/hotels/70492076.html
1871844661,70492076,洲至奢选杭州华夏之心酒店,ctrip,2026-03-10T20:16:02,2026-01,,14,点评达人,True,发布于浙江,其他,豪华房超大床,CN,5,超棒,Cleanliness: 5.0; Location: 5.0; Service: 5.0; Facilities: 5.0,"设施：好的
卫生：好的
环境：好的
服务：好的",,False,True,0,0,False,尊敬的宾客：感谢您的四个“好”！您的简洁肯定是对我们最大的鼓励——设施舒适、卫生洁净、环境惬意、服务热情，是我们始终如一的标准。期待下次继续为您带来“全优”体验！祝您生活愉快，事事顺心！,2026-03-12T00:00:00,"# 洲至奢选杭州华夏之心酒店 review (Ctrip)

**Rating:** 5.0/5 ★★★★★
**Travel type:** 其他

## Review
设施：好的
卫生：好的
环境：好的
服务：好的

## Hotel response
尊敬的宾客：感谢您的四个“好”！您的简洁肯定是对我们最大的鼓励——设施舒适、卫生洁净、环境惬意、服务热情，是我们始终如一的标准。期待下次继续为您带来“全优”体验！祝您生活愉快，事事顺心！",https://hotels.ctrip.com/hotels/70492076.html
1589941767,70492076,洲至奢选杭州华夏之心酒店,ctrip,2025-07-13T14:01:17,2025-07,,13,点评达人,True,发布于浙江,家庭亲子,豪华房双床,CN,5,超棒,Cleanliness: 5.0; Location: 5.0; Service: 5.0; Facilities: 5.0,前台服务很好，特别感谢前台送的小蛋糕和Voss水，房间设施很新，周边环境便捷，下次会再次选择。,,False,True,0,0,False,尊敬的宾客：感谢您的认可！很高兴您对前台服务及房间设施感到满意，小蛋糕与Voss水是我们的一点心意，能为您增添温馨体验我们倍感欣喜。酒店优越的位置与全新设施始终为您的出行提供便利，期待下次以更贴心的服务欢迎您归来！,2025-07-15T00:00:00,"# 洲至奢选杭州华夏之心酒店 review (Ctrip)

**Rating:** 5.0/5 ★★★★★
**Travel type:** 家庭亲子

## Review
前台服务很好，特别感谢前台送的小蛋糕和Voss水，房间设施很新，周边环境便捷，下次会再次选择。

## Hotel response
尊敬的宾客：感谢您的认可！很高兴您对前台服务及房间设施感到满意，小蛋糕与Voss水是我们的一点心意，能为您增添温馨体验我们倍感欣喜。酒店优越的位置与全新设施始终为您的出行提供便利，期待下次以更贴心的服务欢迎您归来！",https://hotels.ctrip.com/hotels/70492076.html
1668863889,70492076,洲至奢选杭州华夏之心酒店,ctrip,2025-09-11T14:53:53,2025-09,,4,点评新星,True,发布于浙江,商务出差,豪华房超大床,CN,5,超棒,Cleanliness: 5.0; Location: 5.0; Service: 5.0; Facilities: 5.0,房间很大，非常整洁，毛巾也很柔软，洗护用品特别好，下次来会在考虑住在这里。,,False,True,0,0,False,尊敬的宾客：感谢您的认可！很高兴您对房间的宽敞度、整洁度以及毛巾和洗护用品的品质感到满意。您的肯定是我们持续优化的动力。祝您生活愉快，顺心如意！,2025-09-15T00:00:00,"# 洲至奢选杭州华夏之心酒店 review (Ctrip)

**Rating:** 5.0/5 ★★★★★
**Travel type:** 商务出差

## Review
房间很大，非常整洁，毛巾也很柔软，洗护用品特别好，下次来会在考虑住在这里。

## Hotel response
尊敬的宾客：感谢您的认可！很高兴您对房间的宽敞度、整洁度以及毛巾和洗护用品的品质感到满意。您的肯定是我们持续优化的动力。祝您生活愉快，顺心如意！",https://hotels.ctrip.com/hotels/70492076.html
1566547521,70492076,洲至奢选杭州华夏之心酒店,ctrip,2025-06-24T14:54:53,2025-06,,94,点评专家,True,发布于浙江,商务出差,豪华房超大床,CN,5,超棒,Cleanliness: 5.0; Location: 5.0; Service: 5.0; Facilities: 5.0,对入住很满意。房间很干净很大。前台的服务特别让人满意。不管是话术还是服务都很让人满意。满分好评👍👍👍,,False,True,0,0,False,尊敬的宾客：感谢您的满分好评！我们非常高兴您对房间的整洁度和前台的服务感到满意，您的认可是对我们最大的鼓励。期待下次继续为您提供同样优质的入住体验！,2025-06-30T00:00:00,"# 洲至奢选杭州华夏之心酒店 review (Ctrip)

**Rating:** 5.0/5 ★★★★★
**Travel type:** 商务出差

## Review
对入住很满意。房间很干净很大。前台的服务特别让人满意。不管是话术还是服务都很让人满意。满分好评👍👍👍

## Hotel response
尊敬的宾客：感谢您的满分好评！我们非常高兴您对房间的整洁度和前台的服务感到满意，您的认可是对我们最大的鼓励。期待下次继续为您提供同样优质的入住体验！",https://hotels.ctrip.com/hotels/70492076.html
1701499945,70492076,洲至奢选杭州华夏之心酒店,ctrip,2025-10-07T16:28:55,2025-10,,9,点评达人,True,发布于浙江,家庭亲子,豪华房超大床,CN,5,超棒,Cleanliness: 5.0; Location: 5.0; Service: 5.0; Facilities: 5.0,房间宽敞舒适，早餐也很丰盛。旁边就是一个美食中心，吃饭相当方便！,,False,True,0,0,False,尊敬的宾客：感谢您的认可！很高兴您喜欢客房的宽敞舒适与丰富的早餐选择，更欣慰酒店周边的美食中心为您带来了便捷的用餐体验。我们始终致力于将便利与舒适相结合，期待下次继续为您打造更完美的入住时光！祝您探索美味，生活愉快！,2025-10-09T00:00:00,"# 洲至奢选杭州华夏之心酒店 review (Ctrip)

**Rating:** 5.0/5 ★★★★★
**Travel type:** 家庭亲子

## Review
房间宽敞舒适，早餐也很丰盛。旁边就是一个美食中心，吃饭相当方便！

## Hotel response
尊敬的宾客：感谢您的认可！很高兴您喜欢客房的宽敞舒适与丰富的早餐选择，更欣慰酒店周边的美食中心为您带来了便捷的用餐体验。我们始终致力于将便利与舒适相结合，期待下次继续为您打造更完美的入住时光！祝您探索美味，生活愉快！",https://hotels.ctrip.com/hotels/70492076.html
1734162615,70492076,洲至奢选杭州华夏之心酒店,ctrip,2025-10-29T19:48:34,2025-10,,2,点评新星,True,发布于浙江,商务出差,豪华房超大床,CN,5,超棒,Cleanliness: 5.0; Location: 5.0; Service: 5.0; Facilities: 5.0,酒店服务挺细致的 房间的特殊要求也有满足 还帮忙升级了房型,,False,True,0,0,False,尊敬的宾客：感谢您的认可！我们非常荣幸您能感受到我们的细致服务，为您妥善安排房间的特殊需求并提供房型升级更是我们应尽的诚意。您的满意是我们始终追求的目标，期待在您下次光临时，继续为您创造超越期待的入住体验！,2025-10-30T00:00:00,"# 洲至奢选杭州华夏之心酒店 review (Ctrip)

**Rating:** 5.0/5 ★★★★★
**Travel type:** 商务出差

## Review
酒店服务挺细致的 房间的特殊要求也有满足 还帮忙升级了房型

## Hotel response
尊敬的宾客：感谢您的认可！我们非常荣幸您能感受到我们的细致服务，为您妥善安排房间的特殊需求并提供房型升级更是我们应尽的诚意。您的满意是我们始终追求的目标，期待在您下次光临时，继续为您创造超越期待的入住体验！",https://hotels.ctrip.com/hotels/70492076.html
1818815239,70492076,洲至奢选杭州华夏之心酒店,ctrip,2026-01-18T16:47:21,2026-01,,4,点评新星,True,发布于浙江,家庭亲子,豪华房双床,CN,5,超棒,Cleanliness: 5.0; Location: 5.0; Service: 5.0; Facilities: 5.0,服务很好 前台ilse和sakura很热情,,False,True,0,0,False,尊敬的宾客：感谢您的认可！很高兴您对酒店服务感到满意，特别感谢您对前台 Ilse 和 Sakura 的热情表扬——她们始终以真诚笑容和专业态度为客人服务，您的鼓励已第一时间传达给她们。期待下次光临时，Ilse、Sakura与团队继续为您创造温暖如初的完美体验！,2026-01-19T00:00:00,"# 洲至奢选杭州华夏之心酒店 review (Ctrip)

**Rating:** 5.0/5 ★★★★★
**Travel type:** 家庭亲子

## Review
服务很好 前台ilse和sakura很热情

## Hotel response
尊敬的宾客：感谢您的认可！很高兴您对酒店服务感到满意，特别感谢您对前台 Ilse 和 Sakura 的热情表扬——她们始终以真诚笑容和专业态度为客人服务，您的鼓励已第一时间传达给她们。期待下次光临时，Ilse、Sakura与团队继续为您创造温暖如初的完美体验！",https://hotels.ctrip.com/hotels/70492076.html
1913690393,70492076,洲至奢选杭州华夏之心酒店,ctrip,2026-04-17T16:24:19,2026-04,,1,点评新星,True,发布于上海,商务出差,豪华房超大床,CN,5,超棒,Cleanliness: 5.0; Location: 5.0; Service: 5.0; Facilities: 5.0,服务很好 特别是礼宾关系服务部,,False,True,0,0,False,尊敬的宾客：感谢您对酒店服务的高度认可，尤其感谢您对礼宾关系服务部的特别表扬！您的满意是我们最大的动力，我们将继续以专业和热情为每一位宾客创造宾至如归的体验。期待您的下次光临！,2026-04-28T00:00:00,"# 洲至奢选杭州华夏之心酒店 review (Ctrip)

**Rating:** 5.0/5 ★★★★★
**Travel type:** 商务出差

## Review
服务很好 特别是礼宾关系服务部

## Hotel response
尊敬的宾客：感谢您对酒店服务的高度认可，尤其感谢您对礼宾关系服务部的特别表扬！您的满意是我们最大的动力，我们将继续以专业和热情为每一位宾客创造宾至如归的体验。期待您的下次光临！",https://hotels.ctrip.com/hotels/70492076.html
1284375659,70492076,洲至奢选杭州华夏之心酒店,ctrip,2024-10-07T15:28:41,2024-10,,25,点评达人,True,发布于浙江,家庭亲子,豪华房双床,CN,5,超棒,Cleanliness: 5.0; Location: 5.0; Service: 5.0; Facilities: 5.0,商务型酒店，设计有品味。酒店比较新，前台thea很贴心，看我们一家三口，升级了房型。,,False,True,0,1,False,尊敬的宾客， 您好！您的认可让我们倍感荣幸！感谢您与我们分享入住体验，很高兴您对此次入住感到满意，尤其是对同事thea的肯定让我们感到自豪。无论是商务旅行还是休闲度假，都可在洲至奢选杭州华夏之心酒店沉浸于纯正地道、体验丰富、周到细致的入住环境，开启全新奢华探享之旅。期待您的每次入住都能有新的体验，希望您再次光临！ 诚挚祝福， 洲至奢选杭州华夏之心酒店管理团队,2024-10-08T00:00:00,"# 洲至奢选杭州华夏之心酒店 review (Ctrip)

**Rating:** 5.0/5 ★★★★★
**Travel type:** 家庭亲子

## Review
商务型酒店，设计有品味。酒店比较新，前台thea很贴心，看我们一家三口，升级了房型。

## Hotel response
尊敬的宾客， 您好！您的认可让我们倍感荣幸！感谢您与我们分享入住体验，很高兴您对此次入住感到满意，尤其是对同事thea的肯定让我们感到自豪。无论是商务旅行还是休闲度假，都可在洲至奢选杭州华夏之心酒店沉浸于纯正地道、体验丰富、周到细致的入住环境，开启全新奢华探享之旅。期待您的每次入住都能有新的体验，希望您再次光临！ 诚挚祝福， 洲至奢选杭州华夏之心酒店管理团队",https://hotels.ctrip.com/hotels/70492076.html
1819985601,70492076,洲至奢选杭州华夏之心酒店,ctrip,2026-01-19T18:02:54,2026-01,,12,点评达人,True,发布于四川,朋友出游,豪华房超大床,CN,5,超棒,Cleanliness: 5.0; Location: 5.0; Service: 5.0; Facilities: 5.0,再次入住，和朋友一起，Yvan安排不错。,,False,True,0,0,False,尊敬的宾客：感谢您和朋友的再次选择！很高兴 Yvan 的周到安排能为你们的相聚时光增添美好，他的专业与细心是我们团队的骄傲。期待每一次重逢都能为您创造温暖回忆，祝您与朋友旅途欢愉，顺心如意！,2026-01-23T00:00:00,"# 洲至奢选杭州华夏之心酒店 review (Ctrip)

**Rating:** 5.0/5 ★★★★★
**Travel type:** 朋友出游

## Review
再次入住，和朋友一起，Yvan安排不错。

## Hotel response
尊敬的宾客：感谢您和朋友的再次选择！很高兴 Yvan 的周到安排能为你们的相聚时光增添美好，他的专业与细心是我们团队的骄傲。期待每一次重逢都能为您创造温暖回忆，祝您与朋友旅途欢愉，顺心如意！",https://hotels.ctrip.com/hotels/70492076.html
1767146719,70492076,洲至奢选杭州华夏之心酒店,ctrip,2025-11-30T18:12:10,2025-11,,5,点评达人,True,发布于浙江,朋友出游,豪华房超大床,CN,5,超棒,Cleanliness: 5.0; Location: 5.0; Service: 5.0; Facilities: 5.0,酒店的服务非常热情  前台的ilse小姐姐服务好,,False,True,0,0,False,尊敬的宾客：感谢您对酒店服务的认可！特别感谢您对前台Ilse的特别表扬，她的热情与专业是我们团队的骄傲，您的鼓励已第一时间传达给她。期待下次光临时，Ilse与团队继续为您提供温暖如初的完美体验！,2025-12-01T00:00:00,"# 洲至奢选杭州华夏之心酒店 review (Ctrip)

**Rating:** 5.0/5 ★★★★★
**Travel type:** 朋友出游

## Review
酒店的服务非常热情  前台的ilse小姐姐服务好

## Hotel response
尊敬的宾客：感谢您对酒店服务的认可！特别感谢您对前台Ilse的特别表扬，她的热情与专业是我们团队的骄傲，您的鼓励已第一时间传达给她。期待下次光临时，Ilse与团队继续为您提供温暖如初的完美体验！",https://hotels.ctrip.com/hotels/70492076.html
1557856995,70492076,洲至奢选杭州华夏之心酒店,ctrip,2025-06-17T10:20:21,2025-06,,2,点评新星,True,发布于浙江,商务出差,豪华房超大床,CN,5,超棒,Cleanliness: 5.0; Location: 5.0; Service: 5.0; Facilities: 5.0,余杭区这一片住着最舒服的酒店，床品很舒服，设施很新，洗护用品是BALMAIN，早餐也很丰盛。,,False,True,0,0,False,感谢您对我们酒店的厚爱和如此用心的评价！能够成为您在余杭区的“住着最舒服的酒店”，我们深感荣幸，您的认可让我们倍感温暖！期待您的再次光临，我们将继续以匠心品质为您打造更完美的入住体验！祝您生活愉快，顺心如意！,2025-06-18T00:00:00,"# 洲至奢选杭州华夏之心酒店 review (Ctrip)

**Rating:** 5.0/5 ★★★★★
**Travel type:** 商务出差

## Review
余杭区这一片住着最舒服的酒店，床品很舒服，设施很新，洗护用品是BALMAIN，早餐也很丰盛。

## Hotel response
感谢您对我们酒店的厚爱和如此用心的评价！能够成为您在余杭区的“住着最舒服的酒店”，我们深感荣幸，您的认可让我们倍感温暖！期待您的再次光临，我们将继续以匠心品质为您打造更完美的入住体验！祝您生活愉快，顺心如意！",https://hotels.ctrip.com/hotels/70492076.html
1934756987,70492076,洲至奢选杭州华夏之心酒店,ctrip,2026-05-04T16:45:24,2026-05,,34,点评专家,True,发布于浙江,家庭亲子,豪华房超大床,CN,5,超棒,Cleanliness: 5.0; Location: 5.0; Service: 5.0; Facilities: 5.0,五一带老人小孩出行，挺好的,,False,True,0,0,False,尊敬的宾客：感谢您五一期间选择我们酒店，并给予“挺好的”评价！很高兴我们能为您的家庭（老人与孩子）出行提供一份舒适与安心，您的认可对我们意义非凡。期待下次继续以更周全的服务，守护您与家人的温馨旅途！,2026-05-06T00:00:00,"# 洲至奢选杭州华夏之心酒店 review (Ctrip)

**Rating:** 5.0/5 ★★★★★
**Travel type:** 家庭亲子

## Review
五一带老人小孩出行，挺好的

## Hotel response
尊敬的宾客：感谢您五一期间选择我们酒店，并给予“挺好的”评价！很高兴我们能为您的家庭（老人与孩子）出行提供一份舒适与安心，您的认可对我们意义非凡。期待下次继续以更周全的服务，守护您与家人的温馨旅途！",https://hotels.ctrip.com/hotels/70492076.html
1107198453,70492076,洲至奢选杭州华夏之心酒店,ctrip,2024-05-05T18:12:47,2024-05,淘米麻麻,61,点评专家,False,发布于浙江,情侣出游,尊享房超大床,CN,5,超棒,Cleanliness: 5.0; Location: 5.0; Service: 5.0; Facilities: 5.0,"离未来科技交流中心很近，音乐节结束之后步行就能回酒店太方便了；酒店很新，床品舒适，洗浴间很大，洗护用品也不错，大瓶的很环保（也喜欢带走小瓶的洗护，但拿回家才知道根本不用，家里收出一堆都过期了…）早餐很不错，菜色选择不少，够吃～
隔音有点差",,False,True,1,6,False,尊敬的宾客，感谢您下榻洲至奢选杭州华夏之心酒店，并于百忙之中与我们分享您的入住体验！您对酒店的肯定和赞扬，是对我们最大的鼓励。Vignette Collection作为洲际酒店集团旗下全新奢华品牌，将意想不到的时刻注入到体验中，让宾客在每个小细节中感受到至臻奢华。希望每次入住都能令您印象深刻。我们诚意期待您的再次光临！此致敬礼洲至奢选杭州华夏之心酒店管理团队,2024-05-08T00:00:00,"# 洲至奢选杭州华夏之心酒店 review (Ctrip)

**Rating:** 5.0/5 ★★★★★
**Travel type:** 情侣出游

## Review
离未来科技交流中心很近，音乐节结束之后步行就能回酒店太方便了；酒店很新，床品舒适，洗浴间很大，洗护用品也不错，大瓶的很环保（也喜欢带走小瓶的洗护，但拿回家才知道根本不用，家里收出一堆都过期了…）早餐很不错，菜色选择不少，够吃～
隔音有点差

## Hotel response
尊敬的宾客，感谢您下榻洲至奢选杭州华夏之心酒店，并于百忙之中与我们分享您的入住体验！您对酒店的肯定和赞扬，是对我们最大的鼓励。Vignette Collection作为洲际酒店集团旗下全新奢华品牌，将意想不到的时刻注入到体验中，让宾客在每个小细节中感受到至臻奢华。希望每次入住都能令您印象深刻。我们诚意期待您的再次光临！此致敬礼洲至奢选杭州华夏之心酒店管理团队",https://hotels.ctrip.com/hotels/70492076.html
1869699975,70492076,洲至奢选杭州华夏之心酒店,ctrip,2026-03-08T19:37:26,2026-03,,4,点评新星,True,发布于浙江,家庭亲子,尊享房超大床,CN,5,超棒,Cleanliness: 5.0; Location: 5.0; Service: 5.0; Facilities: 5.0,本次入住洲至奢选体验很满意 附近吃饭距离都比较近 前台Sakura Yvan 服务很周到 推荐入住！,,False,True,1,2,False,尊敬的宾客：感谢您选择入住洲至奢选酒店并分享如此暖心的体验！您的满意是我们最大的追求，更是对团队莫大的鼓励。很高兴酒店周边便利的餐饮配套为您的探索增添了乐趣，更感谢您对 Sakura 和 Yvan 的特别表扬——他们的周到与热忱是我们团队的缩影，您的认可已第一时间传达给两位同事，她们将因您的鼓励而倍感振奋！我们已为您记录这份信任，期待下次以同样温暖的服务迎接您的归来。祝您旅途每一程皆如这次般舒心顺意！,2026-03-12T00:00:00,"# 洲至奢选杭州华夏之心酒店 review (Ctrip)

**Rating:** 5.0/5 ★★★★★
**Travel type:** 家庭亲子

## Review
本次入住洲至奢选体验很满意 附近吃饭距离都比较近 前台Sakura Yvan 服务很周到 推荐入住！

## Hotel response
尊敬的宾客：感谢您选择入住洲至奢选酒店并分享如此暖心的体验！您的满意是我们最大的追求，更是对团队莫大的鼓励。很高兴酒店周边便利的餐饮配套为您的探索增添了乐趣，更感谢您对 Sakura 和 Yvan 的特别表扬——他们的周到与热忱是我们团队的缩影，您的认可已第一时间传达给两位同事，她们将因您的鼓励而倍感振奋！我们已为您记录这份信任，期待下次以同样温暖的服务迎接您的归来。祝您旅途每一程皆如这次般舒心顺意！",https://hotels.ctrip.com/hotels/70492076.html
1600860335,70492076,洲至奢选杭州华夏之心酒店,ctrip,2025-07-21T15:31:53,2025-07,,16,点评达人,True,发布于浙江,情侣出游,豪华房超大床,CN,5,超棒,Cleanliness: 5.0; Location: 5.0; Service: 5.0; Facilities: 5.0,"卫生：非常干净，每天都有打扫
环境：很好，很安静
服务：前台小姐姐非常热情",,False,True,0,0,False,尊敬的宾客：感谢您的细致好评！很高兴您对卫生、环境及前台服务感到满意，我们将继续保持高品质标准，期待下次为您带来更完美的入住体验。祝您顺心愉快！,2025-07-23T00:00:00,"# 洲至奢选杭州华夏之心酒店 review (Ctrip)

**Rating:** 5.0/5 ★★★★★
**Travel type:** 情侣出游

## Review
卫生：非常干净，每天都有打扫
环境：很好，很安静
服务：前台小姐姐非常热情

## Hotel response
尊敬的宾客：感谢您的细致好评！很高兴您对卫生、环境及前台服务感到满意，我们将继续保持高品质标准，期待下次为您带来更完美的入住体验。祝您顺心愉快！",https://hotels.ctrip.com/hotels/70492076.html
1811449339,70492076,洲至奢选杭州华夏之心酒店,ctrip,2026-01-11T14:07:40,2026-01,,3,点评新星,True,发布于浙江,朋友出游,豪华房双床,CN,5,超棒,Cleanliness: 5.0; Location: 5.0; Service: 5.0; Facilities: 5.0,房间很好 ilse服务非常热情帮我退房,,False,True,0,0,False,尊敬的宾客：感谢您的认可！很高兴您对房间体验及Ilse的热情服务感到满意，她的专业与细致是我们团队的骄傲，您的鼓励已第一时间传达给她。期待下次光临时，Ilse与团队继续为您提供温暖如初的完美体验！,2026-01-12T00:00:00,"# 洲至奢选杭州华夏之心酒店 review (Ctrip)

**Rating:** 5.0/5 ★★★★★
**Travel type:** 朋友出游

## Review
房间很好 ilse服务非常热情帮我退房

## Hotel response
尊敬的宾客：感谢您的认可！很高兴您对房间体验及Ilse的热情服务感到满意，她的专业与细致是我们团队的骄傲，您的鼓励已第一时间传达给她。期待下次光临时，Ilse与团队继续为您提供温暖如初的完美体验！",https://hotels.ctrip.com/hotels/70492076.html
1156559127,70492076,洲至奢选杭州华夏之心酒店,ctrip,2024-06-26T15:34:43,2024-06,EmperoZero,89,点评专家,False,发布于江西,家庭亲子,豪华房超大床,CN,5,超棒,Cleanliness: 5.0; Location: 5.0; Service: 5.0; Facilities: 5.0,酒店位置很好，楼下就是EFC欧美中心和美糖广场。酒店房间的设计感很好，服务也很到位。来杭州住过很多次了，没有遇到失望的情况。,,False,True,1,3,False,尊敬的宾客， 您好！您的认可让我们倍感荣幸！感谢您与我们分享入住体验，很高兴您对此次入住感到满意。无论是商务旅行还是休闲度假，都可在洲至奢选杭州华夏之心酒店沉浸于纯正地道、体验丰富、周到细致的入住环境，开启全新奢华探享之旅。期待您的每次入住都能有新的体验，希望您再次光临！ 诚挚祝福， 洲至奢选杭州华夏之心酒店管理团队,2024-06-26T00:00:00,"# 洲至奢选杭州华夏之心酒店 review (Ctrip)

**Rating:** 5.0/5 ★★★★★
**Travel type:** 家庭亲子

## Review
酒店位置很好，楼下就是EFC欧美中心和美糖广场。酒店房间的设计感很好，服务也很到位。来杭州住过很多次了，没有遇到失望的情况。

## Hotel response
尊敬的宾客， 您好！您的认可让我们倍感荣幸！感谢您与我们分享入住体验，很高兴您对此次入住感到满意。无论是商务旅行还是休闲度假，都可在洲至奢选杭州华夏之心酒店沉浸于纯正地道、体验丰富、周到细致的入住环境，开启全新奢华探享之旅。期待您的每次入住都能有新的体验，希望您再次光临！ 诚挚祝福， 洲至奢选杭州华夏之心酒店管理团队",https://hotels.ctrip.com/hotels/70492076.html
1688301931,70492076,洲至奢选杭州华夏之心酒店,ctrip,2025-09-29T14:31:05,2025-09,,4,点评新星,True,发布于浙江,家庭亲子,豪华房超大床,CN,5,超棒,Cleanliness: 5.0; Location: 5.0; Service: 5.0; Facilities: 5.0,房间很不错，非常适合带宝宝来住，有婴儿围栏服务也很好￼￼,,False,True,0,0,False,尊敬的宾客：感谢您的认可！很高兴您和宝宝在入住期间感到舒适，婴儿围栏等亲子设施能为您提供便利是我们最大的欣慰。我们将持续优化家庭服务细节，期待下次为您和宝宝带来更温馨的体验！祝您全家旅途愉快，顺心如意！,2025-10-09T00:00:00,"# 洲至奢选杭州华夏之心酒店 review (Ctrip)

**Rating:** 5.0/5 ★★★★★
**Travel type:** 家庭亲子

## Review
房间很不错，非常适合带宝宝来住，有婴儿围栏服务也很好￼￼

## Hotel response
尊敬的宾客：感谢您的认可！很高兴您和宝宝在入住期间感到舒适，婴儿围栏等亲子设施能为您提供便利是我们最大的欣慰。我们将持续优化家庭服务细节，期待下次为您和宝宝带来更温馨的体验！祝您全家旅途愉快，顺心如意！",https://hotels.ctrip.com/hotels/70492076.html
1767039235,70492076,洲至奢选杭州华夏之心酒店,ctrip,2025-11-30T16:47:35,2025-11,,68,点评专家,True,发布于安徽,家庭亲子,豪华房双床,CN,5,超棒,Cleanliness: 5.0; Location: 5.0; Service: 5.0; Facilities: 5.0,各方面都不错，YuanThea人好，服务也好,,False,True,0,0,False,尊敬的宾客：感谢您的认可！很高兴您对酒店的整体体验感到满意，特别感谢您对 Yuan Thea 的特别表扬，她的专业服务和温暖态度是我们团队的骄傲，您的鼓励已第一时间传达给她。期待下次光临时，Yuan Thea与团队继续为您提供完美的入住体验！,2025-12-01T00:00:00,"# 洲至奢选杭州华夏之心酒店 review (Ctrip)

**Rating:** 5.0/5 ★★★★★
**Travel type:** 家庭亲子

## Review
各方面都不错，YuanThea人好，服务也好

## Hotel response
尊敬的宾客：感谢您的认可！很高兴您对酒店的整体体验感到满意，特别感谢您对 Yuan Thea 的特别表扬，她的专业服务和温暖态度是我们团队的骄傲，您的鼓励已第一时间传达给她。期待下次光临时，Yuan Thea与团队继续为您提供完美的入住体验！",https://hotels.ctrip.com/hotels/70492076.html
1619646365,70492076,洲至奢选杭州华夏之心酒店,ctrip,2025-08-04T21:36:06,2025-08,,1,点评新星,True,发布于浙江,独自旅行,豪华房超大床,CN,5,超棒,Cleanliness: 5.0; Location: 5.0; Service: 5.0; Facilities: 5.0,很安静睡的很好 前台小姐姐还给我免费升了房 临走早上还送了一个三明治,,False,True,0,0,False,尊敬的宾客：感谢您的暖心分享！很高兴您在此享受了宁静的睡眠体验，更欣慰前台小姐姐的房型升级与离店三明治能为您带来惊喜。这些细微之处的关怀，正是我们最珍视的服务初心。,2025-08-07T00:00:00,"# 洲至奢选杭州华夏之心酒店 review (Ctrip)

**Rating:** 5.0/5 ★★★★★
**Travel type:** 独自旅行

## Review
很安静睡的很好 前台小姐姐还给我免费升了房 临走早上还送了一个三明治

## Hotel response
尊敬的宾客：感谢您的暖心分享！很高兴您在此享受了宁静的睡眠体验，更欣慰前台小姐姐的房型升级与离店三明治能为您带来惊喜。这些细微之处的关怀，正是我们最珍视的服务初心。",https://hotels.ctrip.com/hotels/70492076.html
1978362889,70492076,洲至奢选杭州华夏之心酒店,ctrip,2026-06-09T14:53:23,2026-04,花开的笑声,22,点评达人,False,发布于北京,代人预订,豪华房双床,CN,5,超棒,Cleanliness: 5.0; Location: 5.0; Service: 5.0; Facilities: 5.0,给家人订的酒店！一致好评！,,False,True,0,0,False,尊敬的宾客：感谢您为家人预订我们酒店，并分享“一致好评”的喜悦！能让您的家人住得满意，是我们最大的荣幸。期待下次继续为您和您的家人提供同样温暖舒适的入住体验！,2026-06-15T00:00:00,"# 洲至奢选杭州华夏之心酒店 review (Ctrip)

**Rating:** 5.0/5 ★★★★★
**Travel type:** 代人预订

## Review
给家人订的酒店！一致好评！

## Hotel response
尊敬的宾客：感谢您为家人预订我们酒店，并分享“一致好评”的喜悦！能让您的家人住得满意，是我们最大的荣幸。期待下次继续为您和您的家人提供同样温暖舒适的入住体验！",https://hotels.ctrip.com/hotels/70492076.html
1763479781,70492076,洲至奢选杭州华夏之心酒店,ctrip,2025-11-26T21:11:43,2025-11,,12,点评达人,True,发布于上海,商务出差,豪华房超大床,CN,5,超棒,Cleanliness: 5.0; Location: 5.0; Service: 5.0; Facilities: 5.0,酒店服务很好，前台的ilse和harrey,,False,True,1,0,False,尊敬的宾客：感谢您对酒店服务的认可！特别感谢您对前台 Ilse 和 Harrey 的特别表扬，他们的热情与专业是我们团队的骄傲，您的鼓励已第一时间传达给他们。期待下次光临时，Ilse、Harrey与团队继续为您提供温暖如初的完美体验！,2025-12-01T00:00:00,"# 洲至奢选杭州华夏之心酒店 review (Ctrip)

**Rating:** 5.0/5 ★★★★★
**Travel type:** 商务出差

## Review
酒店服务很好，前台的ilse和harrey

## Hotel response
尊敬的宾客：感谢您对酒店服务的认可！特别感谢您对前台 Ilse 和 Harrey 的特别表扬，他们的热情与专业是我们团队的骄傲，您的鼓励已第一时间传达给他们。期待下次光临时，Ilse、Harrey与团队继续为您提供温暖如初的完美体验！",https://hotels.ctrip.com/hotels/70492076.html
1797122045,70492076,洲至奢选杭州华夏之心酒店,ctrip,2025-12-29T14:36:02,2025-11,,4,点评新星,True,发布于浙江,商务出差,豪华房超大床,CN,5,超棒,Cleanliness: 5.0; Location: 5.0; Service: 5.0; Facilities: 5.0,还不错，可以的床品软硬程度刚刚好，跟家里一样舒服，房间采光好且安静，特别表扬前台Tricia和Dio，笑容灿烂，很是热情，再来杭州还会选择这里,,False,True,0,0,False,台Tricia和Dio，笑容灿烂，很是热情，再来杭州还会选择这里尊敬的宾客：感谢您的真诚分享与高度认可！很高兴您对床品的舒适度、房间的采光与安静环境感到满意，更欣慰Tricia和Dio的热情笑容为您带来了温暖体验。我们始终致力于为客人打造“家外之家”的居停感受，您的表扬已第一时间传达给两位同事。期待下次再会，愿每次重逢都如归家般自在温暖！,2026-01-05T00:00:00,"# 洲至奢选杭州华夏之心酒店 review (Ctrip)

**Rating:** 5.0/5 ★★★★★
**Travel type:** 商务出差

## Review
还不错，可以的床品软硬程度刚刚好，跟家里一样舒服，房间采光好且安静，特别表扬前台Tricia和Dio，笑容灿烂，很是热情，再来杭州还会选择这里

## Hotel response
台Tricia和Dio，笑容灿烂，很是热情，再来杭州还会选择这里尊敬的宾客：感谢您的真诚分享与高度认可！很高兴您对床品的舒适度、房间的采光与安静环境感到满意，更欣慰Tricia和Dio的热情笑容为您带来了温暖体验。我们始终致力于为客人打造“家外之家”的居停感受，您的表扬已第一时间传达给两位同事。期待下次再会，愿每次重逢都如归家般自在温暖！",https://hotels.ctrip.com/hotels/70492076.html
1215239531,70492076,洲至奢选杭州华夏之心酒店,ctrip,2024-08-10T18:41:51,2024-07,,5,点评达人,True,发布于浙江,朋友出游,豪华房超大床,CN,5,超棒,Cleanliness: 5.0; Location: 5.0; Service: 5.0; Facilities: 5.0,满意的，总体来说不错，环境也可以，安静舒适，下次还是推荐的,,False,True,0,1,False,尊敬的宾客， 您好！首先，谨代表洲至奢选杭州华夏之心酒店感谢您对我们的支持，并且与我们分享您的入住体验。 很高兴得知您对此次的入住感到满意。酒店个性出众的设计风格及品质卓越的环境设施，为您缔造记忆深刻的入住体验。贴心周到的服务是我们一直追求的目标，希望洲至奢选杭州华夏之心酒店能成为您的家外之家，欢迎常回来！ 此致 敬礼 洲至奢选杭州华夏之心酒店管理团队,2024-08-12T00:00:00,"# 洲至奢选杭州华夏之心酒店 review (Ctrip)

**Rating:** 5.0/5 ★★★★★
**Travel type:** 朋友出游

## Review
满意的，总体来说不错，环境也可以，安静舒适，下次还是推荐的

## Hotel response
尊敬的宾客， 您好！首先，谨代表洲至奢选杭州华夏之心酒店感谢您对我们的支持，并且与我们分享您的入住体验。 很高兴得知您对此次的入住感到满意。酒店个性出众的设计风格及品质卓越的环境设施，为您缔造记忆深刻的入住体验。贴心周到的服务是我们一直追求的目标，希望洲至奢选杭州华夏之心酒店能成为您的家外之家，欢迎常回来！ 此致 敬礼 洲至奢选杭州华夏之心酒店管理团队",https://hotels.ctrip.com/hotels/70492076.html
1303559073,70492076,洲至奢选杭州华夏之心酒店,ctrip,2024-10-26T15:21:56,2024-10,,1,点评新星,True,发布于浙江,独自旅行,豪华房超大床,CN,5,超棒,Cleanliness: 5.0; Location: 5.0; Service: 5.0; Facilities: 5.0,"房间很大 很干净 
服务也很贴心 来的时候有些感冒 前台关照客房部多送了两瓶水和温度计到房间 
因为行程原因 想要晚一点点退房 也安排的很妥当 如果是在杭师大附近有行程的朋友很推荐这家！",,False,True,0,0,False,尊敬的宾客， 您好！首先，谨代表洲至奢选杭州华夏之心酒店感谢您对我们的支持，并且与我们分享您的入住体验。 很高兴得知您对此次的入住感到满意。酒店个性出众的设计风格及品质卓越的环境设施，为您缔造记忆深刻的入住体验。贴心周到的服务是我们一直追求的目标，希望洲至奢选杭州华夏之心酒店能成为您的家外之家，欢迎常回来！ 此致 敬礼 洲至奢选杭州华夏之心酒店管理团队,2024-10-28T00:00:00,"# 洲至奢选杭州华夏之心酒店 review (Ctrip)

**Rating:** 5.0/5 ★★★★★
**Travel type:** 独自旅行

## Review
房间很大 很干净 
服务也很贴心 来的时候有些感冒 前台关照客房部多送了两瓶水和温度计到房间 
因为行程原因 想要晚一点点退房 也安排的很妥当 如果是在杭师大附近有行程的朋友很推荐这家！

## Hotel response
尊敬的宾客， 您好！首先，谨代表洲至奢选杭州华夏之心酒店感谢您对我们的支持，并且与我们分享您的入住体验。 很高兴得知您对此次的入住感到满意。酒店个性出众的设计风格及品质卓越的环境设施，为您缔造记忆深刻的入住体验。贴心周到的服务是我们一直追求的目标，希望洲至奢选杭州华夏之心酒店能成为您的家外之家，欢迎常回来！ 此致 敬礼 洲至奢选杭州华夏之心酒店管理团队",https://hotels.ctrip.com/hotels/70492076.html
1759991457,70492076,洲至奢选杭州华夏之心酒店,ctrip,2025-11-23T15:52:15,2025-11,好日子666,5,点评达人,False,发布于浙江,商务出差,豪华房超大床,CN,5,超棒,Cleanliness: 5.0; Location: 5.0; Service: 5.0; Facilities: 5.0,"房间非常舒适 干净
所有工作人员态度都很好",,False,True,0,0,False,尊敬的宾客：感谢您的认可！很高兴您对房间的舒适度、整洁度及工作人员的服务态度感到满意，您的鼓励让我们倍感温暖。我们将继续保持高标准，期待下次为您带来更完美的入住体验！祝您生活愉快，顺心如意！,2025-11-24T00:00:00,"# 洲至奢选杭州华夏之心酒店 review (Ctrip)

**Rating:** 5.0/5 ★★★★★
**Travel type:** 商务出差

## Review
房间非常舒适 干净
所有工作人员态度都很好

## Hotel response
尊敬的宾客：感谢您的认可！很高兴您对房间的舒适度、整洁度及工作人员的服务态度感到满意，您的鼓励让我们倍感温暖。我们将继续保持高标准，期待下次为您带来更完美的入住体验！祝您生活愉快，顺心如意！",https://hotels.ctrip.com/hotels/70492076.html
1813957063,70492076,洲至奢选杭州华夏之心酒店,ctrip,2026-01-13T21:37:00,2026-01,,19,点评达人,True,发布于浙江,商务出差,豪华房超大床,CN,5,超棒,Cleanliness: 5.0; Location: 5.0; Service: 5.0; Facilities: 5.0,前台服务特别好很贴心，还送了吃的！,,False,True,0,0,False,尊敬的宾客：感谢您的认可！很高兴您对前台的贴心服务及赠送的小心意感到满意，我们始终希望能通过细致关怀为客人创造温暖体验。您的鼓励将传递给整个团队，期待下次继续为您带来更多惊喜！祝您旅途愉快，生活甜美！,2026-01-19T00:00:00,"# 洲至奢选杭州华夏之心酒店 review (Ctrip)

**Rating:** 5.0/5 ★★★★★
**Travel type:** 商务出差

## Review
前台服务特别好很贴心，还送了吃的！

## Hotel response
尊敬的宾客：感谢您的认可！很高兴您对前台的贴心服务及赠送的小心意感到满意，我们始终希望能通过细致关怀为客人创造温暖体验。您的鼓励将传递给整个团队，期待下次继续为您带来更多惊喜！祝您旅途愉快，生活甜美！",https://hotels.ctrip.com/hotels/70492076.html
1669074715,70492076,洲至奢选杭州华夏之心酒店,ctrip,2025-09-11T18:20:59,2025-09,,9,点评达人,True,发布于上海,商务出差,豪华房超大床,CN,5,超棒,Cleanliness: 5.0; Location: 5.0; Service: 5.0; Facilities: 5.0,环境不错，靠近客户非常方便。服务质量也很好，酒店服务中心的员工Derek及时联系我，告知有物品遗留在房间里，并且安排快递送还，很感谢！,,False,True,0,0,False,尊敬的宾客：感谢您的认可！很高兴酒店便利的位置和服务中心Derek的主动协助能为您的行程提供便利。守护宾客的财物是我们应尽的责任，您的感谢我们已第一时间传达给Derek。未来我们将继续以细致周到的服务守护每一位旅客，期待下次为您带来更安心的入住体验！,2025-09-15T00:00:00,"# 洲至奢选杭州华夏之心酒店 review (Ctrip)

**Rating:** 5.0/5 ★★★★★
**Travel type:** 商务出差

## Review
环境不错，靠近客户非常方便。服务质量也很好，酒店服务中心的员工Derek及时联系我，告知有物品遗留在房间里，并且安排快递送还，很感谢！

## Hotel response
尊敬的宾客：感谢您的认可！很高兴酒店便利的位置和服务中心Derek的主动协助能为您的行程提供便利。守护宾客的财物是我们应尽的责任，您的感谢我们已第一时间传达给Derek。未来我们将继续以细致周到的服务守护每一位旅客，期待下次为您带来更安心的入住体验！",https://hotels.ctrip.com/hotels/70492076.html
1752719025,70492076,洲至奢选杭州华夏之心酒店,ctrip,2025-11-16T16:21:08,2025-11,,7,点评达人,True,发布于浙江,商务出差,豪华房超大床,CN,5,超棒,Cleanliness: 5.0; Location: 5.0; Service: 5.0; Facilities: 5.0,房间干净，服务体贴，感谢Vivi和Cici,,False,True,0,0,False,尊敬的宾客：感谢您的认可！很高兴您对房间的整洁度和服务感到满意，特别感谢您对Vivi和Cici的表扬——她们始终以热情专业的态度为客人创造温暖体验，您的鼓励已第一时间传达给她们！期待下次光临时，继续为您提供宾至如归的入住时光！,2025-11-17T00:00:00,"# 洲至奢选杭州华夏之心酒店 review (Ctrip)

**Rating:** 5.0/5 ★★★★★
**Travel type:** 商务出差

## Review
房间干净，服务体贴，感谢Vivi和Cici

## Hotel response
尊敬的宾客：感谢您的认可！很高兴您对房间的整洁度和服务感到满意，特别感谢您对Vivi和Cici的表扬——她们始终以热情专业的态度为客人创造温暖体验，您的鼓励已第一时间传达给她们！期待下次光临时，继续为您提供宾至如归的入住时光！",https://hotels.ctrip.com/hotels/70492076.html
1506986003,70492076,洲至奢选杭州华夏之心酒店,ctrip,2025-05-04T22:42:11,2025-05,,20,点评达人,True,发布于上海,家庭亲子,单卧套房超大床,CN,5,超棒,Cleanliness: 5.0; Location: 5.0; Service: 5.0; Facilities: 5.0,房间够大，干净卫生，明亮舒适。员工服务周到，有求必应。早餐品种很多很丰富。值得推荐！,,False,True,0,0,False,尊敬的宾客： 您好！非常感谢您对我们酒店如此的青睐和喜爱！前进的脚步永不停歇，为了您的信赖，我们将更加坚持不懈，洲至奢选杭州华夏之心酒店 永远屹立于这个城市，等候您的来临！不见不散哦！祝：笑口常开^_^！,2025-05-06T00:00:00,"# 洲至奢选杭州华夏之心酒店 review (Ctrip)

**Rating:** 5.0/5 ★★★★★
**Travel type:** 家庭亲子

## Review
房间够大，干净卫生，明亮舒适。员工服务周到，有求必应。早餐品种很多很丰富。值得推荐！

## Hotel response
尊敬的宾客： 您好！非常感谢您对我们酒店如此的青睐和喜爱！前进的脚步永不停歇，为了您的信赖，我们将更加坚持不懈，洲至奢选杭州华夏之心酒店 永远屹立于这个城市，等候您的来临！不见不散哦！祝：笑口常开^_^！",https://hotels.ctrip.com/hotels/70492076.html
1590495647,70492076,洲至奢选杭州华夏之心酒店,ctrip,2025-07-13T20:36:04,2025-07,,32,点评专家,True,发布于浙江,商务出差,豪华房超大床,CN,5,超棒,Cleanliness: 5.0; Location: 5.0; Service: 5.0; Facilities: 5.0,携程黑钻，虽然遇到一些小插曲，但整体还是不错，Thea态度好，点赞,,False,True,0,0,False,尊敬的宾客：感谢您作为携程黑钻贵宾的认可！我们非常重视您的反馈，虽有些许不足，但很高兴Thea的专业服务为您带来了愉悦体验。您的理解与支持让我们倍感珍惜，我们将持续优化服务细节，期待下次以更完美的表现欢迎您的归来。,2025-07-15T00:00:00,"# 洲至奢选杭州华夏之心酒店 review (Ctrip)

**Rating:** 5.0/5 ★★★★★
**Travel type:** 商务出差

## Review
携程黑钻，虽然遇到一些小插曲，但整体还是不错，Thea态度好，点赞

## Hotel response
尊敬的宾客：感谢您作为携程黑钻贵宾的认可！我们非常重视您的反馈，虽有些许不足，但很高兴Thea的专业服务为您带来了愉悦体验。您的理解与支持让我们倍感珍惜，我们将持续优化服务细节，期待下次以更完美的表现欢迎您的归来。",https://hotels.ctrip.com/hotels/70492076.html
1279781193,70492076,洲至奢选杭州华夏之心酒店,ctrip,2024-10-04T15:30:44,2024-10,,2,点评新星,True,发布于浙江,家庭亲子,豪华房超大床,CN,5,超棒,Cleanliness: 5.0; Location: 5.0; Service: 5.0; Facilities: 5.0,酒店硬件设施都非常不错，值得一提的是服务人员素质都很高，谢谢ricardo帮我升级了房间，孩子们很高兴，这次入住体验很好。,,False,True,0,4,False,尊敬的宾客， 您好！您的认可让我们倍感荣幸！感谢您与我们分享入住体验，很高兴您对此次入住感到满意，尤其是对同事ricardo的肯定让我们感到自豪。无论是商务旅行还是休闲度假，都可在洲至奢选杭州华夏之心酒店沉浸于纯正地道、体验丰富、周到细致的入住环境，开启全新奢华探享之旅。期待您的每次入住都能有新的体验，希望您再次光临！ 诚挚祝福， 洲至奢选杭州华夏之心酒店管理团队,2024-10-08T00:00:00,"# 洲至奢选杭州华夏之心酒店 review (Ctrip)

**Rating:** 5.0/5 ★★★★★
**Travel type:** 家庭亲子

## Review
酒店硬件设施都非常不错，值得一提的是服务人员素质都很高，谢谢ricardo帮我升级了房间，孩子们很高兴，这次入住体验很好。

## Hotel response
尊敬的宾客， 您好！您的认可让我们倍感荣幸！感谢您与我们分享入住体验，很高兴您对此次入住感到满意，尤其是对同事ricardo的肯定让我们感到自豪。无论是商务旅行还是休闲度假，都可在洲至奢选杭州华夏之心酒店沉浸于纯正地道、体验丰富、周到细致的入住环境，开启全新奢华探享之旅。期待您的每次入住都能有新的体验，希望您再次光临！ 诚挚祝福， 洲至奢选杭州华夏之心酒店管理团队",https://hotels.ctrip.com/hotels/70492076.html
1892363159,70492076,洲至奢选杭州华夏之心酒店,ctrip,2026-03-30T15:45:34,2026-03,jesseqzj,6,点评达人,False,发布于上海,家庭亲子,豪华房超大床,CN,5,超棒,Cleanliness: 5.0; Location: 5.0; Service: 5.0; Facilities: 5.0,酒店硬件没问题，服务也很好，尤其Sakura很热情，周边逛吃购物都挺方便,,False,True,0,0,False,尊敬的宾客：感谢您的认可！很高兴酒店硬件、服务及周边便利性能让您满意，特别感谢您对Sakura热情服务的点名表扬，您的鼓励已第一时间传达给她。期待下次继续为您带来同样舒适的入住体验！,2026-03-31T00:00:00,"# 洲至奢选杭州华夏之心酒店 review (Ctrip)

**Rating:** 5.0/5 ★★★★★
**Travel type:** 家庭亲子

## Review
酒店硬件没问题，服务也很好，尤其Sakura很热情，周边逛吃购物都挺方便

## Hotel response
尊敬的宾客：感谢您的认可！很高兴酒店硬件、服务及周边便利性能让您满意，特别感谢您对Sakura热情服务的点名表扬，您的鼓励已第一时间传达给她。期待下次继续为您带来同样舒适的入住体验！",https://hotels.ctrip.com/hotels/70492076.html
1593270625,70492076,洲至奢选杭州华夏之心酒店,ctrip,2025-07-15T15:58:50,2025-07,,14,点评达人,True,发布于浙江,家庭亲子,豪华房双床,CN,5,超棒,Cleanliness: 5.0; Location: 5.0; Service: 5.0; Facilities: 5.0,酒店很不错 早餐很赞 泳池也很不错 唯一缺点就是没有宝宝浴袍,,False,True,0,0,False,尊敬的宾客：感谢您的好评！很高兴您喜欢我们的早餐和泳池设施。关于宝宝浴袍的建议我们已记录，将尽快完善亲子用品配置。为表心意，已为您账户备注“亲子礼包”：下次入住时将提前备好儿童浴袍及洗漱套装。期待很快再次为您和家人服务！,2025-07-17T00:00:00,"# 洲至奢选杭州华夏之心酒店 review (Ctrip)

**Rating:** 5.0/5 ★★★★★
**Travel type:** 家庭亲子

## Review
酒店很不错 早餐很赞 泳池也很不错 唯一缺点就是没有宝宝浴袍

## Hotel response
尊敬的宾客：感谢您的好评！很高兴您喜欢我们的早餐和泳池设施。关于宝宝浴袍的建议我们已记录，将尽快完善亲子用品配置。为表心意，已为您账户备注“亲子礼包”：下次入住时将提前备好儿童浴袍及洗漱套装。期待很快再次为您和家人服务！",https://hotels.ctrip.com/hotels/70492076.html
1522941515,70492076,洲至奢选杭州华夏之心酒店,ctrip,2025-05-17T16:43:37,2025-05,,8,点评达人,True,发布于浙江,情侣出游,豪华房超大床,CN,5,超棒,Cleanliness: 5.0; Location: 5.0; Service: 5.0; Facilities: 5.0,五一入住的 还行 就是空调房间故障了 和前台说了马上来修了 周边都是商场很舒服,,False,True,0,0,False,尊敬的宾客您好，感谢您对我们的认可，客人的每一丝需求都是我们真诚为之努力的方向。我们一定更加努力，打造五星级水准，期待下一次的出行，我们能为您创造更加完美服务。,2025-05-19T00:00:00,"# 洲至奢选杭州华夏之心酒店 review (Ctrip)

**Rating:** 5.0/5 ★★★★★
**Travel type:** 情侣出游

## Review
五一入住的 还行 就是空调房间故障了 和前台说了马上来修了 周边都是商场很舒服

## Hotel response
尊敬的宾客您好，感谢您对我们的认可，客人的每一丝需求都是我们真诚为之努力的方向。我们一定更加努力，打造五星级水准，期待下一次的出行，我们能为您创造更加完美服务。",https://hotels.ctrip.com/hotels/70492076.html
1687260975,70492076,洲至奢选杭州华夏之心酒店,ctrip,2025-09-28T14:13:36,2025-09,刘宗銘peter,24,点评达人,False,发布于浙江,独自旅行,豪华房超大床,CN,5,超棒,Cleanliness: 5.0; Location: 5.0; Service: 5.0; Facilities: 5.0,房间非常干净，服务非常好，性价比高，值得推荐,,False,True,0,0,False,尊敬的宾客：感谢您的真诚推荐！很高兴您对房间的整洁度、服务质量及性价比感到满意，这正是我们始终追求的标准。您的认可让我们倍感鼓舞，期待下次继续为您创造超值的入住体验！祝您生活愉快，顺心如意！,2025-10-09T00:00:00,"# 洲至奢选杭州华夏之心酒店 review (Ctrip)

**Rating:** 5.0/5 ★★★★★
**Travel type:** 独自旅行

## Review
房间非常干净，服务非常好，性价比高，值得推荐

## Hotel response
尊敬的宾客：感谢您的真诚推荐！很高兴您对房间的整洁度、服务质量及性价比感到满意，这正是我们始终追求的标准。您的认可让我们倍感鼓舞，期待下次继续为您创造超值的入住体验！祝您生活愉快，顺心如意！",https://hotels.ctrip.com/hotels/70492076.html
1260085043,70492076,洲至奢选杭州华夏之心酒店,ctrip,2024-09-15T15:32:05,2024-07,KoKoChae,13,点评达人,False,发布于安徽,朋友出游,单卧套房超大床,CN,5,超棒,Cleanliness: 5.0; Location: 5.0; Service: 5.0; Facilities: 5.0,挺好的呀  一直住这家,,False,True,0,1,False,尊敬的宾客， 您好！首先，谨代表洲至奢选杭州华夏之心酒店感谢您对我们的支持，并且与我们分享您的入住体验。 很高兴得知您对此次的入住感到满意。酒店个性出众的设计风格及品质卓越的环境设施，为您缔造记忆深刻的入住体验。贴心周到的服务是我们一直追求的目标，希望洲至奢选杭州华夏之心酒店能成为您的家外之家，欢迎常回来！ 此致 敬礼 洲至奢选杭州华夏之心酒店管理团队,2024-09-18T00:00:00,"# 洲至奢选杭州华夏之心酒店 review (Ctrip)

**Rating:** 5.0/5 ★★★★★
**Travel type:** 朋友出游

## Review
挺好的呀  一直住这家

## Hotel response
尊敬的宾客， 您好！首先，谨代表洲至奢选杭州华夏之心酒店感谢您对我们的支持，并且与我们分享您的入住体验。 很高兴得知您对此次的入住感到满意。酒店个性出众的设计风格及品质卓越的环境设施，为您缔造记忆深刻的入住体验。贴心周到的服务是我们一直追求的目标，希望洲至奢选杭州华夏之心酒店能成为您的家外之家，欢迎常回来！ 此致 敬礼 洲至奢选杭州华夏之心酒店管理团队",https://hotels.ctrip.com/hotels/70492076.html
1699287607,70492076,洲至奢选杭州华夏之心酒店,ctrip,2025-10-06T13:38:06,2025-10,,1,点评新星,True,发布于上海,家庭亲子,豪华房双床,CN,5,超棒,Cleanliness: 5.0; Location: 5.0; Service: 5.0; Facilities: 5.0,服务人员非常热情，五星级酒店的服务标准。很,,False,True,0,0,False,尊敬的宾客：感谢您的认可！很高兴您感受到我们秉承的五星级服务标准，热情专业的团队始终以创造超越期待的体验为使命。您的鼓励让我们倍感荣幸，期待下次以更温暖细致的态度欢迎您的归来！祝您生活愉快，顺心如意！,2025-10-09T00:00:00,"# 洲至奢选杭州华夏之心酒店 review (Ctrip)

**Rating:** 5.0/5 ★★★★★
**Travel type:** 家庭亲子

## Review
服务人员非常热情，五星级酒店的服务标准。很

## Hotel response
尊敬的宾客：感谢您的认可！很高兴您感受到我们秉承的五星级服务标准，热情专业的团队始终以创造超越期待的体验为使命。您的鼓励让我们倍感荣幸，期待下次以更温暖细致的态度欢迎您的归来！祝您生活愉快，顺心如意！",https://hotels.ctrip.com/hotels/70492076.html
1898943301,70492076,洲至奢选杭州华夏之心酒店,ctrip,2026-04-05T14:15:21,2026-04,,5,点评达人,True,发布于美国,商务出差,豪华房超大床,CN,5,超棒,Cleanliness: 5.0; Location: 5.0; Service: 5.0; Facilities: 5.0,酒店环境优雅，服务到位，餐食美味，入住体验良好，非常感谢llse和Lucas贴心的问候和周到的服务,,False,True,0,0,False,尊敬的宾客：感谢您对酒店环境、服务及餐食的认可，尤其感谢您对Ilse和Lucas贴心周到服务的特别表扬，您的满意是我们前进的动力。期待您再次光临！,2026-04-09T00:00:00,"# 洲至奢选杭州华夏之心酒店 review (Ctrip)

**Rating:** 5.0/5 ★★★★★
**Travel type:** 商务出差

## Review
酒店环境优雅，服务到位，餐食美味，入住体验良好，非常感谢llse和Lucas贴心的问候和周到的服务

## Hotel response
尊敬的宾客：感谢您对酒店环境、服务及餐食的认可，尤其感谢您对Ilse和Lucas贴心周到服务的特别表扬，您的满意是我们前进的动力。期待您再次光临！",https://hotels.ctrip.com/hotels/70492076.html
1341772933,70492076,洲至奢选杭州华夏之心酒店,ctrip,2024-12-02T20:17:59,2024-11,,1,点评新星,True,发布于北京,朋友出游,豪华房双床,CN,5,超棒,Cleanliness: 5.0; Location: 5.0; Service: 5.0; Facilities: 5.0,"房间非常舒适，服务到位！
前台和服务中心态度都很好，负责退房的小姐姐Thea很nice～
游泳池非常卫生，体验也不错！下次还会选择",,False,True,0,0,False,尊敬的宾客， 您好！您的认可让我们倍感荣幸！感谢您与我们分享入住体验，很高兴您对此次入住感到满意，尤其是对同事Thea的肯定让我们感到自豪。无论是商务旅行还是休闲度假，都可在洲至奢选杭州华夏之心酒店沉浸于纯正地道、体验丰富、周到细致的入住环境，开启全新奢华探享之旅。期待您的每次入住都能有新的体验，希望您再次光临！ 诚挚祝福， 洲至奢选杭州华夏之心酒店管理团队,2024-12-10T00:00:00,"# 洲至奢选杭州华夏之心酒店 review (Ctrip)

**Rating:** 5.0/5 ★★★★★
**Travel type:** 朋友出游

## Review
房间非常舒适，服务到位！
前台和服务中心态度都很好，负责退房的小姐姐Thea很nice～
游泳池非常卫生，体验也不错！下次还会选择

## Hotel response
尊敬的宾客， 您好！您的认可让我们倍感荣幸！感谢您与我们分享入住体验，很高兴您对此次入住感到满意，尤其是对同事Thea的肯定让我们感到自豪。无论是商务旅行还是休闲度假，都可在洲至奢选杭州华夏之心酒店沉浸于纯正地道、体验丰富、周到细致的入住环境，开启全新奢华探享之旅。期待您的每次入住都能有新的体验，希望您再次光临！ 诚挚祝福， 洲至奢选杭州华夏之心酒店管理团队",https://hotels.ctrip.com/hotels/70492076.html
1351520725,70492076,洲至奢选杭州华夏之心酒店,ctrip,2024-12-08T17:17:35,2024-12,Rainie_Luu,1,点评新星,False,发布于浙江,商务出差,豪华房超大床,CN,5,超棒,Cleanliness: 5.0; Location: 5.0; Service: 5.0; Facilities: 5.0,房间很干净，视野很好，早餐也不错，体验非常好。Thea女士最后办理的退房，态度很好，还送了小礼物。下次来余杭还会选择洲至奢选。,,False,True,0,0,False,尊敬的宾客， 您好！您的认可让我们倍感荣幸！感谢您与我们分享入住体验，很高兴您对此次入住感到满意，尤其是对同事Thea的肯定让我们感到自豪。无论是商务旅行还是休闲度假，都可在洲至奢选杭州华夏之心酒店沉浸于纯正地道、体验丰富、周到细致的入住环境，开启全新奢华探享之旅。期待您的每次入住都能有新的体验，希望您再次光临！ 诚挚祝福， 洲至奢选杭州华夏之心酒店管理团队,2024-12-10T00:00:00,"# 洲至奢选杭州华夏之心酒店 review (Ctrip)

**Rating:** 5.0/5 ★★★★★
**Travel type:** 商务出差

## Review
房间很干净，视野很好，早餐也不错，体验非常好。Thea女士最后办理的退房，态度很好，还送了小礼物。下次来余杭还会选择洲至奢选。

## Hotel response
尊敬的宾客， 您好！您的认可让我们倍感荣幸！感谢您与我们分享入住体验，很高兴您对此次入住感到满意，尤其是对同事Thea的肯定让我们感到自豪。无论是商务旅行还是休闲度假，都可在洲至奢选杭州华夏之心酒店沉浸于纯正地道、体验丰富、周到细致的入住环境，开启全新奢华探享之旅。期待您的每次入住都能有新的体验，希望您再次光临！ 诚挚祝福， 洲至奢选杭州华夏之心酒店管理团队",https://hotels.ctrip.com/hotels/70492076.html
1712377085,70492076,洲至奢选杭州华夏之心酒店,ctrip,2025-10-15T14:19:05,2025-10,,3,点评新星,True,发布于浙江,独自旅行,单卧套房超大床,CN,5,超棒,Cleanliness: 5.0; Location: 5.0; Service: 5.0; Facilities: 5.0,房间很满意，套房非常好，前台服务也很好,,False,True,0,0,False,尊敬的宾客：感谢您的认可！很高兴您对套房体验及前台服务感到满意，我们将继续保持高标准，期待下次为您带来更完美的入住时光！祝您顺心愉快！,2025-10-24T00:00:00,"# 洲至奢选杭州华夏之心酒店 review (Ctrip)

**Rating:** 5.0/5 ★★★★★
**Travel type:** 独自旅行

## Review
房间很满意，套房非常好，前台服务也很好

## Hotel response
尊敬的宾客：感谢您的认可！很高兴您对套房体验及前台服务感到满意，我们将继续保持高标准，期待下次为您带来更完美的入住时光！祝您顺心愉快！",https://hotels.ctrip.com/hotels/70492076.html
1629292771,70492076,洲至奢选杭州华夏之心酒店,ctrip,2025-08-11T16:45:28,2025-08,jinxxx0,2,点评新星,False,发布于浙江,朋友出游,豪华房超大床,CN,5,超棒,Cleanliness: 5.0; Location: 5.0; Service: 5.0; Facilities: 5.0,入住非常满意，前台服务非常棒！下次会优先选择这家,,False,True,0,0,False,尊敬的宾客：感谢您的五星好评！您的认可是我们最大的动力，特别是对前台服务的赞赏，我们已传达至整个团队。很高兴能成为您下次杭州之行的优先选择,2025-08-12T00:00:00,"# 洲至奢选杭州华夏之心酒店 review (Ctrip)

**Rating:** 5.0/5 ★★★★★
**Travel type:** 朋友出游

## Review
入住非常满意，前台服务非常棒！下次会优先选择这家

## Hotel response
尊敬的宾客：感谢您的五星好评！您的认可是我们最大的动力，特别是对前台服务的赞赏，我们已传达至整个团队。很高兴能成为您下次杭州之行的优先选择",https://hotels.ctrip.com/hotels/70492076.html
1624846135,70492076,洲至奢选杭州华夏之心酒店,ctrip,2025-08-08T15:35:46,2025-08,,15,点评达人,True,发布于浙江,家庭亲子,豪华房超大床,CN,5,超棒,Cleanliness: 5.0; Location: 5.0; Service: 5.0; Facilities: 5.0,本次来杭州最好的酒店，非常干净整洁！服务非常好！,,False,True,0,0,False,尊敬的宾客：感谢您将我们评为杭州之行的最佳酒店！您的认可是我们莫大的荣幸，很高兴您在入住期间感受到“非常干净整洁”的环境与“非常好”的服务，这正是我们始终追求的标准。期待下次相遇时，继续以满分服务为您创造美好时光！,2025-08-11T00:00:00,"# 洲至奢选杭州华夏之心酒店 review (Ctrip)

**Rating:** 5.0/5 ★★★★★
**Travel type:** 家庭亲子

## Review
本次来杭州最好的酒店，非常干净整洁！服务非常好！

## Hotel response
尊敬的宾客：感谢您将我们评为杭州之行的最佳酒店！您的认可是我们莫大的荣幸，很高兴您在入住期间感受到“非常干净整洁”的环境与“非常好”的服务，这正是我们始终追求的标准。期待下次相遇时，继续以满分服务为您创造美好时光！",https://hotels.ctrip.com/hotels/70492076.html
1970170683,70492076,洲至奢选杭州华夏之心酒店,ctrip,2026-06-02T16:12:21,2026-06,,19,点评达人,True,发布于浙江,商务出差,豪华房超大床,CN,5,超棒,Cleanliness: 5.0; Location: 5.0; Service: 5.0; Facilities: 5.0,"非常满意的一次入住！房间宽敞明亮，望出去的视野也很不错。特别表扬宾客关系部门的Shirley，和蔼可亲，专业细致，让人宾至如归！
服务",,False,True,0,0,False,尊敬的宾客：感谢您的满分好评！很高兴您对宽敞明亮的房间与开阔视野感到满意，更欣慰宾客关系部的 Shirley 以专业细致的服务让您感受到宾至如归。您的认可已第一时间传达给她，期待下次继续为您创造同样美好的入住体验！,2026-06-04T00:00:00,"# 洲至奢选杭州华夏之心酒店 review (Ctrip)

**Rating:** 5.0/5 ★★★★★
**Travel type:** 商务出差

## Review
非常满意的一次入住！房间宽敞明亮，望出去的视野也很不错。特别表扬宾客关系部门的Shirley，和蔼可亲，专业细致，让人宾至如归！
服务

## Hotel response
尊敬的宾客：感谢您的满分好评！很高兴您对宽敞明亮的房间与开阔视野感到满意，更欣慰宾客关系部的 Shirley 以专业细致的服务让您感受到宾至如归。您的认可已第一时间传达给她，期待下次继续为您创造同样美好的入住体验！",https://hotels.ctrip.com/hotels/70492076.html
1821506485,70492076,洲至奢选杭州华夏之心酒店,ctrip,2026-01-21T13:22:06,2026-01,,11,点评达人,True,发布于浙江,情侣出游,豪华房超大床,CN,5,超棒,Cleanliness: 5.0; Location: 5.0; Service: 5.0; Facilities: 5.0,及时解决问题，服务可以？,,False,True,0,0,False,尊敬的宾客：感谢您的认可！很高兴我们的服务团队能及时为您解决问题，您的满意是我们最大的动力。期待下次继续为您提供高效贴心的入住体验！祝您生活愉快，顺心如意！,2026-01-23T00:00:00,"# 洲至奢选杭州华夏之心酒店 review (Ctrip)

**Rating:** 5.0/5 ★★★★★
**Travel type:** 情侣出游

## Review
及时解决问题，服务可以？

## Hotel response
尊敬的宾客：感谢您的认可！很高兴我们的服务团队能及时为您解决问题，您的满意是我们最大的动力。期待下次继续为您提供高效贴心的入住体验！祝您生活愉快，顺心如意！",https://hotels.ctrip.com/hotels/70492076.html
1283196767,70492076,洲至奢选杭州华夏之心酒店,ctrip,2024-10-06T20:49:07,2024-10,Celinacao,9,点评达人,False,发布于上海,家庭亲子,豪华房超大床,CN,5,超棒,Cleanliness: 5.0; Location: 5.0; Service: 5.0; Facilities: 5.0,酒店设施还蛮新的，工作人员都很有礼貌。游泳池干净，还有桑拿。房间安排在11楼，隔音效果不错 房间略有点小，但不影响。酒店地处商圈内，非常方便。,,False,True,0,0,False,尊敬的宾客， 您好！首先，谨代表洲至奢选杭州华夏之心酒店感谢您对我们的支持，并且与我们分享您的入住体验。 很高兴得知您对此次的入住感到满意。酒店个性出众的设计风格及品质卓越的环境设施，为您缔造记忆深刻的入住体验。贴心周到的服务是我们一直追求的目标，希望洲至奢选杭州华夏之心酒店能成为您的家外之家，欢迎常回来！ 此致 敬礼 洲至奢选杭州华夏之心酒店管理团队,2024-10-08T00:00:00,"# 洲至奢选杭州华夏之心酒店 review (Ctrip)

**Rating:** 5.0/5 ★★★★★
**Travel type:** 家庭亲子

## Review
酒店设施还蛮新的，工作人员都很有礼貌。游泳池干净，还有桑拿。房间安排在11楼，隔音效果不错 房间略有点小，但不影响。酒店地处商圈内，非常方便。

## Hotel response
尊敬的宾客， 您好！首先，谨代表洲至奢选杭州华夏之心酒店感谢您对我们的支持，并且与我们分享您的入住体验。 很高兴得知您对此次的入住感到满意。酒店个性出众的设计风格及品质卓越的环境设施，为您缔造记忆深刻的入住体验。贴心周到的服务是我们一直追求的目标，希望洲至奢选杭州华夏之心酒店能成为您的家外之家，欢迎常回来！ 此致 敬礼 洲至奢选杭州华夏之心酒店管理团队",https://hotels.ctrip.com/hotels/70492076.html
1795546565,70492076,洲至奢选杭州华夏之心酒店,ctrip,2025-12-28T12:18:59,2025-12,圣托切瑟袁绍,13,点评达人,False,发布于浙江,独自旅行,豪华房超大床,CN,5,超棒,Cleanliness: 5.0; Location: 5.0; Service: 5.0; Facilities: 5.0,"设施：齐全
设
卫生：干净",,False,True,0,0,False,尊敬的宾客：感谢您的认可！很高兴您对酒店的设施与卫生感到满意，我们将继续保持高标准，期待下次为您带来更完美的入住体验。祝您顺心愉快！,2026-01-05T00:00:00,"# 洲至奢选杭州华夏之心酒店 review (Ctrip)

**Rating:** 5.0/5 ★★★★★
**Travel type:** 独自旅行

## Review
设施：齐全
设
卫生：干净

## Hotel response
尊敬的宾客：感谢您的认可！很高兴您对酒店的设施与卫生感到满意，我们将继续保持高标准，期待下次为您带来更完美的入住体验。祝您顺心愉快！",https://hotels.ctrip.com/hotels/70492076.html
1727204555,70492076,洲至奢选杭州华夏之心酒店,ctrip,2025-10-25T15:33:18,2025-10,John Yin,4,点评新星,False,发布于上海,朋友出游,豪华房双床,CN,5,超棒,Cleanliness: 5.0; Location: 5.0; Service: 5.0; Facilities: 5.0,非常满意 前台服务人员态度非常友善,,False,True,0,0,False,尊敬的宾客：感谢您的认可！很高兴您对前台服务感到满意，友善热情是我们始终秉持的服务标准。您的鼓励让我们倍感温暖，期待下次继续为您提供同样优质的体验！祝您生活愉快，顺心如意！,2025-10-30T00:00:00,"# 洲至奢选杭州华夏之心酒店 review (Ctrip)

**Rating:** 5.0/5 ★★★★★
**Travel type:** 朋友出游

## Review
非常满意 前台服务人员态度非常友善

## Hotel response
尊敬的宾客：感谢您的认可！很高兴您对前台服务感到满意，友善热情是我们始终秉持的服务标准。您的鼓励让我们倍感温暖，期待下次继续为您提供同样优质的体验！祝您生活愉快，顺心如意！",https://hotels.ctrip.com/hotels/70492076.html
1358399597,70492076,洲至奢选杭州华夏之心酒店,ctrip,2024-12-15T18:51:33,2024-12,,9,点评达人,True,发布于浙江,家庭亲子,豪华房超大床,CN,5,超棒,Cleanliness: 5.0; Location: 5.0; Service: 5.0; Facilities: 5.0,Conrad 和Thea 非常热情，知道有事情没办法12点退房主动帮忙给延迟退房，并且走的时候还送了小蛋糕。还会再住。,,False,True,0,0,False,尊敬的宾客， 您好！您的认可让我们倍感荣幸！感谢您与我们分享入住体验，很高兴您对此次入住感到满意，尤其是对同事Conrad 和Thea的肯定让我们感到自豪。无论是商务旅行还是休闲度假，都可在洲至奢选杭州华夏之心酒店沉浸于纯正地道、体验丰富、周到细致的入住环境，开启全新奢华探享之旅。期待您的每次入住都能有新的体验，希望您再次光临！ 诚挚祝福， 洲至奢选杭州华夏之心酒店管理团队,2024-12-17T00:00:00,"# 洲至奢选杭州华夏之心酒店 review (Ctrip)

**Rating:** 5.0/5 ★★★★★
**Travel type:** 家庭亲子

## Review
Conrad 和Thea 非常热情，知道有事情没办法12点退房主动帮忙给延迟退房，并且走的时候还送了小蛋糕。还会再住。

## Hotel response
尊敬的宾客， 您好！您的认可让我们倍感荣幸！感谢您与我们分享入住体验，很高兴您对此次入住感到满意，尤其是对同事Conrad 和Thea的肯定让我们感到自豪。无论是商务旅行还是休闲度假，都可在洲至奢选杭州华夏之心酒店沉浸于纯正地道、体验丰富、周到细致的入住环境，开启全新奢华探享之旅。期待您的每次入住都能有新的体验，希望您再次光临！ 诚挚祝福， 洲至奢选杭州华夏之心酒店管理团队",https://hotels.ctrip.com/hotels/70492076.html
1973595567,70492076,洲至奢选杭州华夏之心酒店,ctrip,2026-06-05T15:14:06,2026-06,晓风can月,63,点评专家,False,发布于浙江,商务出差,豪华房超大床,CN,5,超棒,Cleanliness: 5.0; Location: 5.0; Service: 5.0; Facilities: 5.0,房间一进去看起来就是整洁宽敞，洗漱用品用的是白瑞德的，感觉还不错。望出去的风景都是城市建筑，夜景可以。本次入住管家Shirley的服务真的很好，很细心且专业。遇到问题及时解决，考虑很周到。为本次入住体验加分，为她点赞！,,False,True,0,3,False,尊敬的宾客：感谢您的好评与细致分享！很高兴您对房间的整洁宽敞、Byredo洗漱用品以及城市景观与夜景感到满意。特别感谢您对管家 Shirley 专业、细心服务的认可与点赞——您的鼓励已第一时间传达给她，能为您本次入住体验加分，我们倍感荣幸。期待下次继续为您带来同样出色的居停时光！,2026-06-08T00:00:00,"# 洲至奢选杭州华夏之心酒店 review (Ctrip)

**Rating:** 5.0/5 ★★★★★
**Travel type:** 商务出差

## Review
房间一进去看起来就是整洁宽敞，洗漱用品用的是白瑞德的，感觉还不错。望出去的风景都是城市建筑，夜景可以。本次入住管家Shirley的服务真的很好，很细心且专业。遇到问题及时解决，考虑很周到。为本次入住体验加分，为她点赞！

## Hotel response
尊敬的宾客：感谢您的好评与细致分享！很高兴您对房间的整洁宽敞、Byredo洗漱用品以及城市景观与夜景感到满意。特别感谢您对管家 Shirley 专业、细心服务的认可与点赞——您的鼓励已第一时间传达给她，能为您本次入住体验加分，我们倍感荣幸。期待下次继续为您带来同样出色的居停时光！",https://hotels.ctrip.com/hotels/70492076.html
1985092647,70492076,洲至奢选杭州华夏之心酒店,ctrip,2026-06-15T08:30:44,2026-06,,1,点评新星,True,发布于浙江,商务出差,豪华房超大床,CN,5,超棒,Cleanliness: 5.0; Location: 5.0; Service: 5.0; Facilities: 5.0,出差入住，整体体验极佳，给到满分。酒店位置便利，房间安静舒适。前台人员Vivi服务热情，解决问题很到位，值得推荐！,,False,True,0,1,False,尊敬的宾客：感谢您的满分好评与推荐！很高兴您对酒店便利的位置、安静舒适的房间感到满意，尤其感谢您对前台 Vivi 热情服务及解决问题能力的认可。您的鼓励将激励我们继续保持高品质服务，期待下次出差继续为您提供同样极佳的入住体验！,2026-06-15T00:00:00,"# 洲至奢选杭州华夏之心酒店 review (Ctrip)

**Rating:** 5.0/5 ★★★★★
**Travel type:** 商务出差

## Review
出差入住，整体体验极佳，给到满分。酒店位置便利，房间安静舒适。前台人员Vivi服务热情，解决问题很到位，值得推荐！

## Hotel response
尊敬的宾客：感谢您的满分好评与推荐！很高兴您对酒店便利的位置、安静舒适的房间感到满意，尤其感谢您对前台 Vivi 热情服务及解决问题能力的认可。您的鼓励将激励我们继续保持高品质服务，期待下次出差继续为您提供同样极佳的入住体验！",https://hotels.ctrip.com/hotels/70492076.html
1501929333,70492076,洲至奢选杭州华夏之心酒店,ctrip,2025-04-30T17:51:26,2025-04,,3,点评新星,True,发布于浙江,家庭亲子,豪华房双床,CN,5,超棒,Cleanliness: 5.0; Location: 5.0; Service: 5.0; Facilities: 5.0,服务人员的服务态度让人感受到家的温暖，酒店早餐，设备也都很好,,False,True,0,0,False,感谢您的好评，得到您的认可是我们最大的荣幸，同时也给我们巨大的动力，让我们在今后的服务中不断提升、不断创新，期待您的再次光临，我们将竭诚为您服务,2025-05-06T00:00:00,"# 洲至奢选杭州华夏之心酒店 review (Ctrip)

**Rating:** 5.0/5 ★★★★★
**Travel type:** 家庭亲子

## Review
服务人员的服务态度让人感受到家的温暖，酒店早餐，设备也都很好

## Hotel response
感谢您的好评，得到您的认可是我们最大的荣幸，同时也给我们巨大的动力，让我们在今后的服务中不断提升、不断创新，期待您的再次光临，我们将竭诚为您服务",https://hotels.ctrip.com/hotels/70492076.html
1671340381,70492076,洲至奢选杭州华夏之心酒店,ctrip,2025-09-13T20:16:22,2025-09,,8,点评达人,True,发布于上海,商务出差,豪华房超大床,CN,5,超棒,Cleanliness: 5.0; Location: 5.0; Service: 5.0; Facilities: 5.0,很好！房间干净服务好，生日还会送蛋糕,,False,True,0,0,False,尊敬的宾客：感谢您的认可！很高兴您对房间的整洁度和服务感到满意，更欣喜我们的生日蛋糕能为您的特殊日子增添甜蜜。这份心意是我们对宾客的诚挚祝福，期待下次生日或寻常之日，都能继续为您创造温暖回忆。祝您生活愉快，岁岁欢愉！,2025-09-15T00:00:00,"# 洲至奢选杭州华夏之心酒店 review (Ctrip)

**Rating:** 5.0/5 ★★★★★
**Travel type:** 商务出差

## Review
很好！房间干净服务好，生日还会送蛋糕

## Hotel response
尊敬的宾客：感谢您的认可！很高兴您对房间的整洁度和服务感到满意，更欣喜我们的生日蛋糕能为您的特殊日子增添甜蜜。这份心意是我们对宾客的诚挚祝福，期待下次生日或寻常之日，都能继续为您创造温暖回忆。祝您生活愉快，岁岁欢愉！",https://hotels.ctrip.com/hotels/70492076.html
1542019347,70492076,洲至奢选杭州华夏之心酒店,ctrip,2025-06-03T15:24:36,2025-06,,12,点评达人,True,发布于浙江,商务出差,豪华房超大床,CN,5,超棒,Cleanliness: 5.0; Location: 5.0; Service: 5.0; Facilities: 5.0,还不错 位置和环境都很好 感谢mason的热情服务 服务很到位,,False,True,0,0,False,衷心感谢您选择入住我们酒店，并分享您的愉快体验！很高兴您对酒店的位置和环境感到满意，这是我们一直引以为豪的优势。更让我们欣喜的是，您特别提到了Mason的热情服务！他的专业与周到能得到您的认可，是对我们团队莫大的鼓舞，我们一定会将您的表扬传达给他本人。您的满意是我们前进的最大动力。期待下次光临时，能继续为您提供更温馨舒适的入住体验！,2025-06-04T00:00:00,"# 洲至奢选杭州华夏之心酒店 review (Ctrip)

**Rating:** 5.0/5 ★★★★★
**Travel type:** 商务出差

## Review
还不错 位置和环境都很好 感谢mason的热情服务 服务很到位

## Hotel response
衷心感谢您选择入住我们酒店，并分享您的愉快体验！很高兴您对酒店的位置和环境感到满意，这是我们一直引以为豪的优势。更让我们欣喜的是，您特别提到了Mason的热情服务！他的专业与周到能得到您的认可，是对我们团队莫大的鼓舞，我们一定会将您的表扬传达给他本人。您的满意是我们前进的最大动力。期待下次光临时，能继续为您提供更温馨舒适的入住体验！",https://hotels.ctrip.com/hotels/70492076.html
1649045843,70492076,洲至奢选杭州华夏之心酒店,ctrip,2025-08-25T14:57:59,2025-08,,2,点评新星,True,发布于浙江,独自旅行,豪华房超大床,CN,5,超棒,Cleanliness: 5.0; Location: 5.0; Service: 5.0; Facilities: 5.0,房间很好，前台小姐姐很热情，服务很到位,,False,True,0,0,False,尊敬的宾客：感谢您的认可！很高兴您对房间的舒适度及前台服务感到满意，我们将继续保持专业与热情，期待下次为您带来更完美的体验！祝您顺心愉快！,2025-08-27T00:00:00,"# 洲至奢选杭州华夏之心酒店 review (Ctrip)

**Rating:** 5.0/5 ★★★★★
**Travel type:** 独自旅行

## Review
房间很好，前台小姐姐很热情，服务很到位

## Hotel response
尊敬的宾客：感谢您的认可！很高兴您对房间的舒适度及前台服务感到满意，我们将继续保持专业与热情，期待下次为您带来更完美的体验！祝您顺心愉快！",https://hotels.ctrip.com/hotels/70492076.html
1900199139,70492076,洲至奢选杭州华夏之心酒店,ctrip,2026-04-06T14:01:05,2026-04,,2,点评新星,True,发布于浙江,情侣出游,豪华房超大床,CN,5,超棒,Cleanliness: 5.0; Location: 5.0; Service: 5.0; Facilities: 5.0,好 很好 非常好,,False,True,0,0,False,尊敬的宾客：感谢您的“好 很好 非常好”！这份简洁而有力的认可，是我们前行路上最温暖的动力。期待下次继续为您提供同样优质的体验！,2026-04-09T00:00:00,"# 洲至奢选杭州华夏之心酒店 review (Ctrip)

**Rating:** 5.0/5 ★★★★★
**Travel type:** 情侣出游

## Review
好 很好 非常好

## Hotel response
尊敬的宾客：感谢您的“好 很好 非常好”！这份简洁而有力的认可，是我们前行路上最温暖的动力。期待下次继续为您提供同样优质的体验！",https://hotels.ctrip.com/hotels/70492076.html
1942255745,70492076,洲至奢选杭州华夏之心酒店,ctrip,2026-05-09T17:38:03,2026-05,,5,点评达人,True,发布于浙江,独自旅行,豪华房超大床,CN,5,超棒,Cleanliness: 5.0; Location: 5.0; Service: 5.0; Facilities: 5.0,愉快的居住体验,,False,True,0,0,False,尊敬的宾客：感谢您的“愉快的居住体验”——这五个字是对我们最大的鼓励！很高兴您在这里度过了舒心时光，期待下次继续为您带来同样美好的入住感受,2026-05-13T00:00:00,"# 洲至奢选杭州华夏之心酒店 review (Ctrip)

**Rating:** 5.0/5 ★★★★★
**Travel type:** 独自旅行

## Review
愉快的居住体验

## Hotel response
尊敬的宾客：感谢您的“愉快的居住体验”——这五个字是对我们最大的鼓励！很高兴您在这里度过了舒心时光，期待下次继续为您带来同样美好的入住感受",https://hotels.ctrip.com/hotels/70492076.html
1550294197,70492076,洲至奢选杭州华夏之心酒店,ctrip,2025-06-10T14:53:39,2025-06,ccc7777777,4,点评新星,False,发布于浙江,商务出差,豪华房超大床,CN,5,超棒,Cleanliness: 5.0; Location: 5.0; Service: 5.0; Facilities: 5.0,非常感谢帮我办入住ILSE小姐姐，入住期间也得到了前台Knight和Harrey的帮助，下次来杭州还会选择入住这家酒店,,False,True,0,0,False,尊敬的宾客，衷心感谢您的信任与厚爱！特别感谢您对 ILSE、Knight 和 Harrey 三位同事的暖心认可——他们始终坚持以专业和热忱服务每位客人，您的表扬是对他们最大的鼓舞，我们已第一时间将这份荣誉传达给他们！得知您愿再次选择我们，我们深感荣幸！,2025-06-11T00:00:00,"# 洲至奢选杭州华夏之心酒店 review (Ctrip)

**Rating:** 5.0/5 ★★★★★
**Travel type:** 商务出差

## Review
非常感谢帮我办入住ILSE小姐姐，入住期间也得到了前台Knight和Harrey的帮助，下次来杭州还会选择入住这家酒店

## Hotel response
尊敬的宾客，衷心感谢您的信任与厚爱！特别感谢您对 ILSE、Knight 和 Harrey 三位同事的暖心认可——他们始终坚持以专业和热忱服务每位客人，您的表扬是对他们最大的鼓舞，我们已第一时间将这份荣誉传达给他们！得知您愿再次选择我们，我们深感荣幸！",https://hotels.ctrip.com/hotels/70492076.html
1474459909,70492076,洲至奢选杭州华夏之心酒店,ctrip,2025-04-06T15:57:53,2025-04,,15,点评达人,True,发布于浙江,情侣出游,豪华房超大床,CN,5,超棒,Cleanliness: 5.0; Location: 5.0; Service: 5.0; Facilities: 5.0,房间景色很好，床品舒服，灯光柔和，服务很好，早餐种类多，好吃！,,False,True,0,0,False,您好！感谢您选择入住我们酒店，并分享如此美好的入住体验！您的满意是我们最大的动力，读到您的评价，我们整个团队都倍感欣喜！🌅 关于房间： 很高兴您喜欢窗外的景致和精心设计的灯光氛围，我们一直希望为客人打造既舒适又浪漫的休憩空间。🛏️ 关于床品： 优质睡眠是我们的追求，得知您觉得床品舒适，我们非常欣慰！🍽️ 关于早餐： 餐饮团队会因您的夸奖而骄傲！我们坚持选用新鲜食材，用心搭配多样选择，只为开启您活力满满的一天。💐 关于服务： 您对服务的肯定是我们继续提升的温暖动力，我们会把这份鼓励传递给每一位员工！诚挚期待您的再次光临，我们将继续以匠心细节为您创造更多惊喜体验！祝您生活如窗外的风景般绚烂美好！,2025-05-06T00:00:00,"# 洲至奢选杭州华夏之心酒店 review (Ctrip)

**Rating:** 5.0/5 ★★★★★
**Travel type:** 情侣出游

## Review
房间景色很好，床品舒服，灯光柔和，服务很好，早餐种类多，好吃！

## Hotel response
您好！感谢您选择入住我们酒店，并分享如此美好的入住体验！您的满意是我们最大的动力，读到您的评价，我们整个团队都倍感欣喜！🌅 关于房间： 很高兴您喜欢窗外的景致和精心设计的灯光氛围，我们一直希望为客人打造既舒适又浪漫的休憩空间。🛏️ 关于床品： 优质睡眠是我们的追求，得知您觉得床品舒适，我们非常欣慰！🍽️ 关于早餐： 餐饮团队会因您的夸奖而骄傲！我们坚持选用新鲜食材，用心搭配多样选择，只为开启您活力满满的一天。💐 关于服务： 您对服务的肯定是我们继续提升的温暖动力，我们会把这份鼓励传递给每一位员工！诚挚期待您的再次光临，我们将继续以匠心细节为您创造更多惊喜体验！祝您生活如窗外的风景般绚烂美好！",https://hotels.ctrip.com/hotels/70492076.html
1933783757,70492076,洲至奢选杭州华夏之心酒店,ctrip,2026-05-03T20:32:56,2026-04,,8,点评达人,True,发布于上海,朋友出游,尊享房双床,CN,5,超棒,Cleanliness: 5.0; Location: 5.0; Service: 5.0; Facilities: 5.0,非常好，很舒服,,False,True,0,0,False,尊敬的宾客：感谢您的简洁好评！“非常好，很舒服”正是我们致力于为每位客人创造的入住感受。期待下次继续为您提供同样舒适满意的体验。,2026-05-06T00:00:00,"# 洲至奢选杭州华夏之心酒店 review (Ctrip)

**Rating:** 5.0/5 ★★★★★
**Travel type:** 朋友出游

## Review
非常好，很舒服

## Hotel response
尊敬的宾客：感谢您的简洁好评！“非常好，很舒服”正是我们致力于为每位客人创造的入住感受。期待下次继续为您提供同样舒适满意的体验。",https://hotels.ctrip.com/hotels/70492076.html
1609895033,70492076,洲至奢选杭州华夏之心酒店,ctrip,2025-07-28T14:56:58,2025-07,,19,点评达人,True,发布于浙江,商务出差,奢享房超大床,CN,5,超棒,Cleanliness: 5.0; Location: 5.0; Service: 5.0; Facilities: 5.0,洲际旗下，服务品质都没得说，前台也很热情,,False,True,0,0,False,尊敬的宾客：感谢您对洲际品牌及我们团队的信任与认可！作为洲际酒店集团的一员，我们始终以国际化的服务标准为荣，很高兴您能感受到这份品质。尤其感谢您对前台热情的特别表扬——这已传达至全体员工，我们将继续以专业和热忱打造宾至如归的体验。期待下次以同样出色的服务欢迎您的归来！,2025-08-04T00:00:00,"# 洲至奢选杭州华夏之心酒店 review (Ctrip)

**Rating:** 5.0/5 ★★★★★
**Travel type:** 商务出差

## Review
洲际旗下，服务品质都没得说，前台也很热情

## Hotel response
尊敬的宾客：感谢您对洲际品牌及我们团队的信任与认可！作为洲际酒店集团的一员，我们始终以国际化的服务标准为荣，很高兴您能感受到这份品质。尤其感谢您对前台热情的特别表扬——这已传达至全体员工，我们将继续以专业和热忱打造宾至如归的体验。期待下次以同样出色的服务欢迎您的归来！",https://hotels.ctrip.com/hotels/70492076.html
1924278949,70492076,洲至奢选杭州华夏之心酒店,ctrip,2026-04-26T14:17:46,2026-04,,4,点评新星,True,发布于浙江,情侣出游,豪华房双床,CN,5,超棒,Cleanliness: 5.0; Location: 5.0; Service: 5.0; Facilities: 5.0,服务到位 不错,,False,True,0,0,False,尊敬的宾客：感谢您的认可！很高兴我们的服务能为您带来满意的体验，您的鼓励是我们前进的动力。期待下次继续为您提供优质服务！,2026-04-28T00:00:00,"# 洲至奢选杭州华夏之心酒店 review (Ctrip)

**Rating:** 5.0/5 ★★★★★
**Travel type:** 情侣出游

## Review
服务到位 不错

## Hotel response
尊敬的宾客：感谢您的认可！很高兴我们的服务能为您带来满意的体验，您的鼓励是我们前进的动力。期待下次继续为您提供优质服务！",https://hotels.ctrip.com/hotels/70492076.html
1810532945,70492076,洲至奢选杭州华夏之心酒店,ctrip,2026-01-10T14:31:27,2025-11,emberlin,11,点评达人,False,发布于浙江,代人预订,豪华房超大床,CN,5,超棒,Cleanliness: 5.0; Location: 5.0; Service: 5.0; Facilities: 5.0,给客户定的，靠公司很近。,,False,True,0,0,False,感谢您选择我们酒店作为差旅之选！很高兴酒店便捷的位置能为您的出行与工作带来便利，期待您的客户拥有舒适的入住体验。若后续有其他需求，欢迎随时与我们联系。祝您业务顺利，顺心如意！,2026-01-12T00:00:00,"# 洲至奢选杭州华夏之心酒店 review (Ctrip)

**Rating:** 5.0/5 ★★★★★
**Travel type:** 代人预订

## Review
给客户定的，靠公司很近。

## Hotel response
感谢您选择我们酒店作为差旅之选！很高兴酒店便捷的位置能为您的出行与工作带来便利，期待您的客户拥有舒适的入住体验。若后续有其他需求，欢迎随时与我们联系。祝您业务顺利，顺心如意！",https://hotels.ctrip.com/hotels/70492076.html
1241319951,70492076,洲至奢选杭州华夏之心酒店,ctrip,2024-08-28T16:12:00,2024-08,,1,点评新星,True,发布于浙江,商务出差,奢享房超大床,CN,5,超棒,Cleanliness: 5.0; Location: 5.0; Service: 5.0; Facilities: 5.0,房间和服务都很舒服，又一次帮我升了套房，谢谢帮我办理入住的Abby，还有后续回访的小伙伴。加入了会员还有延迟到2点退房的权益，可惜一早就出门开会了，没有享受到。希望下次可以多呆一会！,,False,True,1,0,False,尊敬的宾客， 您好！首先，谨代表洲至奢选杭州华夏之心酒店感谢您对我们的支持，并且与我们分享您的入住体验。 很高兴得知您对此次的入住感到满意。酒店个性出众的设计风格及品质卓越的环境设施，为您缔造记忆深刻的入住体验。贴心周到的服务是我们一直追求的目标，希望每位贵宾都享受到宾至如归的体验。 我们诚意期待您的再次光临！ 此致 敬礼 洲至奢选杭州华夏之心酒店管理团队,2024-08-28T00:00:00,"# 洲至奢选杭州华夏之心酒店 review (Ctrip)

**Rating:** 5.0/5 ★★★★★
**Travel type:** 商务出差

## Review
房间和服务都很舒服，又一次帮我升了套房，谢谢帮我办理入住的Abby，还有后续回访的小伙伴。加入了会员还有延迟到2点退房的权益，可惜一早就出门开会了，没有享受到。希望下次可以多呆一会！

## Hotel response
尊敬的宾客， 您好！首先，谨代表洲至奢选杭州华夏之心酒店感谢您对我们的支持，并且与我们分享您的入住体验。 很高兴得知您对此次的入住感到满意。酒店个性出众的设计风格及品质卓越的环境设施，为您缔造记忆深刻的入住体验。贴心周到的服务是我们一直追求的目标，希望每位贵宾都享受到宾至如归的体验。 我们诚意期待您的再次光临！ 此致 敬礼 洲至奢选杭州华夏之心酒店管理团队",https://hotels.ctrip.com/hotels/70492076.html
1212634739,70492076,洲至奢选杭州华夏之心酒店,ctrip,2024-08-08T23:26:56,2024-08,,7,点评达人,True,发布于山东,家庭亲子,豪华房超大床,CN,5,超棒,Cleanliness: 5.0; Location: 5.0; Service: 5.0; Facilities: 5.0,房间宽敞、干净卫生，设施齐全崭新，服务热情周到，入住有免费的地下停车位，停车后有专门的waiter引导，酒店考虑的很周全，忘了拍照，比较遗憾,,False,True,0,0,False,尊敬的宾客，感谢您下榻洲至奢选杭州华夏之心酒店，并于百忙之中与我们分享您的入住体验！您对酒店的肯定和赞扬，是对我们最大的鼓励。Vignette Collection作为洲际酒店集团旗下全新奢华品牌，将意想不到的时刻注入到体验中，让宾客在每个小细节中感受到至臻奢华。希望每次入住都能令您印象深刻。我们诚意期待您的再次光临！此致敬礼洲至奢选杭州华夏之心酒店管理团队,2024-08-09T00:00:00,"# 洲至奢选杭州华夏之心酒店 review (Ctrip)

**Rating:** 5.0/5 ★★★★★
**Travel type:** 家庭亲子

## Review
房间宽敞、干净卫生，设施齐全崭新，服务热情周到，入住有免费的地下停车位，停车后有专门的waiter引导，酒店考虑的很周全，忘了拍照，比较遗憾

## Hotel response
尊敬的宾客，感谢您下榻洲至奢选杭州华夏之心酒店，并于百忙之中与我们分享您的入住体验！您对酒店的肯定和赞扬，是对我们最大的鼓励。Vignette Collection作为洲际酒店集团旗下全新奢华品牌，将意想不到的时刻注入到体验中，让宾客在每个小细节中感受到至臻奢华。希望每次入住都能令您印象深刻。我们诚意期待您的再次光临！此致敬礼洲至奢选杭州华夏之心酒店管理团队",https://hotels.ctrip.com/hotels/70492076.html
1107223891,70492076,洲至奢选杭州华夏之心酒店,ctrip,2024-05-05T18:40:42,2024-05,,1,点评新星,True,发布于上海,其他,豪华房超大床,CN,5,超棒,Cleanliness: 5.0; Location: 5.0; Service: 5.0; Facilities: 5.0,"新酒店，房间的硬件和细节都做的很不错，单从硬件来说不比一些老牌奢店差，属于是越级体验。感应式按钮很贴心，住酒店真的得优先选这种新建或者新翻修的，有时候老牌酒店只是名气大，很多功能都老旧的。客房清洁干净工整，还提供了翌日天气的贴心提醒。早餐种类很丰富，前台小姐姐和门童BEN很贴心。希望后续可以加入扫码验证核销停车费的功能。
总体来说是超越同级别的选择，希望店家保持这一水平，下次再来！",,False,True,0,0,False,尊敬的宾客， 您好！您的认可让我们倍感荣幸！感谢您与我们分享入住体验，很高兴您对此次入住感到满意，尤其是对前台同事以及Ben的肯定让我们感到自豪。无论是商务旅行还是休闲度假，都可在洲至奢选杭州华夏之心酒店沉浸于纯正地道、体验丰富、周到细致的入住环境，开启全新奢华探享之旅。期待您的每次入住都能有新的体验，希望您再次光临！ 诚挚祝福， 洲至奢选杭州华夏之心酒店管理团队,2024-05-08T00:00:00,"# 洲至奢选杭州华夏之心酒店 review (Ctrip)

**Rating:** 5.0/5 ★★★★★
**Travel type:** 其他

## Review
新酒店，房间的硬件和细节都做的很不错，单从硬件来说不比一些老牌奢店差，属于是越级体验。感应式按钮很贴心，住酒店真的得优先选这种新建或者新翻修的，有时候老牌酒店只是名气大，很多功能都老旧的。客房清洁干净工整，还提供了翌日天气的贴心提醒。早餐种类很丰富，前台小姐姐和门童BEN很贴心。希望后续可以加入扫码验证核销停车费的功能。
总体来说是超越同级别的选择，希望店家保持这一水平，下次再来！

## Hotel response
尊敬的宾客， 您好！您的认可让我们倍感荣幸！感谢您与我们分享入住体验，很高兴您对此次入住感到满意，尤其是对前台同事以及Ben的肯定让我们感到自豪。无论是商务旅行还是休闲度假，都可在洲至奢选杭州华夏之心酒店沉浸于纯正地道、体验丰富、周到细致的入住环境，开启全新奢华探享之旅。期待您的每次入住都能有新的体验，希望您再次光临！ 诚挚祝福， 洲至奢选杭州华夏之心酒店管理团队",https://hotels.ctrip.com/hotels/70492076.html
1686268163,70492076,洲至奢选杭州华夏之心酒店,ctrip,2025-09-27T14:25:27,2025-09,,2,点评新星,True,发布于浙江,独自旅行,豪华房超大床,CN,5,超棒,Cleanliness: 5.0; Location: 5.0; Service: 5.0; Facilities: 5.0,前台同事Ilse和Sakura服务非常热情，酒店设施设备都不错，下次还会入住。,,False,True,0,1,False,尊敬的宾客：感谢您对Ilse和Sakura的特别认可！她们的热情服务是我们团队的骄傲，您的鼓励已第一时间传达给她们。很高兴酒店设施也为您带来了舒适体验。期待很快与您重逢，祝您生活愉快！,2025-10-09T00:00:00,"# 洲至奢选杭州华夏之心酒店 review (Ctrip)

**Rating:** 5.0/5 ★★★★★
**Travel type:** 独自旅行

## Review
前台同事Ilse和Sakura服务非常热情，酒店设施设备都不错，下次还会入住。

## Hotel response
尊敬的宾客：感谢您对Ilse和Sakura的特别认可！她们的热情服务是我们团队的骄傲，您的鼓励已第一时间传达给她们。很高兴酒店设施也为您带来了舒适体验。期待很快与您重逢，祝您生活愉快！",https://hotels.ctrip.com/hotels/70492076.html
1603423637,70492076,洲至奢选杭州华夏之心酒店,ctrip,2025-07-23T14:12:15,2025-07,,5,点评达人,True,发布于浙江,独自旅行,豪华房超大床,CN,5,超棒,Cleanliness: 5.0; Location: 5.0; Service: 5.0; Facilities: 5.0,前台很友善 服务很好 房间也特别干净,,False,True,0,0,False,尊敬的宾客：感谢您的认可！很高兴您对前台的友善服务和客房的整洁度感到满意，我们将继续保持高品质标准，期待下次为您带来更完美的入住体验。祝您顺心愉快！,2025-07-25T00:00:00,"# 洲至奢选杭州华夏之心酒店 review (Ctrip)

**Rating:** 5.0/5 ★★★★★
**Travel type:** 独自旅行

## Review
前台很友善 服务很好 房间也特别干净

## Hotel response
尊敬的宾客：感谢您的认可！很高兴您对前台的友善服务和客房的整洁度感到满意，我们将继续保持高品质标准，期待下次为您带来更完美的入住体验。祝您顺心愉快！",https://hotels.ctrip.com/hotels/70492076.html
1826240511,70492076,洲至奢选杭州华夏之心酒店,ctrip,2026-01-26T08:49:36,2026-01,野原新之助、,15,点评达人,False,发布于浙江,独自旅行,豪华房超大床,CN,5,超棒,Cleanliness: 5.0; Location: 5.0; Service: 5.0; Facilities: 5.0,房间大，性价比极高,,False,True,0,0,False,尊敬的宾客：感谢您的认可！很高兴您对房间的宽敞度和性价比感到满意，这正是我们始终追求的核心价值之一。您的肯定让我们倍感鼓舞，期待下次继续为您提供超值的入住体验！祝您生活愉快，顺心如意！,2026-02-24T00:00:00,"# 洲至奢选杭州华夏之心酒店 review (Ctrip)

**Rating:** 5.0/5 ★★★★★
**Travel type:** 独自旅行

## Review
房间大，性价比极高

## Hotel response
尊敬的宾客：感谢您的认可！很高兴您对房间的宽敞度和性价比感到满意，这正是我们始终追求的核心价值之一。您的肯定让我们倍感鼓舞，期待下次继续为您提供超值的入住体验！祝您生活愉快，顺心如意！",https://hotels.ctrip.com/hotels/70492076.html
939894415,70492076,洲至奢选杭州华夏之心酒店,ctrip,2023-10-02T15:39:42,2023-10,明天就想退休,7,点评达人,False,发布于浙江,家庭亲子,豪华房双床,CN,5,超棒,Cleanliness: 5.0; Location: 5.0; Service: 5.0; Facilities: 5.0,来看亚运会的，离航师大仓前校区很近，硬件很好，很新。游泳池很标准很干净更衣室很干净还有很桑拿和小按摩池，救生衣很热情指导我游泳姿势。健身房太赞了什么都有，龙门架跑步机椭圆机单车哑铃推肩战绳......性价比极高，早餐很好吃品种好多，以后来西溪可以住这里,,False,True,1,12,False,尊敬的宾客， 您好！首先，谨代表杭州科技城康得思酒店感谢您对我们的支持，并且与我们分享您的入住体验。 很高兴得知您对此次的入住感到满意。我们将恪守挚心服务以及挚诚慷慨的待客之道，希望每位贵宾都享受到宾至如归的体验。希望杭州科技城康得思酒店能成为您的家外之家，欢迎常回来！ 此致 敬礼 杭州科技城康得思酒店管理团队,2023-10-09T00:00:00,"# 洲至奢选杭州华夏之心酒店 review (Ctrip)

**Rating:** 5.0/5 ★★★★★
**Travel type:** 家庭亲子

## Review
来看亚运会的，离航师大仓前校区很近，硬件很好，很新。游泳池很标准很干净更衣室很干净还有很桑拿和小按摩池，救生衣很热情指导我游泳姿势。健身房太赞了什么都有，龙门架跑步机椭圆机单车哑铃推肩战绳......性价比极高，早餐很好吃品种好多，以后来西溪可以住这里

## Hotel response
尊敬的宾客， 您好！首先，谨代表杭州科技城康得思酒店感谢您对我们的支持，并且与我们分享您的入住体验。 很高兴得知您对此次的入住感到满意。我们将恪守挚心服务以及挚诚慷慨的待客之道，希望每位贵宾都享受到宾至如归的体验。希望杭州科技城康得思酒店能成为您的家外之家，欢迎常回来！ 此致 敬礼 杭州科技城康得思酒店管理团队",https://hotels.ctrip.com/hotels/70492076.html
1570392521,70492076,洲至奢选杭州华夏之心酒店,ctrip,2025-06-28T07:49:05,2025-06,,2,点评新星,True,发布于上海,商务出差,豪华房双床,CN,5,超棒,Cleanliness: 5.0; Location: 5.0; Service: 5.0; Facilities: 5.0,挺干净设施也不错，房间小了点，其他挺好,,False,True,0,0,False,尊敬的宾客：感谢您的反馈！我们很高兴您对酒店的卫生和设施感到满意，我们将持续努力提升每一位客人的入住体验。若今后有任何需要，欢迎随时联系我们的服务团队。,2025-06-30T00:00:00,"# 洲至奢选杭州华夏之心酒店 review (Ctrip)

**Rating:** 5.0/5 ★★★★★
**Travel type:** 商务出差

## Review
挺干净设施也不错，房间小了点，其他挺好

## Hotel response
尊敬的宾客：感谢您的反馈！我们很高兴您对酒店的卫生和设施感到满意，我们将持续努力提升每一位客人的入住体验。若今后有任何需要，欢迎随时联系我们的服务团队。",https://hotels.ctrip.com/hotels/70492076.html
1629240343,70492076,洲至奢选杭州华夏之心酒店,ctrip,2025-08-11T16:11:50,2025-08,田赟ty,8,点评达人,False,发布于河南,商务出差,单卧套房超大床,CN,5,超棒,Cleanliness: 5.0; Location: 5.0; Service: 5.0; Facilities: 5.0,入住的很满意，下次来杭州还会选择,,False,True,0,0,False,尊敬的宾客：感谢您的信赖与支持！很高兴您在此度过满意时光，更荣幸能成为您杭州之行的“固定选择”。愿每次重逢都如老友相聚般温暖，祝您旅途始终顺遂！,2025-08-11T00:00:00,"# 洲至奢选杭州华夏之心酒店 review (Ctrip)

**Rating:** 5.0/5 ★★★★★
**Travel type:** 商务出差

## Review
入住的很满意，下次来杭州还会选择

## Hotel response
尊敬的宾客：感谢您的信赖与支持！很高兴您在此度过满意时光，更荣幸能成为您杭州之行的“固定选择”。愿每次重逢都如老友相聚般温暖，祝您旅途始终顺遂！",https://hotels.ctrip.com/hotels/70492076.html
1141002377,70492076,洲至奢选杭州华夏之心酒店,ctrip,2024-06-10T16:08:36,2024-06,,17,点评达人,True,发布于浙江,独自旅行,豪华房超大床,CN,5,超棒,Cleanliness: 5.0; Location: 5.0; Service: 5.0; Facilities: 5.0,前台的客户经理Thea态度很不错，服务也好。但是有两点质疑，1.如今的时代为什么还会收押金，金额也不小，我住的其他五星酒店近一年未遇到过收押金情况；2.并未在退房后立刻退回押金，现在距离退房过去两小时了还没有收到退还押金。酒店是否可以随便编造理由说我破坏了什么扣我押金，为什么不当面结清。如果今天没有到账退还押金，我会向行业监管协会和政府监管部门持续投诉，直到赔偿为止。新时代的酒店还是旧时代的管理，非常不合理。,,False,True,1,0,False,尊敬的宾客，您好！首先，谨代表洲至奢选杭州华夏之心酒店感谢您对我们的支持，并且与我们分享您的入住体验。 对于您本次入住给我们的反馈，我们很重视您提出对于押金的意见和建议，我们在第一时间与您和相关部门进行沟通，您的意见和建议是我们不断改进的动力，非常感谢您对我们提出的宝贵意见。期待您再次莅临洲至奢选杭州华夏之心酒店。此致敬礼洲至奢选杭州华夏之心酒店管理团队,2024-06-12T00:00:00,"# 洲至奢选杭州华夏之心酒店 review (Ctrip)

**Rating:** 5.0/5 ★★★★★
**Travel type:** 独自旅行

## Review
前台的客户经理Thea态度很不错，服务也好。但是有两点质疑，1.如今的时代为什么还会收押金，金额也不小，我住的其他五星酒店近一年未遇到过收押金情况；2.并未在退房后立刻退回押金，现在距离退房过去两小时了还没有收到退还押金。酒店是否可以随便编造理由说我破坏了什么扣我押金，为什么不当面结清。如果今天没有到账退还押金，我会向行业监管协会和政府监管部门持续投诉，直到赔偿为止。新时代的酒店还是旧时代的管理，非常不合理。

## Hotel response
尊敬的宾客，您好！首先，谨代表洲至奢选杭州华夏之心酒店感谢您对我们的支持，并且与我们分享您的入住体验。 对于您本次入住给我们的反馈，我们很重视您提出对于押金的意见和建议，我们在第一时间与您和相关部门进行沟通，您的意见和建议是我们不断改进的动力，非常感谢您对我们提出的宝贵意见。期待您再次莅临洲至奢选杭州华夏之心酒店。此致敬礼洲至奢选杭州华夏之心酒店管理团队",https://hotels.ctrip.com/hotels/70492076.html
1617680661,70492076,洲至奢选杭州华夏之心酒店,ctrip,2025-08-03T14:35:09,2025-08,,3,点评新星,True,发布于浙江,商务出差,豪华房超大床,CN,5,超棒,Cleanliness: 5.0; Location: 5.0; Service: 5.0; Facilities: 5.0,入住体验很好，下次出差还会来这里,,False,True,0,0,False,尊敬的宾客：感谢您的认可！很高兴本次入住体验能让您满意，我们始终致力于为差旅人士提供高效舒适的服务。您的再次选择是对我们最大的鼓励。,2025-08-04T00:00:00,"# 洲至奢选杭州华夏之心酒店 review (Ctrip)

**Rating:** 5.0/5 ★★★★★
**Travel type:** 商务出差

## Review
入住体验很好，下次出差还会来这里

## Hotel response
尊敬的宾客：感谢您的认可！很高兴本次入住体验能让您满意，我们始终致力于为差旅人士提供高效舒适的服务。您的再次选择是对我们最大的鼓励。",https://hotels.ctrip.com/hotels/70492076.html
1282972465,70492076,洲至奢选杭州华夏之心酒店,ctrip,2024-10-06T17:23:40,2024-10,xP1uT0,4,点评新星,False,发布于浙江,情侣出游,豪华房超大床,CN,5,超棒,Cleanliness: 5.0; Location: 5.0; Service: 5.0; Facilities: 5.0,"设施：很好
卫生：非常干净整洁
环境：舒适
服务：很热情，晚上电视坏了也会第一时间叫工作人员上来处理",,False,True,0,0,False,尊敬的宾客， 您好！您的认可让我们倍感荣幸！感谢您与我们分享入住体验，很高兴您对此次入住感到满意，尤其是对同事thea的肯定让我们感到自豪。无论是商务旅行还是休闲度假，都可在洲至奢选杭州华夏之心酒店沉浸于纯正地道、体验丰富、周到细致的入住环境，开启全新奢华探享之旅。期待您的每次入住都能有新的体验，希望您再次光临！ 诚挚祝福， 洲至奢选杭州华夏之心酒店管理团队,2024-10-08T00:00:00,"# 洲至奢选杭州华夏之心酒店 review (Ctrip)

**Rating:** 5.0/5 ★★★★★
**Travel type:** 情侣出游

## Review
设施：很好
卫生：非常干净整洁
环境：舒适
服务：很热情，晚上电视坏了也会第一时间叫工作人员上来处理

## Hotel response
尊敬的宾客， 您好！您的认可让我们倍感荣幸！感谢您与我们分享入住体验，很高兴您对此次入住感到满意，尤其是对同事thea的肯定让我们感到自豪。无论是商务旅行还是休闲度假，都可在洲至奢选杭州华夏之心酒店沉浸于纯正地道、体验丰富、周到细致的入住环境，开启全新奢华探享之旅。期待您的每次入住都能有新的体验，希望您再次光临！ 诚挚祝福， 洲至奢选杭州华夏之心酒店管理团队",https://hotels.ctrip.com/hotels/70492076.html
1333518513,70492076,洲至奢选杭州华夏之心酒店,ctrip,2024-11-24T15:29:31,2024-11,LOCALHLSY,48,点评专家,False,发布于河北,商务出差,豪华房超大床,CN,5,超棒,Cleanliness: 5.0; Location: 5.0; Service: 5.0; Facilities: 5.0,"“工作人员lvy态度亲切，专业高效，办理入住手续迅速且周到，让我在旅途的疲惫中感到了一丝温暖。”
“酒店服务真周到，还升了房型，让我倍感温馨。”
“服务细致入微，问题秒回，下次旅行还会选这家。”
“酒店工作人员lvy还为我提供了很多周边的旅游信息和建议，让我的旅行更加顺利和丰富多彩。”",,False,True,0,0,False,尊敬的宾客， 您好！您的认可让我们倍感荣幸！感谢您与我们分享入住体验，很高兴您对此次入住感到满意，尤其是对同事lvy的肯定让我们感到自豪。无论是商务旅行还是休闲度假，都可在洲至奢选杭州华夏之心酒店沉浸于纯正地道、体验丰富、周到细致的入住环境，开启全新奢华探享之旅。期待您的每次入住都能有新的体验，希望您再次光临！ 诚挚祝福， 洲至奢选杭州华夏之心酒店管理团队,2024-11-25T00:00:00,"# 洲至奢选杭州华夏之心酒店 review (Ctrip)

**Rating:** 5.0/5 ★★★★★
**Travel type:** 商务出差

## Review
“工作人员lvy态度亲切，专业高效，办理入住手续迅速且周到，让我在旅途的疲惫中感到了一丝温暖。”
“酒店服务真周到，还升了房型，让我倍感温馨。”
“服务细致入微，问题秒回，下次旅行还会选这家。”
“酒店工作人员lvy还为我提供了很多周边的旅游信息和建议，让我的旅行更加顺利和丰富多彩。”

## Hotel response
尊敬的宾客， 您好！您的认可让我们倍感荣幸！感谢您与我们分享入住体验，很高兴您对此次入住感到满意，尤其是对同事lvy的肯定让我们感到自豪。无论是商务旅行还是休闲度假，都可在洲至奢选杭州华夏之心酒店沉浸于纯正地道、体验丰富、周到细致的入住环境，开启全新奢华探享之旅。期待您的每次入住都能有新的体验，希望您再次光临！ 诚挚祝福， 洲至奢选杭州华夏之心酒店管理团队",https://hotels.ctrip.com/hotels/70492076.html
1611317779,70492076,洲至奢选杭州华夏之心酒店,ctrip,2025-07-29T15:25:19,2025-07,,6,点评达人,True,发布于山东,情侣出游,豪华房超大床,CN,5,超棒,Cleanliness: 5.0; Location: 5.0; Service: 5.0; Facilities: 5.0,工作人员热心的帮忙升级到了最高层,,False,True,0,0,False,尊敬的宾客：感谢您的认可！很高兴能为您升级至高层客房，让您享受更开阔的视野与静谧的体验。您的满意是我们最大的动力，期待下次继续以贴心服务为您创造惊喜！祝您旅途愉快，顺心如意！,2025-08-04T00:00:00,"# 洲至奢选杭州华夏之心酒店 review (Ctrip)

**Rating:** 5.0/5 ★★★★★
**Travel type:** 情侣出游

## Review
工作人员热心的帮忙升级到了最高层

## Hotel response
尊敬的宾客：感谢您的认可！很高兴能为您升级至高层客房，让您享受更开阔的视野与静谧的体验。您的满意是我们最大的动力，期待下次继续以贴心服务为您创造惊喜！祝您旅途愉快，顺心如意！",https://hotels.ctrip.com/hotels/70492076.html
1194645675,70492076,洲至奢选杭州华夏之心酒店,ctrip,2024-07-28T14:23:19,2024-07,,4,点评新星,True,发布于江苏,商务出差,豪华房超大床,CN,5,超棒,Cleanliness: 5.0; Location: 5.0; Service: 5.0; Facilities: 5.0,非常有性价比的酒店，超乎预期了，早餐好吃，泳池很棒，我的房型居然带了浴缸，够大，泡起来很舒服，作为一个常年住2000左右酒店的人，这个酒店非常值得推荐，而且从进门到入住，全程微笑服务，最后，非常感谢kiki，让我们住得那么舒心，你们的优秀工作，一定可以让这个酒店越来越好，棒棒棒😊😊😊,,False,True,0,4,False,尊敬的宾客， 您好！首先，谨代表洲至奢选杭州华夏之心酒店感谢您对我们的支持，并且与我们分享您的入住体验。 很高兴得知您对此次的入住感到满意。酒店个性出众的设计风格及品质卓越的环境设施，为您缔造记忆深刻的入住体验。贴心周到的服务是我们一直追求的目标，希望洲至奢选杭州华夏之心酒店能成为您的家外之家，欢迎常回来！ 此致 敬礼 洲至奢选杭州华夏之心酒店管理团队,2024-07-29T00:00:00,"# 洲至奢选杭州华夏之心酒店 review (Ctrip)

**Rating:** 5.0/5 ★★★★★
**Travel type:** 商务出差

## Review
非常有性价比的酒店，超乎预期了，早餐好吃，泳池很棒，我的房型居然带了浴缸，够大，泡起来很舒服，作为一个常年住2000左右酒店的人，这个酒店非常值得推荐，而且从进门到入住，全程微笑服务，最后，非常感谢kiki，让我们住得那么舒心，你们的优秀工作，一定可以让这个酒店越来越好，棒棒棒😊😊😊

## Hotel response
尊敬的宾客， 您好！首先，谨代表洲至奢选杭州华夏之心酒店感谢您对我们的支持，并且与我们分享您的入住体验。 很高兴得知您对此次的入住感到满意。酒店个性出众的设计风格及品质卓越的环境设施，为您缔造记忆深刻的入住体验。贴心周到的服务是我们一直追求的目标，希望洲至奢选杭州华夏之心酒店能成为您的家外之家，欢迎常回来！ 此致 敬礼 洲至奢选杭州华夏之心酒店管理团队",https://hotels.ctrip.com/hotels/70492076.html
1148079309,70492076,洲至奢选杭州华夏之心酒店,ctrip,2024-06-17T20:44:55,2024-05,,4,点评新星,True,发布于北京,商务出差,奢享房超大床,CN,5,超棒,Cleanliness: 5.0; Location: 5.0; Service: 5.0; Facilities: 5.0,酒店前台帮忙升级了房型，非常满意，离店之后发现发票和水单没有收到，致电酒店abby guo帮忙快速确定问题并重新发送，还特意致电确保我收到，给她点赞👍,,False,True,0,0,False,尊敬的宾客， 您好！您的认可让我们倍感荣幸！感谢您与我们分享入住体验，很高兴您对此次入住感到满意，尤其是对同事Abby的肯定让我们感到自豪。无论是商务旅行还是休闲度假，都可在洲至奢选杭州华夏之心酒店沉浸于纯正地道、体验丰富、周到细致的入住环境，开启全新奢华探享之旅。期待您的每次入住都能有新的体验，希望您再次光临！ 诚挚祝福， 洲至奢选杭州华夏之心酒店管理团队,2024-06-18T00:00:00,"# 洲至奢选杭州华夏之心酒店 review (Ctrip)

**Rating:** 5.0/5 ★★★★★
**Travel type:** 商务出差

## Review
酒店前台帮忙升级了房型，非常满意，离店之后发现发票和水单没有收到，致电酒店abby guo帮忙快速确定问题并重新发送，还特意致电确保我收到，给她点赞👍

## Hotel response
尊敬的宾客， 您好！您的认可让我们倍感荣幸！感谢您与我们分享入住体验，很高兴您对此次入住感到满意，尤其是对同事Abby的肯定让我们感到自豪。无论是商务旅行还是休闲度假，都可在洲至奢选杭州华夏之心酒店沉浸于纯正地道、体验丰富、周到细致的入住环境，开启全新奢华探享之旅。期待您的每次入住都能有新的体验，希望您再次光临！ 诚挚祝福， 洲至奢选杭州华夏之心酒店管理团队",https://hotels.ctrip.com/hotels/70492076.html
1588860313,70492076,洲至奢选杭州华夏之心酒店,ctrip,2025-07-12T15:05:40,2025-07,,3,点评新星,True,发布于浙江,其他,奢享房超大床,CN,5,超棒,Cleanliness: 5.0; Location: 5.0; Service: 5.0; Facilities: 5.0,服务非常周到细致热情设施设备也好,,False,True,0,0,False,尊敬的宾客：感谢您的赞誉！很高兴您感受到我们周到细致的服务与完善的设施，这始终是我们对宾客的承诺。您的满意是我们前进的动力，期待下次相遇时，继续为您创造超越期待的体验！,2025-07-15T00:00:00,"# 洲至奢选杭州华夏之心酒店 review (Ctrip)

**Rating:** 5.0/5 ★★★★★
**Travel type:** 其他

## Review
服务非常周到细致热情设施设备也好

## Hotel response
尊敬的宾客：感谢您的赞誉！很高兴您感受到我们周到细致的服务与完善的设施，这始终是我们对宾客的承诺。您的满意是我们前进的动力，期待下次相遇时，继续为您创造超越期待的体验！",https://hotels.ctrip.com/hotels/70492076.html
1569032077,70492076,洲至奢选杭州华夏之心酒店,ctrip,2025-06-26T19:10:48,2025-06,,2,点评新星,True,发布于安徽,商务出差,豪华房超大床,CN,5,超棒,Cleanliness: 5.0; Location: 5.0; Service: 5.0; Facilities: 5.0,早餐很丰盛！喜欢长枕头！住的很舒服,,False,True,0,0,False,尊敬的宾客：感谢您的喜爱！很高兴您享受我们的早餐和长枕设计，这是专为提升睡眠体验准备的。您的满意是我们最大的动力，期待下次继续为您带来舒心的入住时光！,2025-06-30T00:00:00,"# 洲至奢选杭州华夏之心酒店 review (Ctrip)

**Rating:** 5.0/5 ★★★★★
**Travel type:** 商务出差

## Review
早餐很丰盛！喜欢长枕头！住的很舒服

## Hotel response
尊敬的宾客：感谢您的喜爱！很高兴您享受我们的早餐和长枕设计，这是专为提升睡眠体验准备的。您的满意是我们最大的动力，期待下次继续为您带来舒心的入住时光！",https://hotels.ctrip.com/hotels/70492076.html
1624709811,70492076,洲至奢选杭州华夏之心酒店,ctrip,2025-08-08T14:23:26,2025-08,,1,点评新星,True,发布于浙江,商务出差,豪华房超大床,CN,5,超棒,Cleanliness: 5.0; Location: 5.0; Service: 5.0; Facilities: 5.0,非常不错，房间还升级了。推荐,,False,True,0,0,False,尊敬的宾客：感谢您的推荐与认可！很高兴您对房型升级体验感到满意，我们将继续保持这份用心，期待下次为您带来更多惊喜。祝您生活愉快，旅途顺心！,2025-08-11T00:00:00,"# 洲至奢选杭州华夏之心酒店 review (Ctrip)

**Rating:** 5.0/5 ★★★★★
**Travel type:** 商务出差

## Review
非常不错，房间还升级了。推荐

## Hotel response
尊敬的宾客：感谢您的推荐与认可！很高兴您对房型升级体验感到满意，我们将继续保持这份用心，期待下次为您带来更多惊喜。祝您生活愉快，旅途顺心！",https://hotels.ctrip.com/hotels/70492076.html
1279957305,70492076,洲至奢选杭州华夏之心酒店,ctrip,2024-10-04T17:33:06,2024-10,,14,点评达人,True,发布于上海,家庭亲子,豪华房双床,CN,5,超棒,Cleanliness: 5.0; Location: 5.0; Service: 5.0; Facilities: 5.0,房间挺大，前台也很热情，尤其是IVY，很热情介绍了周围的配套商圈。下次来杭州，还会考虑这里,,False,True,0,0,False,尊敬的宾客， 您好！您的认可让我们倍感荣幸！感谢您与我们分享入住体验，很高兴您对此次入住感到满意，尤其是对同事Ivy的肯定让我们感到自豪。无论是商务旅行还是休闲度假，都可在洲至奢选杭州华夏之心酒店沉浸于纯正地道、体验丰富、周到细致的入住环境，开启全新奢华探享之旅。期待您的每次入住都能有新的体验，希望您再次光临！ 诚挚祝福， 洲至奢选杭州华夏之心酒店管理团队,2024-10-08T00:00:00,"# 洲至奢选杭州华夏之心酒店 review (Ctrip)

**Rating:** 5.0/5 ★★★★★
**Travel type:** 家庭亲子

## Review
房间挺大，前台也很热情，尤其是IVY，很热情介绍了周围的配套商圈。下次来杭州，还会考虑这里

## Hotel response
尊敬的宾客， 您好！您的认可让我们倍感荣幸！感谢您与我们分享入住体验，很高兴您对此次入住感到满意，尤其是对同事Ivy的肯定让我们感到自豪。无论是商务旅行还是休闲度假，都可在洲至奢选杭州华夏之心酒店沉浸于纯正地道、体验丰富、周到细致的入住环境，开启全新奢华探享之旅。期待您的每次入住都能有新的体验，希望您再次光临！ 诚挚祝福， 洲至奢选杭州华夏之心酒店管理团队",https://hotels.ctrip.com/hotels/70492076.html
1138982907,70492076,洲至奢选杭州华夏之心酒店,ctrip,2024-06-08T15:24:58,2024-06,,3,点评新星,True,发布于浙江,家庭亲子,豪华房双床,CN,5,超棒,Cleanliness: 5.0; Location: 5.0; Service: 5.0; Facilities: 5.0,非常非常好 thea大美女真的超级温柔 我们退房还给我儿子送人了一楼的精美蛋糕！爱了爱了 让我对杭州的第一印象都很好  过几天返程杭州还住！,,False,True,0,0,False,尊敬的宾客， 您好！您的认可让我们倍感荣幸！感谢您与我们分享入住体验，很高兴您对此次入住感到满意，尤其是对同事Thea的肯定让我们感到自豪。无论是商务旅行还是休闲度假，都可在洲至奢选杭州华夏之心酒店沉浸于纯正地道、体验丰富、周到细致的入住环境，开启全新奢华探享之旅。期待您的每次入住都能有新的体验，希望您再次光临！ 诚挚祝福， 洲至奢选杭州华夏之心酒店管理团队,2024-06-11T00:00:00,"# 洲至奢选杭州华夏之心酒店 review (Ctrip)

**Rating:** 5.0/5 ★★★★★
**Travel type:** 家庭亲子

## Review
非常非常好 thea大美女真的超级温柔 我们退房还给我儿子送人了一楼的精美蛋糕！爱了爱了 让我对杭州的第一印象都很好  过几天返程杭州还住！

## Hotel response
尊敬的宾客， 您好！您的认可让我们倍感荣幸！感谢您与我们分享入住体验，很高兴您对此次入住感到满意，尤其是对同事Thea的肯定让我们感到自豪。无论是商务旅行还是休闲度假，都可在洲至奢选杭州华夏之心酒店沉浸于纯正地道、体验丰富、周到细致的入住环境，开启全新奢华探享之旅。期待您的每次入住都能有新的体验，希望您再次光临！ 诚挚祝福， 洲至奢选杭州华夏之心酒店管理团队",https://hotels.ctrip.com/hotels/70492076.html
918163475,70492076,洲至奢选杭州华夏之心酒店,ctrip,2023-09-04T10:08:43,2023-09,,2,点评新星,True,发布于北京,商务出差,豪华房超大床,CN,5,超棒,Cleanliness: 5.0; Location: 5.0; Service: 5.0; Facilities: 5.0,"设施：非常齐全
卫生：干净整洁
环境：酒店内设施很新 比较现代化 环境舒适
服务：工作人员的服务态度很好 有需求给前台打电话解决也很及时
早餐: 中西式都有
入住首晚免费使用minibar
退房后联系酒店值班经理Alice开发票速度也非常快！好评！",,False,True,1,4,False,尊敬的宾客， 您好！首先，谨代表杭州科技城康得思酒店感谢您对我们的支持，并且与我们分享您的入住体验。 很高兴得知您对此次的入住感到满意，尤其是您对我们同事Alice的肯定让我们感到自豪。我们将恪守挚心服务以及挚诚慷慨的待客之道，希望每位贵宾都享受到宾至如归的体验。希望杭州科技城康得思酒店能成为您的家外之家，欢迎常回来！ 此致 敬礼 杭州科技城康得思酒店管理团队,2023-09-11T00:00:00,"# 洲至奢选杭州华夏之心酒店 review (Ctrip)

**Rating:** 5.0/5 ★★★★★
**Travel type:** 商务出差

## Review
设施：非常齐全
卫生：干净整洁
环境：酒店内设施很新 比较现代化 环境舒适
服务：工作人员的服务态度很好 有需求给前台打电话解决也很及时
早餐: 中西式都有
入住首晚免费使用minibar
退房后联系酒店值班经理Alice开发票速度也非常快！好评！

## Hotel response
尊敬的宾客， 您好！首先，谨代表杭州科技城康得思酒店感谢您对我们的支持，并且与我们分享您的入住体验。 很高兴得知您对此次的入住感到满意，尤其是您对我们同事Alice的肯定让我们感到自豪。我们将恪守挚心服务以及挚诚慷慨的待客之道，希望每位贵宾都享受到宾至如归的体验。希望杭州科技城康得思酒店能成为您的家外之家，欢迎常回来！ 此致 敬礼 杭州科技城康得思酒店管理团队",https://hotels.ctrip.com/hotels/70492076.html
1605770533,70492076,洲至奢选杭州华夏之心酒店,ctrip,2025-07-25T13:50:42,2025-07,,8,点评达人,True,发布于浙江,商务出差,豪华房超大床,CN,5,超棒,Cleanliness: 5.0; Location: 5.0; Service: 5.0; Facilities: 5.0,前台服务很好，入住一直都非常好,,False,True,0,0,False,尊敬的宾客：感谢您一如既往的信任与支持！很高兴每次入住都能为您提供满意的服务，尤其是前台的热情接待能为您留下深刻印象。您的长期选择是对我们最大的肯定，我们将继续以高标准为您打造宾至如归的体验。期待与您再次相见！,2025-07-28T00:00:00,"# 洲至奢选杭州华夏之心酒店 review (Ctrip)

**Rating:** 5.0/5 ★★★★★
**Travel type:** 商务出差

## Review
前台服务很好，入住一直都非常好

## Hotel response
尊敬的宾客：感谢您一如既往的信任与支持！很高兴每次入住都能为您提供满意的服务，尤其是前台的热情接待能为您留下深刻印象。您的长期选择是对我们最大的肯定，我们将继续以高标准为您打造宾至如归的体验。期待与您再次相见！",https://hotels.ctrip.com/hotels/70492076.html
1649065119,70492076,洲至奢选杭州华夏之心酒店,ctrip,2025-08-25T15:08:56,2025-08,,7,点评达人,True,发布于浙江,商务出差,豪华房超大床,CN,5,超棒,Cleanliness: 5.0; Location: 5.0; Service: 5.0; Facilities: 5.0,附近好几个商场 吃饭很方便,,False,True,0,0,False,尊敬的宾客：感谢您的认可！很高兴酒店周边的便利商圈能为您的旅程增添惬意，期待下次继续为您提供舒心便捷的入住体验！祝您逛得尽兴，生活愉快！,2025-08-27T00:00:00,"# 洲至奢选杭州华夏之心酒店 review (Ctrip)

**Rating:** 5.0/5 ★★★★★
**Travel type:** 商务出差

## Review
附近好几个商场 吃饭很方便

## Hotel response
尊敬的宾客：感谢您的认可！很高兴酒店周边的便利商圈能为您的旅程增添惬意，期待下次继续为您提供舒心便捷的入住体验！祝您逛得尽兴，生活愉快！",https://hotels.ctrip.com/hotels/70492076.html
1639274713,70492076,洲至奢选杭州华夏之心酒店,ctrip,2025-08-18T15:31:31,2025-08,,3,点评新星,True,发布于浙江,情侣出游,豪华房超大床,CN,5,超棒,Cleanliness: 5.0; Location: 5.0; Service: 5.0; Facilities: 5.0,"前台态度很好

环境也很好",,False,True,0,0,False,尊敬的宾客：感谢您的认可！很高兴您对前台服务和酒店环境感到满意，我们将继续保持高品质标准，期待下次为您带来更完美的入住体验！祝您顺心愉快！,2025-08-19T00:00:00,"# 洲至奢选杭州华夏之心酒店 review (Ctrip)

**Rating:** 5.0/5 ★★★★★
**Travel type:** 情侣出游

## Review
前台态度很好

环境也很好

## Hotel response
尊敬的宾客：感谢您的认可！很高兴您对前台服务和酒店环境感到满意，我们将继续保持高品质标准，期待下次为您带来更完美的入住体验！祝您顺心愉快！",https://hotels.ctrip.com/hotels/70492076.html
1264485047,70492076,洲至奢选杭州华夏之心酒店,ctrip,2024-09-19T16:24:30,2024-07,,8,点评达人,True,发布于浙江,商务出差,豪华房超大床,CN,5,超棒,Cleanliness: 5.0; Location: 5.0; Service: 5.0; Facilities: 5.0,"真不错
设施：真好
卫生：真不错真不错真不错真不错真不错怪我的真不错真不赖真不赖真不错真不错真不错真不错真不错真不错好我",,False,True,0,0,False,尊敬的宾客， 您好！首先，谨代表洲至奢选杭州华夏之心酒店感谢您对我们的支持，并且与我们分享您的入住体验。 很高兴得知您对此次的入住感到满意。酒店个性出众的设计风格及品质卓越的环境设施，为您缔造记忆深刻的入住体验。贴心周到的服务是我们一直追求的目标，希望洲至奢选杭州华夏之心酒店能成为您的家外之家，欢迎常回来！ 此致 敬礼 洲至奢选杭州华夏之心酒店管理团队,2024-09-24T00:00:00,"# 洲至奢选杭州华夏之心酒店 review (Ctrip)

**Rating:** 5.0/5 ★★★★★
**Travel type:** 商务出差

## Review
真不错
设施：真好
卫生：真不错真不错真不错真不错真不错怪我的真不错真不赖真不赖真不错真不错真不错真不错真不错真不错好我

## Hotel response
尊敬的宾客， 您好！首先，谨代表洲至奢选杭州华夏之心酒店感谢您对我们的支持，并且与我们分享您的入住体验。 很高兴得知您对此次的入住感到满意。酒店个性出众的设计风格及品质卓越的环境设施，为您缔造记忆深刻的入住体验。贴心周到的服务是我们一直追求的目标，希望洲至奢选杭州华夏之心酒店能成为您的家外之家，欢迎常回来！ 此致 敬礼 洲至奢选杭州华夏之心酒店管理团队",https://hotels.ctrip.com/hotels/70492076.html
1581618275,70492076,洲至奢选杭州华夏之心酒店,ctrip,2025-07-06T23:46:16,2025-07,,1,点评新星,True,发布于安徽,朋友出游,豪华房双床,CN,5,超棒,Cleanliness: 5.0; Location: 5.0; Service: 5.0; Facilities: 5.0,很干净很安静，房间很大，非常棒,,False,True,0,0,False,尊敬的宾客：感谢您的认可！我们很高兴您对房间的整洁、安静与宽敞感到满意。您的满意是我们最大的动力，期待下次继续为您提供同样优质的入住体验！祝您生活愉快！,2025-07-07T00:00:00,"# 洲至奢选杭州华夏之心酒店 review (Ctrip)

**Rating:** 5.0/5 ★★★★★
**Travel type:** 朋友出游

## Review
很干净很安静，房间很大，非常棒

## Hotel response
尊敬的宾客：感谢您的认可！我们很高兴您对房间的整洁、安静与宽敞感到满意。您的满意是我们最大的动力，期待下次继续为您提供同样优质的入住体验！祝您生活愉快！",https://hotels.ctrip.com/hotels/70492076.html
1326736117,70492076,洲至奢选杭州华夏之心酒店,ctrip,2024-11-17T15:18:58,2024-11,Kevin1423,17,点评达人,False,发布于浙江,朋友出游,豪华房超大床,CN,5,超棒,Cleanliness: 5.0; Location: 5.0; Service: 5.0; Facilities: 5.0,房间很大，设施很新，离地铁也还行，早餐也不错，是不错的体验。特别感谢前台的Thea和Ivy给予了很大的帮助，有机会会再来。,,False,True,0,0,False,尊敬的宾客， 您好！您的认可让我们倍感荣幸！感谢您与我们分享入住体验，很高兴您对此次入住感到满意，尤其是对同事Thea和Ivy的肯定让我们感到自豪。无论是商务旅行还是休闲度假，都可在洲至奢选杭州华夏之心酒店沉浸于纯正地道、体验丰富、周到细致的入住环境，开启全新奢华探享之旅。期待您的每次入住都能有新的体验，希望您再次光临！ 诚挚祝福， 洲至奢选杭州华夏之心酒店管理团队,2024-11-19T00:00:00,"# 洲至奢选杭州华夏之心酒店 review (Ctrip)

**Rating:** 5.0/5 ★★★★★
**Travel type:** 朋友出游

## Review
房间很大，设施很新，离地铁也还行，早餐也不错，是不错的体验。特别感谢前台的Thea和Ivy给予了很大的帮助，有机会会再来。

## Hotel response
尊敬的宾客， 您好！您的认可让我们倍感荣幸！感谢您与我们分享入住体验，很高兴您对此次入住感到满意，尤其是对同事Thea和Ivy的肯定让我们感到自豪。无论是商务旅行还是休闲度假，都可在洲至奢选杭州华夏之心酒店沉浸于纯正地道、体验丰富、周到细致的入住环境，开启全新奢华探享之旅。期待您的每次入住都能有新的体验，希望您再次光临！ 诚挚祝福， 洲至奢选杭州华夏之心酒店管理团队",https://hotels.ctrip.com/hotels/70492076.html
1468185485,70492076,洲至奢选杭州华夏之心酒店,ctrip,2025-03-31T15:05:20,2025-03,,46,点评专家,True,发布于浙江,商务出差,豪华房双床,CN,5,超棒,Cleanliness: 5.0; Location: 5.0; Service: 5.0; Facilities: 5.0,好的很好非常好 干净整洁卫生服务态度也很好,,False,True,0,0,False,尊敬的宾客：您好！感谢您的光临，同时也真诚感谢您对我们的喜爱和认可，您记住了在这里的美好时光让我们心里很感动，让宾客享有美好入住体验是我们义不容辞的责任，能得到您的赞许我们深感荣幸，同时我们也更有动力继续前行，希望能有更多为您服务的机会！,2025-05-06T00:00:00,"# 洲至奢选杭州华夏之心酒店 review (Ctrip)

**Rating:** 5.0/5 ★★★★★
**Travel type:** 商务出差

## Review
好的很好非常好 干净整洁卫生服务态度也很好

## Hotel response
尊敬的宾客：您好！感谢您的光临，同时也真诚感谢您对我们的喜爱和认可，您记住了在这里的美好时光让我们心里很感动，让宾客享有美好入住体验是我们义不容辞的责任，能得到您的赞许我们深感荣幸，同时我们也更有动力继续前行，希望能有更多为您服务的机会！",https://hotels.ctrip.com/hotels/70492076.html
1182162809,70492076,洲至奢选杭州华夏之心酒店,ctrip,2024-07-18T15:31:38,2024-07,做一个半出世的人,46,点评专家,False,发布于浙江,商务出差,豪华房超大床,CN,5,超棒,Cleanliness: 5.0; Location: 5.0; Service: 5.0; Facilities: 5.0,已经多次入住这家洲至奢华夏之心酒店了，每次去房间很干净，酒房间设施也很好，前台服务态度很客气，下次还会入住！,,False,True,0,0,False,尊敬的宾客，您好！首先，谨代表洲至奢选杭州华夏之心酒店感谢您对我们的支持，并且与我们分享您的入住体验。 很高兴得知您对此次的入住感到满意。酒店个性出众的设计风格及品质卓越的环境设施，为您缔造记忆深刻的入住体验。贴心周到的服务是我们一直追求的目标，希望每位贵宾都享受到宾至如归的体验。我们诚意期待您的再次光临！此致敬礼 洲至奢选杭州华夏之心酒店管理团队,2024-07-18T00:00:00,"# 洲至奢选杭州华夏之心酒店 review (Ctrip)

**Rating:** 5.0/5 ★★★★★
**Travel type:** 商务出差

## Review
已经多次入住这家洲至奢华夏之心酒店了，每次去房间很干净，酒房间设施也很好，前台服务态度很客气，下次还会入住！

## Hotel response
尊敬的宾客，您好！首先，谨代表洲至奢选杭州华夏之心酒店感谢您对我们的支持，并且与我们分享您的入住体验。 很高兴得知您对此次的入住感到满意。酒店个性出众的设计风格及品质卓越的环境设施，为您缔造记忆深刻的入住体验。贴心周到的服务是我们一直追求的目标，希望每位贵宾都享受到宾至如归的体验。我们诚意期待您的再次光临！此致敬礼 洲至奢选杭州华夏之心酒店管理团队",https://hotels.ctrip.com/hotels/70492076.html
1411398479,70492076,洲至奢选杭州华夏之心酒店,ctrip,2025-02-04T15:46:59,2025-02,,6,点评达人,True,发布于浙江,商务出差,豪华房超大床,CN,5,超棒,Cleanliness: 5.0; Location: 5.0; Service: 5.0; Facilities: 5.0,酒店服务非常好，Max 和 Joyce服务很周到。,,False,True,0,0,False,尊敬的宾客， 您好！您的认可让我们倍感荣幸！感谢您与我们分享入住体验，很高兴您对此次入住感到满意，尤其是对同事Max 和 Joyce的肯定让我们感到自豪。无论是商务旅行还是休闲度假，都可在洲至奢选杭州华夏之心酒店沉浸于纯正地道、体验丰富、周到细致的入住环境，开启全新奢华探享之旅。期待您的每次入住都能有新的体验，希望您再次光临！ 诚挚祝福， 洲至奢选杭州华夏之心酒店管理团队,2025-02-06T00:00:00,"# 洲至奢选杭州华夏之心酒店 review (Ctrip)

**Rating:** 5.0/5 ★★★★★
**Travel type:** 商务出差

## Review
酒店服务非常好，Max 和 Joyce服务很周到。

## Hotel response
尊敬的宾客， 您好！您的认可让我们倍感荣幸！感谢您与我们分享入住体验，很高兴您对此次入住感到满意，尤其是对同事Max 和 Joyce的肯定让我们感到自豪。无论是商务旅行还是休闲度假，都可在洲至奢选杭州华夏之心酒店沉浸于纯正地道、体验丰富、周到细致的入住环境，开启全新奢华探享之旅。期待您的每次入住都能有新的体验，希望您再次光临！ 诚挚祝福， 洲至奢选杭州华夏之心酒店管理团队",https://hotels.ctrip.com/hotels/70492076.html
1900262121,70492076,洲至奢选杭州华夏之心酒店,ctrip,2026-04-06T14:23:27,2026-04,水清～,2,点评新星,False,发布于上海,家庭亲子,豪华房超大床,CN,5,超棒,Cleanliness: 5.0; Location: 5.0; Service: 5.0; Facilities: 5.0,"假期的商务区酒店人少，安静，舒适。
前台Yvan，Mia服务热情，提前联系安排的很不错，有机会下次还会再选择这里入住。",,False,True,0,0,False,尊敬的宾客：感谢您选择在假期入住并分享这份静谧舒适的体验！很高兴酒店的环境能为您带来惬意，更感谢您对前台 Yvan 和 Mia 热情服务的特别认可——他们的主动联系与妥帖安排，是我们践行“宾至如归”的缩影。期待下次继续以同样的温暖迎接您的归来！,2026-04-09T00:00:00,"# 洲至奢选杭州华夏之心酒店 review (Ctrip)

**Rating:** 5.0/5 ★★★★★
**Travel type:** 家庭亲子

## Review
假期的商务区酒店人少，安静，舒适。
前台Yvan，Mia服务热情，提前联系安排的很不错，有机会下次还会再选择这里入住。

## Hotel response
尊敬的宾客：感谢您选择在假期入住并分享这份静谧舒适的体验！很高兴酒店的环境能为您带来惬意，更感谢您对前台 Yvan 和 Mia 热情服务的特别认可——他们的主动联系与妥帖安排，是我们践行“宾至如归”的缩影。期待下次继续以同样的温暖迎接您的归来！",https://hotels.ctrip.com/hotels/70492076.html
1118956123,70492076,洲至奢选杭州华夏之心酒店,ctrip,2024-05-17T14:01:38,2024-05,,3,点评新星,True,发布于浙江,家庭亲子,豪华房超大床,CN,5,超棒,Cleanliness: 5.0; Location: 5.0; Service: 5.0; Facilities: 5.0,入住非常满意，跟家人度过了愉快的周末，感谢Thea的安排，下次再来体验。,,False,True,0,2,False,尊敬的宾客， 您好！您的认可让我们倍感荣幸！感谢您与我们分享入住体验，很高兴您对此次入住感到满意，尤其是对同事Thea的肯定让我们感到自豪。无论是商务旅行还是休闲度假，都可在洲至奢选杭州华夏之心酒店沉浸于纯正地道、体验丰富、周到细致的入住环境，开启全新奢华探享之旅。期待您的每次入住都能有新的体验，希望您再次光临！ 诚挚祝福， 洲至奢选杭州华夏之心酒店管理团队,2024-05-17T00:00:00,"# 洲至奢选杭州华夏之心酒店 review (Ctrip)

**Rating:** 5.0/5 ★★★★★
**Travel type:** 家庭亲子

## Review
入住非常满意，跟家人度过了愉快的周末，感谢Thea的安排，下次再来体验。

## Hotel response
尊敬的宾客， 您好！您的认可让我们倍感荣幸！感谢您与我们分享入住体验，很高兴您对此次入住感到满意，尤其是对同事Thea的肯定让我们感到自豪。无论是商务旅行还是休闲度假，都可在洲至奢选杭州华夏之心酒店沉浸于纯正地道、体验丰富、周到细致的入住环境，开启全新奢华探享之旅。期待您的每次入住都能有新的体验，希望您再次光临！ 诚挚祝福， 洲至奢选杭州华夏之心酒店管理团队",https://hotels.ctrip.com/hotels/70492076.html
1964567317,70492076,洲至奢选杭州华夏之心酒店,ctrip,2026-05-29T15:59:53,2026-05,,6,点评达人,True,发布于浙江,商务出差,豪华房超大床,CN,5,超棒,Cleanliness: 5.0; Location: 5.0; Service: 5.0; Facilities: 5.0,房间空间大设备也都比较新，管家Shirley也很贴心的准备了欢迎水果且帮忙升了房。一次非常棒的入住体验！,,False,True,0,0,False,尊敬的宾客：感谢您分享这次“非常棒的入住体验”！很高兴您喜欢宽敞的房间与崭新的设施，更欣慰管家 Shirley 的贴心服务（欢迎水果与房型升级）能为您带来惊喜。您的认可已第一时间传达给她，期待下次继续为您创造同样愉悦的入住时光！,2026-06-01T00:00:00,"# 洲至奢选杭州华夏之心酒店 review (Ctrip)

**Rating:** 5.0/5 ★★★★★
**Travel type:** 商务出差

## Review
房间空间大设备也都比较新，管家Shirley也很贴心的准备了欢迎水果且帮忙升了房。一次非常棒的入住体验！

## Hotel response
尊敬的宾客：感谢您分享这次“非常棒的入住体验”！很高兴您喜欢宽敞的房间与崭新的设施，更欣慰管家 Shirley 的贴心服务（欢迎水果与房型升级）能为您带来惊喜。您的认可已第一时间传达给她，期待下次继续为您创造同样愉悦的入住时光！",https://hotels.ctrip.com/hotels/70492076.html
1446212951,70492076,洲至奢选杭州华夏之心酒店,ctrip,2025-03-10T19:40:44,2025-03,,4,点评新星,True,发布于浙江,商务出差,豪华房超大床,CN,5,超棒,Cleanliness: 5.0; Location: 5.0; Service: 5.0; Facilities: 5.0,房间很好，安静舒适，位置很不错，离阿里园区只要 10 分钟，旁边有 Mall，可以 IHG 积分，酒店客服 Thea 的服务态度很好,,False,True,0,0,False,尊敬的宾客， 您好！您的认可让我们倍感荣幸！感谢您与我们分享入住体验，很高兴您对此次入住感到满意，尤其是对同事THEA的肯定让我们感到自豪。无论是商务旅行还是休闲度假，都可在洲至奢选杭州华夏之心酒店沉浸于纯正地道、体验丰富、周到细致的入住环境，开启全新奢华探享之旅。期待您的每次入住都能有新的体验，希望您再次光临！ 诚挚祝福， 洲至奢选杭州华夏之心酒店管理团队,2025-03-11T00:00:00,"# 洲至奢选杭州华夏之心酒店 review (Ctrip)

**Rating:** 5.0/5 ★★★★★
**Travel type:** 商务出差

## Review
房间很好，安静舒适，位置很不错，离阿里园区只要 10 分钟，旁边有 Mall，可以 IHG 积分，酒店客服 Thea 的服务态度很好

## Hotel response
尊敬的宾客， 您好！您的认可让我们倍感荣幸！感谢您与我们分享入住体验，很高兴您对此次入住感到满意，尤其是对同事THEA的肯定让我们感到自豪。无论是商务旅行还是休闲度假，都可在洲至奢选杭州华夏之心酒店沉浸于纯正地道、体验丰富、周到细致的入住环境，开启全新奢华探享之旅。期待您的每次入住都能有新的体验，希望您再次光临！ 诚挚祝福， 洲至奢选杭州华夏之心酒店管理团队",https://hotels.ctrip.com/hotels/70492076.html
1754958301,70492076,洲至奢选杭州华夏之心酒店,ctrip,2025-11-18T14:31:30,2025-11,,13,点评达人,True,发布于浙江,朋友出游,豪华房双床,CN,5,超棒,Cleanliness: 5.0; Location: 5.0; Service: 5.0; Facilities: 5.0,环境好，服务周到,,False,True,0,0,False,尊敬的宾客：感谢您的认可！很高兴您对酒店的环境和服务感到满意，我们将继续保持高标准，期待下次为您带来更完美的入住体验！祝您顺心愉快！,2025-11-26T00:00:00,"# 洲至奢选杭州华夏之心酒店 review (Ctrip)

**Rating:** 5.0/5 ★★★★★
**Travel type:** 朋友出游

## Review
环境好，服务周到

## Hotel response
尊敬的宾客：感谢您的认可！很高兴您对酒店的环境和服务感到满意，我们将继续保持高标准，期待下次为您带来更完美的入住体验！祝您顺心愉快！",https://hotels.ctrip.com/hotels/70492076.html
1870842385,70492076,洲至奢选杭州华夏之心酒店,ctrip,2026-03-09T20:35:48,2026-03,,20,点评达人,True,发布于北京,商务出差,豪华房超大床,CN,5,超棒,Cleanliness: 5.0; Location: 5.0; Service: 5.0; Facilities: 5.0,干净整洁。,,False,True,1,0,False,尊敬的宾客：感谢您的认可！很高兴您对酒店的整洁环境感到满意，我们将继续保持高标准，期待下次为您带来更舒心的入住体验。祝您生活愉快！,2026-03-12T00:00:00,"# 洲至奢选杭州华夏之心酒店 review (Ctrip)

**Rating:** 5.0/5 ★★★★★
**Travel type:** 商务出差

## Review
干净整洁。

## Hotel response
尊敬的宾客：感谢您的认可！很高兴您对酒店的整洁环境感到满意，我们将继续保持高标准，期待下次为您带来更舒心的入住体验。祝您生活愉快！",https://hotels.ctrip.com/hotels/70492076.html
1293928321,70492076,洲至奢选杭州华夏之心酒店,ctrip,2024-10-16T17:03:08,2024-10,银河系漫游指北,48,点评专家,False,发布于江苏,独自旅行,豪华房超大床,CN,5,超棒,Cleanliness: 5.0; Location: 5.0; Service: 5.0; Facilities: 5.0,设计很好 给升了房 感谢 thea max 热情 专业 周到 点赞,,False,True,0,0,False,尊敬的宾客， 您好！您的认可让我们倍感荣幸！感谢您与我们分享入住体验，很高兴您对此次入住感到满意，尤其是对同事 Thea Max 的肯定让我们感到自豪。无论是商务旅行还是休闲度假，都可在洲至奢选杭州华夏之心酒店沉浸于纯正地道、体验丰富、周到细致的入住环境，开启全新奢华探享之旅。期待您的每次入住都能有新的体验，希望您再次光临！ 诚挚祝福， 洲至奢选杭州华夏之心酒店管理团队,2024-10-21T00:00:00,"# 洲至奢选杭州华夏之心酒店 review (Ctrip)

**Rating:** 5.0/5 ★★★★★
**Travel type:** 独自旅行

## Review
设计很好 给升了房 感谢 thea max 热情 专业 周到 点赞

## Hotel response
尊敬的宾客， 您好！您的认可让我们倍感荣幸！感谢您与我们分享入住体验，很高兴您对此次入住感到满意，尤其是对同事 Thea Max 的肯定让我们感到自豪。无论是商务旅行还是休闲度假，都可在洲至奢选杭州华夏之心酒店沉浸于纯正地道、体验丰富、周到细致的入住环境，开启全新奢华探享之旅。期待您的每次入住都能有新的体验，希望您再次光临！ 诚挚祝福， 洲至奢选杭州华夏之心酒店管理团队",https://hotels.ctrip.com/hotels/70492076.html
1190314399,70492076,洲至奢选杭州华夏之心酒店,ctrip,2024-07-25T15:29:25,2024-07,女王大人高小然,12,点评达人,False,发布于浙江,商务出差,奢享房超大床,CN,5,超棒,Cleanliness: 5.0; Location: 5.0; Service: 5.0; Facilities: 5.0,"房间很大，卫生很好，设施很先进，服务也单位，就是琢磨半天灯都怎么关。
前台的Kiki表现非常好，服务很周到。",,False,True,0,1,False,尊敬的宾客，您好！首先，谨代表洲至奢选杭州华夏之心酒店感谢您对我们的支持，并且与我们分享您的入住体验。 很高兴得知您对此次的入住感到满意。酒店个性出众的设计风格及品质卓越的环境设施，为您缔造记忆深刻的入住体验。贴心周到的服务是我们一直追求的目标，希望洲至奢选杭州华夏之心酒店能成为您的家外之家，欢迎常回来！此致敬礼洲至奢选杭州华夏之心酒店管理团队,2024-07-27T00:00:00,"# 洲至奢选杭州华夏之心酒店 review (Ctrip)

**Rating:** 5.0/5 ★★★★★
**Travel type:** 商务出差

## Review
房间很大，卫生很好，设施很先进，服务也单位，就是琢磨半天灯都怎么关。
前台的Kiki表现非常好，服务很周到。

## Hotel response
尊敬的宾客，您好！首先，谨代表洲至奢选杭州华夏之心酒店感谢您对我们的支持，并且与我们分享您的入住体验。 很高兴得知您对此次的入住感到满意。酒店个性出众的设计风格及品质卓越的环境设施，为您缔造记忆深刻的入住体验。贴心周到的服务是我们一直追求的目标，希望洲至奢选杭州华夏之心酒店能成为您的家外之家，欢迎常回来！此致敬礼洲至奢选杭州华夏之心酒店管理团队",https://hotels.ctrip.com/hotels/70492076.html
